Anir, 19
42,225
42,225
42,225
49.0,225.0
49.0,225.0
49.0,225.0
56.0,225.0
60.0,225.0
60.0,225.0
68.0,225.0
73.0,225.0
78.0,225.0
83.0,225.0
83.0,225.0
83.0,225.0
94.0,225.0
104.0,225.0
104.0,225.0
114.0,225.0
119.0,225.0
119.0,225.0
130.0,225.0
130.0,225.0
130.0,225.0
145.0,225.0
151.0,225.0
151.0,225.0
161.0,225.0
166.0,225.0
166.0,225.0
177.0,225.0
177.0,225.0
177.0,225.0
192.0,235.0
197.0,243.0
197.0,243.0
208.0,259.0
213.0,265.0
213.0,265.0
223.0,276.0
223.0,276.0
233.8223323497987,281.77025680613684
239.0,286.0
244.0,288.0
249.0,289.0
254.0,289.0
260.0,288.0
260.0,288.0
270.0,285.0
270.0,285.0
270.0,285.0
286.0,274.0
291.0,269.0
291.0,269.0
301.0,256.0
306.0,249.0
306.0,249.0
317.0,231.0
317.0,231.0
317.0,231.0
332.0,246.0
337.0,254.0
337.0,254.0
348.0,268.0
353.0,273.0
353.0,273.0
363.0,282.0
363.0,282.0
363.0,282.0
379.0,290.0
384.0,291.0
384.0,291.0
395.0,291.0
400.0,290.0
400.0,290.0
410.0,285.0
410.0,285.0
410.0,285.0
426.0,271.0
431.0,265.0
431.0,265.0
441.0,251.0
446.0,243.0
446.0,243.0
457.0,225.0
457.0,225.0
457.0,225.0
472.0,225.0
478.0,225.0
478.0,225.0
488.0,225.0
493.0,225.0
493.0,225.0
504.0,225.0
504.0,225.0
504.0,225.0
519.0,225.0
524.0,225.0
524.0,225.0
535.0,243.0
540.0,251.0
540.0,251.0
545.0,259.0
550.0,265.0
550.0,265.0
566.0,280.0
571.0,283.0
571.0,283.0
581.0,288.0
587.0,286.4496644295302
587.0,286.4496644295302
597.0,288.0
597.0,288.0
597.0,288.0
613.0,282.0
618.0,278.0
618.0,278.0
628.0,269.0
633.0,263.0
633.0,263.0
644.0,249.0
644.0,249.0
654.0,231.0
659.0,228.0
664.0,238.33089610610443
664.0,238.33089610610443
675.0,254.0
680.0,261.0
680.0,261.0
690.0,273.0
690.0,273.0
701.0,282.0
706.0,286.0
711.0,288.0
711.0,288.0
721.0,291.0
727.0,291.0
727.0,291.0
737.0,290.0
737.0,290.0
737.0,290.0
753.0,281.0
758.0,276.0
758.0,276.0
768.0,265.0
773.0,259.0
773.0,259.0
784.0,243.0
784.0,243.0
784.0,243.0
799.0,234.0
805.0,241.32545485461605
805.0,241.32545485461605
815.0,259.0
820.0,266.0
820.0,266.0
830.0,277.0
830.0,277.0
830.0,277.0
846.0,287.0
851.0,289.0
851.0,289.0
862.0,291.0
867.0,291.0
867.0,291.0
872.0,289.0
877.0,288.0
877.0,288.0
893.0,277.0
898.0,272.0
898.0,272.0
908.0,260.0
914.0,327.14092739111857
914.0,327.14092739111857
924.0,263.8909777447973
924.0,263.8909777447973
924.0,263.8909777447973
959.3092811535078,249.42258345293533
945.0,249.0
945.0,249.0
955.0,264.0
960.0,270.0
960.0,270.0
971.0,279.0
971.0,279.0
971.0,279.0
986.0,288.0
991.0,290.0
991.0,290.0
1002.0,290.0
1007.0,289.0
1012.0,288.0
1017.0,285.0
1017.0,285.0
1026.0,279.0
1033.251018515981,271.23836430195547
1037.0,269.0
1042.0,263.0
1047.0,256.0
1052.0,248.0
1058.0,240.0
1063.0,230.0
1063.0,230.0
1073.0,237.0
1078.0,246.0
1083.0,254.0
1089.0,259.29629884661745
1094.0,268.0
1099.0,273.0
1104.0,278.0
1109.0,282.0
1109.0,282.0
1120.0,288.0
1125.0,290.0
1130.0,291.0
1135.0,291.0
1141.0,291.0
1146.0,290.0
1151.0,287.0
1156.0,285.0
1162.1427846142685,276.79775161375983
1167.8022387157603,270.4122573314303
1169.1841984382174,268.8530087276058
1169.1841984382174,268.8530087276058
1169.1841984382174,268.8530087276058
1169.1841984382174,268.8530087276058
1169.1841984382174,268.8530087276058
1198.0,234.0
1203.0,225.0
1203.0,225.0
1213.0,225.0
1218.0,225.0
1224.0,225.0
1229.0,225.0
1234.0,235.0
1239.0,243.0
1244.0,251.0
1250.0,259.0
1250.0,259.0
1260.0,271.0
1265.0,276.0
1270.0,280.0
1276.0,283.0
1281.0,286.0
1286.0,288.0
1291.0,289.0
1296.0,289.0
1296.0,289.0
1307.0,287.0
1312.0,285.0
1317.0,282.0
1322.0,278.0
1327.0,274.0
1333.0,269.0
1338.0,263.0
1343.0,256.0
1343.0,256.0
1353.0,240.0
1359.0,231.0
1364.0,228.0
1369.0,238.44139364321927
1374.0,246.0
1379.0,254.0
1384.0,261.0
1390.0,268.0
1390.0,268.0
1400.0,278.0
1405.0,282.0
1410.0,286.0
1416.0,288.0
1421.0,290.0
1426.0,291.0
1429.3226472658994,291.0
1429.3226472658994,291.0
1429.3226472658994,291.0
1446.185040140835,285.90688054453733
1450.6475158795838,285.0
1453.8349985501181,281.0
1462.0,286.7330919543406
1468.0,286.0
1477.1290607496485,299.3611489812679
1479.8510434859934,302.33194211772025
1482.410892084549,305.125780794727
1482.410892084549,305.125780794727
1504.0,331.0
1504.0,331.0
1504.0,331.0
1509.0,335.0
1514.0,337.0
1519.0,339.0
1525.0,340.0
1530.0,340.0
1530.0,340.0
1540.0,338.0
1545.0,336.0
1551.0,334.0
1556.0,330.0
1561.0,325.0
1566.0,320.0
1571.0,314.0
1576.0,308.0
1576.0,308.0
1587.0,292.0
1592.0,283.0
1597.0,279.0
1602.0,289.40657600275495
1608.0,297.0
1613.0,305.0
1618.0,312.0
1623.0,319.0
1623.0,319.0
1634.0,329.0
1639.0,333.0
1644.0,337.0
1644.0,337.0
1644.0,337.0
1644.0,337.0
1644.0,337.0
1644.0,337.0
1644.0,337.0
1644.0,337.0
1644.0,337.0
1644.0,337.0
1654.9639712475746,339.78824665410684
1649.0,339.0
1649.0,339.0
1659.0,342.0
1659.0,342.0
1665.0,342.0
1665.0,342.0
1665.0,342.0
1670.0,342.0
1671.4061558410604,341.4167431477349
1679.9206681111805,336.15893705678263
1692.6924365163609,328.27222792035445
1705.4642049215413,320.3855187839263
1713.3270857167654,315.53010238119987
1722.493229461783,309.86990660202173
1733.9533517271834,302.7931535551638
1747.7041957341298,285.0
1754.5796177376023,285.0
1768.3304617445483,285.0
1789.0,285.0
1794.0,285.0
1800.0,285.0
1805.0,285.0
1810.0,285.0
1820.0,285.0
1826.0,285.0
1831.0,285.0
1836.0,285.0
1841.0,285.0
1846.0,285.0
1852.0,285.0
1857.0,285.0
1857.0,285.0
1867.0,285.0
1872.0,285.0
1877.0,285.0
1883.0,285.0
1888.0,285.0
1893.0,285.0
1898.0,285.0
1903.0,285.0
1903.0,285.0
1914.0,303.0
1919.0,311.0
1924.0,319.0
1929.0,325.0
1935.0,331.0
1940.0,336.0
1945.0,340.0
1950.0,345.0
1950.0,345.0
1961.0,348.0
1966.0,349.0
1971.0,349.0
1976.0,348.0
1981.0,347.0
1986.0,345.0
1997.0,342.0
1997.0,338.0
1997.0,338.0
2007.0,329.0
2012.0,323.0
2018.0,316.0
2023.0,300.0
2028.0,300.0
2033.0,291.0
2038.0,287.0
2024.0,297.0
2024.0,297.0
2054.0,314.0
2059.0,321.0
2064.0,327.0
2069.0,333.0
2075.0,338.0
2080.0,342.0
2085.0,345.0
2090.0,348.0
2090.0,348.0
2101.0,351.0
2106.0,351.0
2111.0,351.0
2116.0,349.0
2121.0,347.0
2127.0,344.0
2132.0,341.0
2137.0,336.0
2137.0,336.0
2147.0,325.0
2153.0,318.0
2158.0,311.0
2163.0,302.0
2168.0,290.85643819034885
2173.0,284.0
2178.0,273.0
2184.0,261.0
2184.0,261.0
2196.1957862311674,254.0
2204.0,254.0
2210.0,254.0
2210.0,254.0
2215.0,264.0
2220.0,273.0
2225.0,281.0
2230.0,288.0
2230.0,288.0
2241.0,300.0
2246.0,305.0
2251.0,309.0
2251.0,309.0
2251.0,309.0
2256.0,312.0
2256.0,312.0
2256.0,312.0
2261.0,315.0
2261.0,315.0
2267.0,317.0
2272.0,318.0
2272.0,318.0
2277.0,318.0
2277.0,318.0
2287.0,316.0
2293.0,314.0
2293.0,314.0
2298.0,311.0
2298.0,311.0
2303.0,308.0
2303.0,308.0
2303.0,308.0
2308.0,303.0
2308.0,303.0
2313.0,298.0
2313.0,298.0
2319.0,292.0
2324.0,285.0
2324.0,285.0
2334.0,269.0
2334.0,269.0
2339.0,260.0
2345.0,257.0
2345.0,257.0
2350.0,266.0
2350.0,266.0
2350.0,266.0
2350.0,266.0
2355.0,275.0
2360.0,283.0
2360.0,283.0
2365.0,290.0
2370.091396597478,296.73712421768346
2379.856137935626,299.71680228201876
2394.503249942848,304.1863193785216
2409.150361950071,314.0
2418.915103288219,306.0
2433.562215295441,295.0
2443.3269566335894,285.0
2457.9740686408113,307.7028336775543
2472.6211806480333,317.62945733109837
2481.114530733872,323.3855606379034
2481.114530733872,323.3855606379034
2504.072211333919,348.0
2526.0,349.0
2531.0,349.0
2537.0,348.0
2542.0,347.0
2547.0,345.0
2552.0,342.0
2557.0,338.0
2557.0,338.0
2568.0,329.0
2573.0,323.0
2578.0,316.0
2583.0,309.0
2588.0,300.0
2588.0,300.0
2597.0,285.0
2599.0,285.0
2599.0,285.0
2602.0,285.0
2602.0,285.0
2603.0,285.0
2603.0,285.0
2603.0,285.0
2603.0,285.0
2603.0,285.0
2603.0,285.0
2603.0,285.0
2603.0,285.0
2603.0,285.0
2603.0,285.0
2603.0,285.0
2603.0,285.0
2603.0,285.0
2603.0,285.0
2603.0,285.0
2603.0,285.0
2603.0,285.0
2603.0,285.0
2603.0,285.0
2604.0,285.0
2604.0,285.0
2605.0,285.0
2606.0,285.0
2609.0,285.0
2609.0,285.0
2614.0,285.0
2617.0,285.0
2303.249346379802,285.0
2626.0,285.0
2591.107056073957,285.0
2636.0,285.0
2641.0,285.0
2646.0,285.0
2646.0,285.0
2656.0,285.0
2662.0,285.0
2667.0,285.0
2672.0,285.0
2677.0,285.0
2682.0,285.0
2687.0,285.0
2693.0,285.0
2693.0,285.0
2703.0,285.0
2708.0,285.0
2713.0,285.0
2719.0,285.0
2724.0,285.0
2729.0,285.0
2734.0,285.0
2739.0,285.0
2750.0,285.0
2750.0,285.0
2755.0,285.0
2760.0,285.0
2765.0,285.0
2771.0,285.0
2776.0,285.0
2776.0,285.0
2776.0,285.0
2776.0,285.0
2789.5429989736112,298.4240802025538
2798.0808921463095,306.19827860069927
2801.368835546842,309.19212307738553
2812.0,319.0
2817.0,325.0
2822.0,331.0
2828.0,336.0
2833.0,340.0
2833.0,340.0
2843.0,346.0
2848.0,348.0
2854.0,349.0
2859.0,349.0
2864.0,348.0
2869.0,347.0
2874.0,345.0
2880.0,342.0
2887.241064577379,332.508578011375
2892.848515585147,326.31570586257703
2894.3505113907986,324.6569008227216
2894.3505113907986,324.6569008227216
2894.3505113907986,324.6569008227216
2920.0,293.0
2920.0,293.0
2920.0,293.0
2925.0,285.0
2925.0,285.0
2935.0,285.0
2940.0,285.0
2946.0,285.0
2951.0,285.0
2956.0,285.0
2961.0,285.0
2966.0,285.0
2972.0,285.0
2972.0,285.0
2982.0,285.0
2987.0,285.0
2992.0,285.0
2998.0,285.0
3003.0,285.0
3008.0,285.0
3013.0,285.0
3018.0,285.0
3018.0,285.0
3029.0,285.0
3034.0,285.0
3039.0,285.0
3044.0,285.0
3049.0,285.0
3055.0,285.0
3060.0,285.0
3065.0,285.0
3065.0,285.0
3075.0,285.0
3081.0,285.0
3086.0,285.0
3086.0,285.0
3094.7882170445664,288.332466998074
3094.7882170445664,288.332466998074
3099.143490027065,289.9989036612026
3103.4987630095648,285.0
3107.0,295.0
3117.1138869779925,307.28086173268093
3121.4072243004593,313.1611690659329
3133.0,331.0
3138.0,336.0
3143.0,340.0
3148.0,343.0
3153.0,346.0
3158.0,348.0
3158.0,348.0
3169.0,349.0
3174.0,348.0
3179.0,347.0
3184.0,345.0
3190.0,342.0
3195.0,338.0
3200.0,334.0
3205.0,329.0
3216.0,316.0
3221.0,309.0
3221.0,309.0
3226.0,300.0
3231.0,291.0
3236.0,285.0
3241.0,285.0
3247.0,285.0
3252.0,285.0
3252.0,285.0
3262.0,285.0
3267.0,285.0
3273.0,285.0
3278.0,285.0
3283.0,285.0
3288.0,285.0
3293.0,285.0
3299.0,285.0
3299.0,285.0
3309.0,285.0
3314.0,285.0
3319.0,284.0
3325.0,282.0
3330.0,293.6666666666665
3335.0,301.0
3340.0,309.0
3345.0,316.0
3345.0,316.0
3356.0,328.0
3361.0,333.0
3366.0,337.0
3371.0,341.0
3376.0,343.0
3382.0,345.0
3387.0,346.0
3392.0,346.0
3392.0,346.0
3402.0,344.0
3408.0,342.0
3412.0,339.0
3416.0,336.0
3418.0,331.0
3421.0,331.0
3422.0,331.0
3422.0,340.2748091603062
3422.0,340.2748091603062
3422.0,357.0
3421.0,365.0
3419.0,371.0
3417.0,377.0
3415.0,382.0
3412.0,386.0
3409.0,389.0
3405.0,392.0
3405.0,392.0
3397.0,395.0
3392.0,395.0
3386.0,394.0
3381.0,393.0
3376.0,391.0
3371.0,388.0
3366.0,395.0
3360.0,401.0
3360.0,401.0
3350.0,410.0
3345.0,414.0
3340.0,417.0
3334.0,419.0
3329.0,420.0
3324.0,427.0
3319.0,433.0
3314.0,438.0
3314.0,438.0
3303.0,446.0
3298.0,449.0
3293.0,451.0
3288.0,453.0
3285.0,453.0
3285.0,453.0
3285.0,452.0
3285.0,451.0
3285.0,451.0
3285.0,451.0
3285.0,451.0
3285.0,451.0
3285.0,451.0
3286.0,451.0
3287.0,451.0
3289.0,451.0
3291.0,451.0
3291.0,451.0
3296.0,451.0
3300.0,451.0
3304.0,451.0
3308.0,451.0
3313.0,451.0
3318.0,450.0
3323.0,449.0
3328.0,458.0
3328.0,458.0
3339.0,475.0
3344.0,482.0
3349.0,489.0
3354.0,495.0
3359.0,500.0
3365.0,504.0
3370.0,507.0
3375.0,514.7977099236632
3375.0,514.7977099236632
3385.0,533.0
3391.0,541.0
3396.0,547.0
3401.0,553.0
3406.0,558.0
3411.0,562.0
3417.0,565.0
3422.0,568.0
3422.0,568.0
3432.0,571.0
3437.0,571.0
3443.0,570.0
3448.0,569.0
3453.0,567.0
3458.0,564.0
3463.0,560.0
3468.0,556.0
3468.0,556.0
3479.0,545.0
3484.0,538.0
3489.0,531.0
3494.0,525.0
3500.0,525.0
3505.0,525.0
3510.0,525.0
3515.0,525.0
3515.0,525.0
3526.0,525.0
3531.0,525.0
3536.0,525.0
3541.0,525.0
3546.0,525.0
3552.0,525.0
3557.0,525.0
3562.0,525.0
3562.0,525.0
3572.0,525.0
3577.0,525.0
3583.0,525.0
3588.0,525.0
3593.0,525.0
3598.0,525.0
3603.0,525.0
3609.0,525.0
3609.0,525.0
3619.0,525.0
3624.0,525.0
3629.0,525.0
3635.0,525.0
3640.0,525.0
3645.0,525.0
3650.0,525.0
3655.0,525.0
3655.0,525.0
3666.0,525.0
3671.0,525.0
3676.0,525.0
3681.0,525.0
3686.0,525.0
3692.0,525.0
3697.0,525.0
3702.0,525.0
3702.0,525.0
3712.0,525.0
3718.0,525.0
3723.0,525.0
3728.0,525.0
3733.0,525.0
3738.0,525.0
3744.0,525.0
3749.0,525.0
3759.0,525.0
3759.0,525.0
3764.0,525.0
3769.0,525.0
3775.0,525.0
3780.0,525.0
3785.0,525.0
3790.0,525.0
3795.0,525.0
3795.0,525.0
3806.0,525.0
3811.0,525.0
3816.0,525.0
3821.0,525.0
3827.0,525.0
3832.0,525.0
3837.0,525.0
3842.0,525.0
3842.0,525.0
3853.0,525.0
3858.0,525.0
3863.0,525.0
3868.0,525.0
3873.0,525.0
3878.0,525.0
3884.0,525.0
3889.0,524.0
3889.0,524.0
3899.0,521.0
3904.0,518.0
3910.0,522.0
3915.0,528.0
3920.0,532.0
3925.0,536.0
3930.0,539.0
3936.0,541.0
3936.0,541.0
3946.0,543.0
3951.0,543.0
3956.0,542.0
3961.0,541.0
3967.0,538.0
3972.0,535.0
3977.0,531.0
3982.0,526.0
3982.0,526.0
3993.0,525.0
3998.0,525.0
4003.0,525.0
4008.0,525.0
4013.0,525.0
4019.0,525.0
4024.0,524.0
4029.0,523.0
4029.0,523.0
4039.0,518.0
4045.0,514.0
4050.0,509.0
4055.0,504.0
4060.0,498.0
4065.0,491.0
4070.0,483.0
4070.0,483.0
4076.0,478.0
4086.0,495.0
4091.0,505.151914106229
4096.0,525.0
4102.0,531.0
4107.0,537.0
4112.0,542.0
4117.0,546.0
4122.0,549.0
4122.0,549.0
4133.0,554.0
4138.0,554.0
4143.0,555.0
4148.0,554.0
4154.0,553.0
4159.0,551.0
4164.0,548.0
4169.0,544.0
4169.0,544.0
4179.0,534.0
4185.0,528.0
4190.0,525.0
4195.0,525.0
4200.0,525.0
4205.0,525.0
4211.0,525.0
4211.0,525.0
4216.0,525.0
4226.0,525.0
4231.0,525.0
4237.0,525.0
4242.0,525.0
4247.0,525.0
4252.0,525.0
4257.0,525.0
4260.464911710826,525.0
4260.464911710826,525.0
4273.0,525.0
4278.0,525.0
4283.0,525.0
4288.0,525.0
4294.0,535.9163439891954
4299.0,543.0
4304.0,551.0
4309.0,554.5979669631542
4309.0,554.5979669631542
4320.0,571.0
4325.0,576.0
4330.0,580.0
4335.0,583.0
4340.0,586.0
4346.0,588.0
4351.0,589.0
4356.0,589.0
4356.0,589.0
4366.0,587.0
4371.0,585.0
4377.0,582.0
4382.0,578.0
4387.0,574.0
4392.0,569.0
4397.0,563.0
4399.887463675614,558.3320813043392
4399.887463675614,558.3320813043392
4413.0,540.0
4418.0,531.0
4423.0,525.0
4429.0,525.0
4434.0,525.0
4439.0,525.0
4444.0,525.0
4449.0,525.0
4449.0,525.0
4460.0,525.0
4465.0,525.0
4470.0,525.0
4475.0,525.0
4480.0,525.0
4486.0,525.0
4491.0,535.0
4496.0,539.2558238034735
4496.0,539.2558238034735
4512.0,565.0
4512.0,565.0
4517.0,571.0
4522.0,576.0
4527.0,580.0
4532.0,583.0
4538.0,586.0
4543.0,588.0
4543.0,588.0
4553.0,589.0
4558.0,588.0
4563.0,587.0
4569.0,585.0
4574.0,582.0
4579.0,578.0
4589.0,569.0
4589.0,569.0
4589.0,569.0
4600.0,556.0
4605.0,549.0
4610.0,540.0
4615.0,531.0
4621.0,525.0
4626.0,525.0
4631.0,525.0
4636.0,525.0
4636.0,525.0
4647.0,525.0
4652.0,525.0
4657.0,525.0
4667.0,525.0
4667.0,525.0
4672.0,525.0
4678.0,525.0
4683.0,525.0
4683.0,525.0
4693.0,525.0
4698.0,525.0
4704.0,525.0
4709.0,525.0
4714.0,525.0
4719.0,525.0
4724.0,525.0
4730.0,525.0
4730.0,525.0
4744.0,525.0
4744.0,525.0
4754.0,525.0
4754.0,525.0
4759.0,525.0
4770.0,525.0
4770.0,525.0
4775.0,524.9999999999997
4785.0,525.0
4785.0,525.0
4791.0,525.0
4801.0,525.0
4801.0,525.0
4806.0,525.0
4816.0,525.0
4816.0,525.0
4822.0,525.0
4832.0,525.0
4837.0,525.0
4842.0,525.0
4848.0,525.0
4848.0,525.0
4853.0,525.0
4863.0,525.0
4863.0,525.0
4868.0,525.0
4879.0,525.0
4879.0,525.0
4884.0,525.0
4894.0,525.0
4894.0,525.0
4899.0,525.0
4910.0,525.0
4910.0,525.0
4915.0,525.0
4925.0,525.0
4925.0,525.0
4931.0,525.0
4941.0,525.0
4941.0,525.0
4946.0,525.0
4957.0,525.0
4957.0,525.0
4962.0,525.0
4972.0,525.0
4972.0,525.0
4977.0,525.0
4988.0,525.0
4993.0,525.0
4998.0,525.0
5003.0,525.0
5008.0,525.0
5008.0,525.0
5019.0,525.0
5019.0,525.0
5024.0,525.0
5034.0,525.0
5034.0,525.0
5040.0,525.0
5050.0,525.0
5050.0,525.0
5055.0,525.0
5066.0,525.0
5066.0,525.0
5071.0,525.0
5081.0,525.0
5081.0,525.0
5086.0,525.0
5097.0,525.0
5097.0,525.0
5102.0,525.0
5112.0,525.0
5112.0,525.0
5117.0,525.0
5128.0,525.0
5128.0,525.0
5133.0,525.0
5143.0,525.0
5143.0,525.0
5143.0,525.0
5149.0,525.0
5149.0,525.0
5149.0,525.0
5160.74901791863,532.3461676718362
5167.803053788635,537.3833115658172
5174.857089658641,542.4204554597973
5183.697217855865,551.8737440516106
5183.697217855865,551.8737440516106
5195.0,565.0
5206.0,576.0
5206.0,576.0
5211.0,580.0
5221.0,586.0
5221.0,586.0
5226.0,588.0
5237.0,589.0
5237.0,589.0
5242.0,588.0
5252.0,585.0
5252.0,585.0
5258.0,582.0
5268.0,574.0
5268.0,574.0
5273.0,569.0
5283.0,556.0
5283.0,556.0
5287.0,549.0
5291.0,541.0566718186492
5291.0,541.0566718186492
5292.0,528.0
5292.0,531.0
5292.0,531.0
5292.0,532.0
5290.0,535.0
5290.0,535.0
5290.0,537.0
5289.0,539.0
5289.0,539.0
5288.0,541.0
5287.0,544.0
5287.0,544.0
5287.0,545.0
5288.0,548.0
5288.0,548.0
5289.0,550.0
5292.0,553.0
5292.0,553.0
5295.0,554.0
5302.0,557.0
5302.0,557.0
5306.0,559.0
5315.0,562.0
5315.0,562.0
5320.0,564.0
5330.0,567.0
5330.0,567.0
5335.0,568.0
5345.0,571.0
5345.0,571.0
5350.0,573.0
5360.0,573.0
5360.0,573.0
5365.0,582.0
5375.0,599.0
5375.0,599.0
5381.0,606.0
5391.0,618.0
5391.0,618.0
5401.0,627.0
5406.0,631.0
5406.0,631.0
5412.0,633.0
5422.0,636.0
5422.0,636.0
5427.0,636.0
5438.0,635.0
5438.0,635.0
5443.0,633.0
5453.0,626.0
5453.0,626.0
5458.0,622.0
5469.0,610.0
5469.0,610.0
5474.0,604.0
5484.0,588.0
5484.0,588.0
5490.0,579.0
5500.0,566.9227798346665
5505.0,551.0
5510.0,549.0
5515.0,559.0
5515.0,559.0
5520.0,567.0
5525.0,575.0
5525.0,575.0
5536.0,589.0
5546.0,600.0
5546.0,600.0
5551.0,604.0
5561.0,610.0
5561.0,610.0
5567.0,612.0
5577.0,613.0
5577.0,613.0
5582.0,612.0
5593.0,609.0
5593.0,609.0
5598.0,606.0
5603.0,602.0
5608.0,598.0
5613.0,593.0
5617.0,587.0
5619.0,580.0
5622.0,581.0
5624.0,584.0
5624.0,584.0
5625.0,585.0
5626.0,588.0
5626.0,588.0
5627.0,590.0
5628.0,591.0
5630.0,593.0
5632.0,594.0
5638.0,597.0
5645.0,600.0
5644.445225593653,602.0
5644.445225593653,602.0
5644.445225593653,602.0
5660.0,605.0
5666.0,606.0
5666.0,606.0
5672.0,607.0
5682.939593629875,610.0
5682.939593629875,610.0
5696.0,613.0
5701.0,614.0
5701.0,614.0
5707.0,616.0
5718.0,634.0
5718.0,634.0
5723.0,642.0
5733.0,656.0
5733.0,656.0
5739.0,661.0
5749.0,671.0
5749.0,671.0
5754.0,674.0
5765.0,678.0
5770.0,679.0
5775.0,680.0
5780.0,679.0
5780.0,679.0
5785.0,678.0
5791.0,676.0
5791.0,676.0
5801.0,669.0
5811.0,659.0
5811.0,659.0
5816.0,653.0
5827.0,639.0
5827.0,639.0
5833.0,635.0
5845.0,632.0
5845.0,632.0
5858.0,630.0
5858.0,630.0
5864.0,629.0
5870.0,627.0
5882.0,625.0
5882.0,625.0
5887.0,634.0
5898.0,651.0
5898.0,651.0
5903.0,659.0
5913.0,671.0
5913.0,671.0
5918.0,676.0
5929.0,683.0
5929.0,683.0
5934.0,686.0
5943.414744200826,688.0
5943.414744200826,688.0
5950.0,689.0
5960.0,682.0
5960.0,682.0
5965.0,685.0
5976.0,678.0
5976.0,678.0
5980.666666666669,674.0
5991.0,663.0
5991.0,663.0
5996.0,656.0
6007.0,640.0
6007.0,640.0
6012.0,631.0
6022.0,611.0
6022.0,611.0
6027.0,599.0
6037.51431980907,579.8487394957938
6037.51431980907,579.8487394957938
6043.7792362768505,560.0
6053.17661097852,555.0
6053.17661097852,555.0
6059.441527446302,555.0
6070.0,555.0
6070.0,555.0
6073.0,555.0
6077.0,555.0
6077.0,555.0
6078.0,555.0
6082.0,555.0
6082.0,555.0
6085.0,555.0
6092.0,556.0
6092.0,556.0
6096.0,556.0
6106.0,556.0
6106.0,556.0
6111.0,557.0
6124.0,557.0
6124.0,557.0
6130.0,558.0
6139.281512605045,576.0
6139.281512605045,576.0
6146.0,582.0
6156.0,598.0
6156.0,598.0
6161.0,603.0
6172.0,612.0
6172.0,612.0
6177.0,616.0
6187.0,620.0
6187.0,620.0
6193.0,621.0
6203.0,621.0
6203.0,621.0
6208.0,620.0
6218.0,615.0
6218.0,615.0
6224.0,611.0
6232.0,601.0
6232.0,601.0
6235.0,608.0
6238.0,625.0
6238.0,625.0
6239.0,633.0
6240.0,646.0
6240.0,646.0
6240.0,651.0
6241.0,659.0
6241.0,659.0
6241.0,662.0
6241.0,666.0
6241.0,666.0
6241.0,667.0
6241.0,666.0
6241.0,666.0
6241.0,664.0
6241.0,665.0
6241.0,665.0
6241.0,675.0
6241.0,691.0
6241.0,691.0
6241.0,698.0
6243.0,710.0
6243.0,710.0
6244.0,715.0
6249.0,722.0
6249.0,722.0
6252.0,724.0
6259.0,727.0
6259.0,727.0
6264.0,727.0
6274.0,724.0
6274.0,724.0
6279.0,722.0
6289.0,715.0
6289.0,715.0
6294.0,711.0
6305.0,705.0
6305.0,705.0
6310.0,705.0
6320.0,705.0
6320.0,705.0
6325.0,705.0
6336.0,705.0
6336.0,705.0
6341.0,705.0
6351.0,705.0
6351.0,705.0
6357.0,705.0
6367.0,705.0
6367.0,705.0
6372.0,705.0
6383.0,705.0
6383.0,705.0
6388.0,705.0
6398.0,705.0
6398.0,705.0
6403.0,705.0
6414.0,705.0
6414.0,705.0
6419.0,705.0
6429.0,705.0
6429.0,705.0
6438.0,705.0
6444.0,705.0
6444.0,705.0
6454.0,705.0
6459.0,705.0
6459.0,705.0
6469.0,705.0
6475.0,705.0
6475.0,705.0
6485.0,705.0
6490.0,705.0
6490.0,705.0
6501.0,705.0
6506.0,705.0
6506.0,705.0
6516.0,705.0
6521.0,705.0
6521.0,705.0
6532.0,705.0
6537.0,705.0
6537.0,705.0
6547.0,705.0
6552.0,705.0
6552.0,705.0
6563.0,705.0
6568.0,705.0
6568.0,705.0
6578.0,705.0
6584.0,705.0
6584.0,705.0
6594.0,705.0
6599.0,705.0
6599.0,705.0
6610.0,705.0
6615.0,705.0
6615.0,705.0
6625.0,705.0
6630.0,705.0
6630.0,705.0
6641.0,705.0
6646.0,705.0
6651.0,705.0
6656.0,705.0
6661.0,705.0
6661.0,705.0
6672.0,705.0
6677.0,705.0
6677.0,705.0
6687.0,705.0
6693.0,705.0
6693.0,705.0
6703.0,705.0
6708.0,705.0
6708.0,705.0
6719.0,705.0
6724.0,705.0
6724.0,705.0
6734.0,705.0
6739.0,705.0
6739.0,705.0
6750.0,705.0
6755.0,705.0
6755.0,705.0
6765.0,705.0
6765.0,705.0
6765.0,705.0
6781.0,705.0
6786.0,705.0
6786.0,705.0
6796.0,705.0
6802.0,705.0
6802.0,705.0
6812.0,705.0
6812.0,705.0
6812.0,705.0
6828.0,705.0
6833.0,705.0
6833.0,705.0
6843.0,705.0
6848.0,705.0
6848.0,705.0
6859.0,705.0
6859.0,705.0
6859.0,705.0
6874.0,705.0
6879.0,705.0
6879.0,705.0
6890.0,705.0
6890.0,705.0
6895.0,705.0
6895.0,705.0
6900.0,705.0
6900.0,705.0
6921.0,705.0
6926.0,705.0
6926.0,705.0
6937.0,705.0
6942.0,705.0
6942.0,705.0
6952.0,705.0
6952.0,705.0
6952.0,705.0
6968.0,705.0
6973.0,705.0
6973.0,705.0
6983.0,705.0
6988.0,705.0
6988.0,705.0
6999.0,705.0
6999.0,705.0
6999.0,705.0
7014.0,705.0
7020.0,705.0
7020.0,705.0
7030.0,705.0
7035.0,705.0
7035.0,705.0
7045.0,705.0
7045.0,705.0
7045.0,705.0
7061.0,705.0
7066.0,705.0
7066.0,705.0
7077.0,705.0
7082.0,705.0
7082.0,705.0
7092.0,705.0
7092.0,705.0
7092.0,705.0
7108.0,705.0
7113.0,705.0
7113.0,705.0
7123.0,705.0
7129.0,705.0
7129.0,705.0
7139.0,705.0
7139.0,705.0
7139.0,705.0
7154.0,705.0
7160.0,705.0
7160.0,705.0
7170.0,705.0
7175.0,705.0
7175.0,705.0
7180.0,705.0
7186.0,705.0
7186.0,705.0
7201.0,705.0
7206.0,705.0
7206.0,705.0
7217.0,705.0
7222.0,705.0
7222.0,705.0
7232.0,705.0
7232.0,705.0
7232.0,705.0
7248.0,705.0
7253.0,705.0
7253.0,705.0
7263.0,705.0
7269.0,705.0
7269.0,705.0
7279.0,705.0
7279.0,705.0
7279.0,705.0
7295.0,705.0
7300.0,705.0
7300.0,705.0
7310.0,705.0
7315.0,705.0
7315.0,705.0
7326.0,705.0
7326.0,705.0
7326.0,705.0
7341.0,705.0
7347.0,705.0
7347.0,705.0
7357.0,705.0
7362.0,705.0
7362.0,705.0
7372.0,705.0
7372.0,705.0
7372.0,705.0
7388.0,705.0
7393.0,705.0
7393.0,705.0
7404.0,705.0
7409.0,705.0
7409.0,705.0
7419.0,705.0
7419.0,705.0
7419.0,705.0
7435.0,705.0
7440.0,705.0
7440.0,705.0
7450.0,705.0
7456.0,705.0
7456.0,705.0
7466.0,705.0
7466.0,705.0
7466.0,705.0
7481.0,705.0
7487.0,705.0
7487.0,705.0
7497.0,705.0
7502.0,705.0
7502.0,705.0
7513.0,705.0
7513.0,705.0
7513.0,705.0
7528.0,705.0
7533.0,705.0
7533.0,705.0
7544.0,705.0
7548.808724832219,705.0
7548.808724832219,705.0
7559.0,705.0
7559.0,705.0
7559.0,705.0
7573.521060842434,705.0
7580.0,705.0
7580.0,705.0
7590.0,705.0
7596.0,705.0
7596.0,705.0
7606.0,705.0
7606.0,705.0
7606.0,705.0
7622.0,705.0
7627.0,705.0
7627.0,705.0
7637.0,705.0
7642.0,705.0
7647.0,705.0
7653.0,705.0
7663.0,705.0
7668.0,705.0
7668.0,705.0
7673.0,705.0
7679.0,705.0
7684.0,705.0
7689.0,705.0
7689.0,705.0
7699.0,705.0
7699.0,705.0
7699.0,705.0
7715.0,705.0
7720.0,705.0
7720.0,705.0
7731.0,705.0
7736.0,705.0
7736.0,705.0
7746.0,705.0
7746.0,705.0
7746.0,705.0
7762.0,705.0
7767.0,705.0
7767.0,705.0
7777.0,705.0
7782.0,705.0
7782.0,705.0
7793.0,705.0
7793.0,705.0
7803.0,705.0
7808.0,705.0
7808.0,705.0
7814.0,705.0
7819.0,705.0
7824.0,705.0
7824.0,705.0
7834.522028529282,705.0
7834.522028529282,705.0
7834.522028529282,705.0
7855.0,705.0
7860.0,705.0
7860.0,705.0
7871.0,705.0
7876.0,705.0
7876.0,705.0
7886.0,705.0
7886.0,705.0
7886.0,705.0
7902.0,705.0
7907.0,705.0
7907.0,705.0
7917.0,705.0
7923.0,705.0
7923.0,705.0
7933.0,705.0
7933.0,705.0
7933.0,705.0
7949.0,705.0
7954.0,705.0
7959.0,705.0
7964.0,705.0
7969.0,705.0
7969.0,705.0
7980.0,705.0
7980.0,705.0
7980.0,705.0
7995.0,705.0
8000.0,705.0
8000.0,705.0
8011.0,705.0
8016.0,705.0
8016.0,705.0
8026.0,705.0
8026.0,705.0
8026.0,705.0
8042.0,705.0
8047.0,705.0
8047.0,705.0
8057.0,705.0
8063.0,705.0
8063.0,705.0
8073.0,705.0
8073.0,705.0
8073.0,705.0
8089.0,705.0
8094.0,705.0
8094.0,705.0
8104.0,705.0
8109.0,705.0
8109.0,705.0
8120.0,705.0
8120.0,705.0
8120.0,705.0
8135.0,705.0
8140.0,705.0
8140.0,705.0
8151.0,705.0
8156.0,705.0
8156.0,705.0
8166.0,705.0
8166.0,705.0
8166.0,705.0
8182.0,709.0
8186.0,709.0
8186.0,709.0
8189.0,709.0
8190.0,709.0
8190.0,709.0
8190.0,709.0
8190.0,709.0
8190.0,709.0
8190.0,709.0
8190.0,709.0
8190.0,709.0
8190.0,709.0
8190.0,709.0
8190.0,709.0
8190.0,709.0
8190.0,709.0
8190.0,709.0
8190.0,709.0
8190.0,709.0
8190.0,709.0
8190.0,709.0
8190.0,709.0
8190.0,709.0
8190.0,709.0
8190.0,709.0
8190.0,709.0
8190.0,709.0
8190.0,709.0
8190.0,709.0
8190.0,709.0
8190.0,709.0
8190.0,709.0
8190.0,709.0
8190.0,709.0
8190.0,709.0
8190.0,709.0
8190.0,709.0
8190.0,709.0
8190.0,709.0
8190.0,709.0
8190.0,709.0
8190.0,709.0
8190.0,709.0
8190.0,709.0
8190.0,709.0
8190.0,709.0
8190.0,709.0
8190.0,709.0
8190.0,709.0
8190.0,709.0
8190.0,709.0
8190.0,709.0
8190.0,709.0
8190.0,709.0
8190.0,709.0
8190.0,709.0
8190.0,709.0
8190.0,708.0
8190.0,708.0
8190.0,708.0
8190.0,708.0
8190.0,708.0
8190.0,708.0
8190.0,708.0
8190.0,708.0
8190.0,708.0
8190.0,708.0
8190.0,708.0
8190.0,708.0
8190.0,708.0
8190.0,708.0
8190.0,708.0
8190.0,708.0
8190.0,708.0
8190.0,708.0
8190.0,708.0
8190.0,708.0
8190.0,708.0
8190.0,708.0
8190.0,708.0
8190.0,708.0
8190.0,708.0
8190.0,708.0
8190.0,708.0
8190.0,708.0
8190.0,708.0
8190.0,708.0
8190.000000000001,708.0000000000002
8190.000000000001,708.0000000000002
8190.0,708.0
8190.0,708.0
8190.0,708.0
8190.0,707.0
8190.0,707.0
8190.0,707.0
8190.0,707.0
8190.0,707.0
8190.0,707.0
8190.0,707.0
8190.0,707.0
8190.0,707.0
8190.0,707.0
8190.0,707.0
8190.0,707.0
8190.0,707.0
8190.0,706.4137868349013
8190.0,706.0
8190.000000000003,706.0758977507113
8190.000000000003,706.0758977507113
8190.000000000003,706.0758977507113
8190.0,706.0
8190.0,706.0
8190.0,706.0
8190.0,706.0
8190.0,706.0
8190.0,706.0
8190.0,706.0
8190.0,705.0
8190.0,705.0
8190.0,705.0
8190.0,705.0
8190.0,705.0
8190.0,705.0
8190.0,705.0
8190.0,705.0
8190.0,705.0
8190.0,705.0
8190.0,705.0
8190.0,705.0
8190.0,705.0
8190.0,705.0
8190.0,705.0
8190.0,705.0
8190.0,705.0
8190.0,705.0
8190.0,705.0
8190.0,705.0
8190.0,705.0
8190.0,705.0
8190.0,705.0
8190.0,705.0
8190.0,705.0
8190.0,705.0
8190.0,705.0
8190.0,705.0
8190.0,705.0
8190.0,705.0
8190.0,705.0
8190.0,705.0
8190.0,705.0
8190.0,705.0
8190.0,705.0
8190.0,705.0
8190.0,705.0
8190.0,705.0
8190.0,705.0
8190.0,705.0
8190.0,705.0
8190.0,705.0
8190.0,705.0
8190.0,705.0
8190.0,705.0
8190.0,705.0
8190.0,705.0
8190.0,705.0
8190.0,705.0
8190.0,705.0
8190.0,705.0
8190.0,705.0
8190.0,705.0
8190.0,705.0
8190.0,705.0
8190.0,705.0
8190.0,705.0
8190.0,705.0
8190.0,705.0
8190.0,705.0
8190.0,705.0
8190.0,705.0
8190.0,705.0
8190.0,705.0
8190.0,705.0
8190.0,705.0
8190.0,705.0
8190.0,705.0
8190.0,705.0
8190.0,705.0
8190.0,705.0
8190.0,705.0
8190.0,705.0
8190.0,705.0
8190.0,705.0
8190.0,705.0
8190.0,705.0
8190.0,705.0
8190.0,705.0
8190.0,705.0
8190.0,705.0
8190.0,705.0
8190.0,705.0
8190.0,705.0
8190.0,705.0
8190.0,705.0
8190.0,705.0
8190.0,705.0
8190.0,705.0
8190.0,705.0
8190.0,705.0
8190.0,705.0
8190.0,705.0
8190.0,705.0
8190.0,705.0
8190.0,705.0
8190.0,705.0
8190.0,705.0
8190.0,705.0
8190.0,705.0
8190.0,705.0
8190.0,705.0
8190.0,705.0
8190.0,705.0
8190.0,705.0
8190.0,705.0
8190.0,705.0
8190.0,705.0
8190.0,705.0
8190.0,705.0
8190.0,705.0
8190.0,705.0
8190.0,705.0
8190.0,705.0
8190.0,705.0
8190.0,705.0
8190.0,705.0
8190.0,705.0
8190.0,705.0
8190.0,705.0
8190.0,705.0
8190.0,705.0
8190.0,705.0
8190.0,705.0
8190.0,705.0
8190.0,705.0
8190.0,705.0
8190.0,705.0
8190.0,705.0
8190.0,705.0
8190.0,705.0
8190.0,705.0
8190.0,705.0
8190.0,705.0
8190.0,705.0
8190.0,705.0
8190.0,705.0
8190.0,705.0
8190.0,705.0
8190.0,705.0
8190.0,705.0
8190.0,705.0
8190.0,705.0
8190.0,705.0
8190.0,705.0
8190.0,705.0
8190.0,705.0
8190.0,705.0
8190.0,705.0
8190.0,705.0
8190.0,705.0
8190.0,705.0
8190.0,705.0
8190.0,705.0
8190.0,705.0
8190.0,705.0
8190.0,705.0
8190.0,705.0
8190.0,705.0
8190.0,705.0
8190.0,705.0
8190.0,705.0
8190.0,705.0
8190.0,705.0
8190.0,705.0
8190.0,705.0
8190.0,705.0
8190.0,705.0
8190.0,705.0
8190.0,705.0
8190.0,705.0
8190.0,705.0
8190.0,705.0
8190.0,705.0
8190.0,705.0
8190.0,705.0
8190.0,705.0
8190.0,705.0
8190.0,705.0
8190.0,705.0
8190.0,705.0
8190.0,705.0
8190.0,705.0
8190.0,705.0
8190.0,705.0
8190.0,705.0
8190.0,705.0
8190.0,705.0
8190.0,705.0
8190.0,705.0
8190.0,705.0
8190.0,705.0
8190.0,705.0
8190.0,705.0
8190.0,705.0
8190.0,705.0
8190.0,705.0
8190.0,705.0
8190.0,705.0
8190.0,705.0
8190.0,705.0
8190.0,705.0
8190.0,705.0
8190.0,705.0
8190.0,705.0
8190.0,705.0
8190.0,705.0
8190.0,705.0
8190.0,705.0
8190.0,705.0
8190.0,705.0
8190.0,705.0
8190.0,705.0
8190.0,705.0
8190.0,705.0
8190.0,705.0
8190.0,705.0
8190.0,705.0
8190.0,705.0
8190.0,705.0
8190.0,705.0
8190.0,705.0
8190.0,705.0
8190.0,705.0
8190.0,705.0
8190.0,705.0
8190.0,705.0
8190.0,705.0
8190.0,705.0
8190.0,705.0
8190.0,705.0
8190.0,705.0
8190.0,705.0
8190.0,705.0
8190.0,705.0
8190.000000000002,705.0000000000002
8190.0,705.0
8190.0,705.0
8190.0,705.0
8190.0,705.0
8190.0,705.0
8190.0,705.0
8190.0,705.0
8190.0,705.0
8190.0,705.0
8190.0,705.0
8190.0,705.0
8190.0,705.0
8190.0,705.0
8190.0,705.0
8190.0,705.0
8190.0,705.0
8190.0,705.0
8190.0,705.0
8190.0,705.0
8190.0,705.0
8190.0,705.0
8190.0,705.0
8190.0,705.0
8190.0,705.0
8190.0,705.0
8190.0,705.0
8190.0,705.0
8190.0,705.0
8190.0,705.0
8190.0,705.0
8190.0,705.0
8190.0,705.0
8190.0,705.0
8190.0,705.0
8190.0,705.0
8190.0,705.0
8190.0,705.0
8190.0,705.0
8190.0,705.0
8190.0,705.0
8190.0,705.0
8190.0,705.0
8190.0,705.0
8190.0,705.0
8190.0,705.0
8190.0,705.0
8190.0,705.0
8190.0,705.0
8190.0,705.0
8190.0,705.0
8190.0,705.0
8190.0,705.0
8190.0,705.0
8190.0,705.0
8190.0,705.0
8190.0,705.0
8190.0,705.0
8190.0,705.0
8190.0,705.0
8190.0,705.0
8190.0,705.0
8190.0,705.0
8190.0,705.0
8190.0,705.0
8190.0,705.0
8190.0,705.0
8190.0,705.0
8190.0,705.0
8190.0,705.0
8190.0,705.0
8190.0,705.0
8190.0,705.0
8190.0,705.0
8190.0,705.0
8190.0,705.0
8190.0,705.0
8190.0,705.0
8190.0,705.0
8190.0,705.0
8190.0,705.0
8190.0,705.0
8190.0,705.0
8190.0,705.0
8190.0,705.0
8190.0,705.0
8190.0,705.0
8190.0,705.0
8190.0,705.0
8190.0,705.0
8190.0,705.0
8190.0,705.0
8190.0,705.0
8190.0,705.0
8190.0,705.0
8190.0,705.0
8190.0,705.0
8190.0,705.0
8190.0,705.0
8190.0,705.0
8190.0,705.0
8190.0,705.0
8190.0,705.0
8190.0,705.0
8190.0,705.0
8190.0,705.0
8190.0,705.0
8190.0,705.0
8190.0,705.0
8190.0,705.0
8190.0,705.0
8190.0,705.0
8190.0,705.0
8190.0,705.0
8190.0,705.0
8190.0,705.0
8190.0,705.0
8190.0,705.0
8190.0,705.0
8190.0,705.0
8190.0,705.0
8190.0,705.0
8190.0,705.0
8190.0,705.0
8190.0,705.0
8190.0,705.0
8190.0,705.0
8190.0,705.0
8190.0,705.0
8190.0,705.0
8190.0,705.0
8190.0,705.0
8190.0,705.0
8190.0,705.0
8190.0,705.0
8190.0,705.0
8190.0,705.0
8190.0,705.0
8190.0,705.0
8190.0,705.0
8190.0,705.0
8190.0,705.0
8190.0,705.0
8190.0,705.0
8189.999999999997,704.9999999999998
8190.0,705.0
8190.0,705.0
8190.0,705.0
8190.0,705.0
8190.0,705.0
8190.0,705.0
8190.0,705.0
8190.0,705.0
8190.0,705.0
8190.0,705.0000000000001
8190.0,705.0
8190.0,705.0
8190.0,705.0
8190.0,705.0
8190.0,705.0
8190.0,705.0
8190.0,705.0
8190.0,705.0
8190.0,705.0
8190.0,705.0
8190.0,705.0
8190.0,705.0
8190.0,705.0
8190.0,705.0
8190.0,705.0
8190.0,705.0
8190.0,705.0
8190.0,705.0
8190.0,705.0
8190.0,705.0
8190.000000000002,705.0
8190.000000000002,705.0
8190.000000000002,705.0
8190.0,705.0
8190.0,705.0
8190.0,705.0
8190.0,705.0
8190.0,705.0
8190.0,705.0
8190.0,705.0
8190.0,705.0
8190.0,705.0
8190.0,705.0
8190.0,705.0
8190.0,705.0
8190.0,705.0
8190.0,705.0
8190.0,705.0
8190.0,705.0
8190.0,705.0
8190.0,705.0
8190.0,705.0
8190.0,705.0
8190.0,705.0
8190.0,705.0
8190.0,705.0
8190.0,705.0
8190.0,705.0
8190.0,705.0
8190.0,705.0
8190.0,705.0
8190.0,705.0
8190.0,705.0
8190.0,705.0
8190.0,705.0
8190.0,705.0
8190.0,705.0
8190.0,705.0
8190.0,705.0
8190.0,705.0
8190.0,705.0
8190.0,705.0
8190.0,705.0
8190.0,705.0
8190.0,705.0
8190.0,705.0
8190.0,705.0
8190.0,705.0
8190.0,705.0
8190.0,705.0
8190.0,705.0
8190.0,705.0
8190.0,705.0
8190.0,705.0
8190.0,705.0
8190.0,705.0
8190.0,705.0
8190.0,705.0
8190.0,705.0
8190.0,705.0
8190.0,705.0
8190.0,705.0
8190.0,705.0
8190.0,705.0
8190.0,705.0
8190.0,705.0
8190.0,705.0
8190.0,705.0
8190.0,705.0
8190.0,705.0
8190.0,705.0
8190.0,705.0
8190.0,705.0
8190.0,705.0
8190.0,705.0
8190.0,705.0
8190.0,705.0
8190.0,705.0
8190.0,705.0
8190.0,705.0
8190.0,705.0
8190.0,705.0
8190.0,705.0
8190.0,705.0
8190.0,705.0
8190.0,705.0
8190.0,705.0
8190.0,705.0
8189.999999999999,705.0000000000001
8190.0,705.0
8190.000000000003,705.0000000000002
8190.000000000003,705.0000000000002
8190.000000000003,705.0000000000002
8190.000000000003,705.0000000000002
8190.000000000003,705.0000000000002
8190.000000000003,705.0000000000002
8190.0,705.0
8190.0,705.0
8190.0,705.0
8190.000000000002,705.0000000000002
8190.000000000002,705.0000000000002
8190.000000000002,705.0000000000002
8190.0,705.0
8190.0,705.0
8190.0,705.0
8190.0,705.0
8190.0,705.0
8190.0,705.0
8190.0,705.0
8190.0,705.0
8190.0,705.0
8190.0,705.0
8190.0,705.0
8190.0,705.0
8190.0,705.0
8190.0,705.0
8190.0,705.0
8190.0,705.0
8190.000000000002,705.0000000000001
8190.0,705.0
8190.000000000005,705.0000000000002
8190.000000000005,705.0000000000002
8190.0,705.0
8190.0,705.0
8190.0,705.0
8190.0,705.0
8190.0,705.0
8190.0,705.0
8190.0,705.0
8190.0,705.0
8190.0,705.0
8190.0,705.0
8190.0,705.0
8190.0,705.0
8190.0,705.0
8190.0,705.0
8190.0,705.0
8190.0,705.0
8190.0,705.0
8190.0,705.0
8190.0,705.0
8190.0,705.0
8190.0,705.0
8190.0,705.0
8190.0,705.0
8190.0,705.0
8190.0,705.0
8190.0,705.0
8190.0,705.0
8190.0,705.0
8190.0,705.0
8190.0,705.0
8190.0,705.0
8190.0,705.0
8190.0,705.0
8190.0,705.0
8190.0,705.0
8190.0,705.0
8190.0,705.0
8190.0,705.0
8190.0,705.0
8190.0,705.0
8190.0,705.0
8190.0,705.0
8190.0,705.0
8190.0,705.0
8190.0,705.0
8190.0,705.0
8190.0,705.0
8190.0,705.0
8190.0,705.0
8190.0,705.0
8190.0,705.0
8190.0,705.0
8190.0,705.0
8190.0,705.0
8190.0,705.0
8190.0,705.0
8190.000000000002,704.9999999999999
8190.0,705.0
8190.000000000002,705.0000000000003
8190.000000000002,705.0000000000003
8190.000000000002,705.0000000000003
8190.0,705.0
8190.0,705.0
8190.0,705.0
8190.0,705.0
8190.0,705.0
8190.0,705.0
8189.999999999998,705.0
8189.999999999998,705.0
8190.0,705.0
8190.0,705.0
8190.0,705.0
8190.0,705.0
8190.0,705.0
8190.0,705.0
8190.0,705.0
8190.0,705.0
8190.0,705.0
8190.0,705.0
8190.0,705.0
8190.0,705.0
8190.0,705.0
8190.0,705.0
8190.0,705.0
8190.0,705.0
8190.0,705.0
8190.0,705.0
8190.0,705.0
8190.0,705.0
8190.0,705.0
8190.0,705.0
8190.0,705.0
8190.0,705.0
8189.999999999996,704.9999999999997
8189.999999999996,704.9999999999997
8189.999999999996,704.9999999999997
8189.999999999996,704.9999999999997
8190.0,705.0
8190.0,705.0000000000001
8190.0,705.0
8190.0,705.0
8190.0,705.0
8190.0,705.0
8190.0,705.0
8190.0,705.0
8190.0,705.0
8190.0,705.0
8190.0,705.0
8190.0,705.0
8190.0,705.0
8190.0,705.0
8190.0,705.0
8190.0,705.0
8190.0,705.0
8190.0,705.0
8190.0,705.0
8190.0,705.0
8190.0,705.0
8190.0,705.0
8190.0,705.0
8190.0,705.0
8190.0,705.0
8190.0,705.0
8190.0,705.0
8190.0,705.0
8190.0,705.0
8190.0,705.0
8190.0,705.0
8190.0,705.0
8190.0,705.0
8190.0,705.0
8190.0,705.0
8190.0,705.0
8190.0,705.0
8190.0,705.0
8190.0,705.0
8190.0,705.0
8190.0,705.0
8190.0,705.0
8190.0,705.0
8190.0,705.0
8190.0,705.0
8190.0,705.0
8190.0,705.0
8190.0,705.0
8190.0,705.0
8190.0,705.0
8190.0,705.0
8190.0,705.0
8190.0,705.0
8190.0,705.0
8190.0,705.0
8190.0,705.0
8190.0,705.0
8190.0,705.0
8190.0,705.0
8190.0,705.0
8190.0,705.0
8190.0,705.0
8190.0,705.0
8190.0,705.0
8190.0,705.0
8190.0,705.0
8190.0,705.0
8190.0,705.0
8190.0,705.0
8190.0,705.0
8190.0,705.0
8190.0,705.0
8190.0,705.0
8190.0,705.0
8190.0,705.0
8190.0,705.0
8190.0,705.0
8190.0,705.0
8190.0,705.0
8190.0,705.0
8190.0,705.0
8190.0,705.0
8190.0,705.0
8190.0,705.0
8190.0,705.0
8190.0,705.0
8190.0,705.0
8190.0,705.0
8190.0,705.0
8190.0,705.0
8190.0,705.0
8190.0,705.0
8190.0,705.0
8190.0,705.0
8190.0,705.0
8190.0,705.0
8190.0,705.0
8190.0,705.0
8190.0,705.0
8190.0,705.0
8190.0,705.0
8190.0,705.0
8190.0,705.0
8190.0,705.0
8190.0,705.0
8190.0,705.0
8190.0,705.0
8190.0,705.0
8190.0,705.0
8190.0,705.0
8190.0,705.0
8190.0,705.0
8190.0,705.0
8190.0,705.0
8190.0,705.0
8190.000000000003,704.9999999999999
8190.000000000003,704.9999999999999
8190.0,705.0
8190.0,705.0
8190.0,705.0
8190.0,705.0
8190.0,705.0
8190.0,705.0
8190.0,705.0
8190.0,705.0
8190.0,705.0
8190.0,705.0
8190.0,705.0
8190.0,705.0
8190.0,705.0
8190.0,705.0
8190.0,705.0
8190.0,705.0
8190.0,705.0
8190.0,705.0
8190.0,705.0
8190.0,705.0
8190.0,705.0
8190.0,705.0
8190.0,705.0
8190.0,705.0
8190.0,705.0
8190.0,705.0
8190.0,705.0
8190.0,705.0
8190.0,705.0
8190.0,705.0
8190.0,705.0
8190.0,705.0
8190.0,705.0
8190.0,705.0
8190.0,705.0
8190.0,705.0
8190.0,705.0
8190.0,705.0
8190.0,705.0
8190.0,705.0
8190.0,705.0
8190.0,705.0
8190.0,705.0
8190.0,705.0
8190.0,705.0
8190.0,705.0
8190.0,705.0
8190.0,705.0
8190.0,705.0
8190.0,705.0
8190.0,705.0
8190.0,705.0
8190.0,705.0
8190.0,705.0
8190.0,705.0
8190.0,705.0
8190.0,705.0
8189.999999999998,705.0
8189.999999999998,705.0
8189.999999999998,705.0
8190.0,705.0
8189.999999999999,705.0
8189.999999999999,705.0
8190.0,705.0
8190.0,705.0
8190.0,705.0
8190.0,705.0
8190.0,705.0
8190.0,705.0
8190.0,705.0
8190.0,705.0
8190.0,705.0
8190.0,705.0
8190.0,705.0
8190.0,705.0
8190.0,705.0
8190.0,705.0
8190.0,705.0
8190.0,705.0
8190.0,705.0
8190.0,705.0
8190.0,705.0
8190.0,705.0
8190.0,705.0
8190.0,705.0
8190.0,705.0
8190.0,705.0
8190.0,705.0
8190.0,705.0
8190.0,705.0
8190.0,705.0
8190.0,705.0
8190.0,705.0
8190.0,705.0
8190.0,705.0
8190.0,705.0
8190.0,705.0
8190.0,705.0
8190.0,705.0
8190.0,705.0
8190.0,705.0
8190.0,705.0
8190.0,705.0
8190.0,705.0
8190.0,705.0
8190.0,705.0
8190.0,705.0
8190.0,705.0
8190.0,705.0
8190.0,705.0
8190.0,705.0
8190.0,705.0
8190.0,705.0
8190.0,705.0
8190.0,705.0
8190.0,705.0
8190.0,705.0
8190.0,705.0
8190.000000000001,705.0000000000001
8190.000000000001,705.0000000000001
8190.0,705.0
8190.0,705.0
8190.0,705.0
8190.0,705.0
8190.0,705.0
8190.0,705.0
8190.0,705.0
8190.0,705.0
8190.0,705.0
8190.0,705.0
8190.0,705.0
8190.0,705.0
8190.0,705.0
8190.0,705.0
8190.0,705.0
8190.0,705.0
8190.0,705.0
8190.0,705.0
8190.0,705.0
8190.0,705.0
8190.0,705.0
8190.0,705.0
8190.0,705.0
8190.0,705.0
8190.0,705.0
8190.0,705.0
8190.0,705.0
8190.0,705.0
8190.0,705.0
8190.0,705.0
8190.0,705.0
8190.0,705.0
8190.0,705.0
8190.0,705.0
8190.0,705.0
8190.0,705.0
8190.0,705.0
8190.0,705.0
8190.0,705.0
8190.0,705.0
8190.0,705.0
8190.0,705.0
8190.0,705.0
8190.0,705.0
8190.0,705.0
8190.0,705.0
8190.0,705.0
8190.0,705.0
8190.0,705.0
8190.0,705.0
8190.0,705.0
8190.0,705.0
8190.0,705.0
8190.0,705.0
8190.0,705.0
8190.0,705.0
8190.0,705.0
8190.0,705.0
8190.0,705.0
8190.0,705.0
8190.0,705.0
8190.0,705.0
8190.0,705.0
8190.0,705.0
8190.0,705.0
8190.0,705.0
8190.0,705.0
8190.0,705.0
8190.0,705.0
8190.0,705.0
8190.0,705.0
8190.0,705.0
8190.0,705.0
8190.0,705.0
8190.0,705.0
8190.0,705.0
8190.0,705.0
8190.0,705.0
8190.0,705.0
8190.0,705.0
8190.0,705.0
8190.0,705.0
8190.0,705.0
8190.0,705.0
8190.0,705.0
8190.0,705.0
8190.0,705.0
8190.0,705.0
8190.0,705.0
8190.0,705.0
8190.0,705.0
8190.0,705.0
8190.0,705.0
8190.0,705.0
8190.0,705.0
8190.0,705.0
8190.0,705.0
8190.0,705.0
8190.0,705.0
8190.0,705.0
8190.0,705.0
8190.0,705.0
8190.0,705.0
8190.0,705.0
8190.0,705.0
8190.0,705.0
8190.0,705.0
8190.0,705.0
8190.0,705.0
8190.0,705.0
8190.0,705.0
8190.0,705.0
8190.0,705.0
8190.0,705.0
8190.0,705.0
8190.0,705.0
8190.0,705.0
8190.0,705.0
8190.0,705.0
8190.0,705.0
8190.0,705.0
8190.0,705.0
8190.0,705.0
8190.0,705.0
8190.0,705.0
8190.0,705.0
8190.0,705.0
8190.0,705.0
8190.0,705.0
8190.0,705.0
8190.0,705.0
8190.0,705.0
8190.0,705.0
8190.0,705.0
8190.0,705.0
8190.0,705.0
8190.0,705.0
8190.0,705.0
8190.0,705.0
8188.0,705.0
8188.0,705.0
8187.0,705.0
8185.0,705.0
8185.0,705.0
8185.0,705.0
8185.0,705.0
8184.0,705.0
8184.0,705.0
8182.0,705.0
8181.0,705.0
8179.0,705.0
8176.0,705.0
8173.0,705.0
8169.0,705.0
8161.0,705.0
8161.0,705.0
8151.0,705.0
8146.0,705.0
8146.0,705.0
8141.0,705.0
8130.0,705.0
8130.0,705.0
8125.0,705.0
8115.0,705.0
8115.0,705.0
8110.0,705.0
8099.0,705.0
8099.0,705.0
8094.0,705.0
8084.0,705.0
8084.0,705.0
8078.0,705.0
8068.0,705.0
8068.0,705.0
8063.0,705.0
8058.0,705.0
8058.0,705.0
8052.359381676314,704.9999999999999
8049.460898785641,704.9999999999999
8049.460898785641,704.9999999999999
8046.562415894969,705.0
8041.0,705.0
8041.0,705.0
8042.0,705.0
8044.0,705.0
8044.0,705.0
8045.0,705.0
8050.0,705.0
8050.0,705.0
8053.0,705.0
8060.0,705.0
8060.0,705.0
8064.0,705.0
8074.0,705.0
8074.0,705.0
8079.0,705.0
8090.0,705.0
8090.0,705.0
8095.0,705.0
8105.0,705.0
8105.0,705.0
8110.0,705.0
8121.0,705.0
8121.0,705.0
8131.0,705.0
8136.0,705.0
8142.0,705.0
8147.0,705.0
8152.0,705.0
8152.0,705.0
8157.0,705.0
8168.0,705.0
8168.0,705.0
8173.0,705.0
8183.0,705.0
8183.0,705.0
8188.0,705.0
8199.0,723.0
8199.0,723.0
8204.0,731.0
8214.0,745.0
8214.0,745.0
8219.0,751.0
8230.0,760.0
8230.0,760.0
8235.0,763.0
8245.0,768.0
8245.0,768.0
8251.0,769.0
8261.0,768.0
8261.0,768.0
8265.0,767.0
8265.0,762.0
8265.0,762.0
8265.0,758.0
8265.0,749.0
8265.0,749.0
8265.0,738.0
8265.0,730.0
8265.0,730.0
8265.0,713.0
8265.0,705.0
8265.0,705.0
8265.0,705.0
8265.0,705.0
8265.0,705.0
8265.0,716.8067226890671
8265.0,723.0
8265.0,723.0
8265.0,739.0
8265.0,745.0
8265.0,745.0
8265.0,756.0
8265.0,760.0
8265.0,760.0
8265.0,766.0
8265.0,768.0
8265.0,768.0
8265.0,769.0
8265.0,768.0
8265.0,768.0
8265.0,765.0
8265.0,762.0
8265.0,758.0
8265.0,754.0
8265.0,749.0
8265.0,743.0
8265.0,736.0
8265.0,736.0
8265.0,736.0
8265.0,725.9181650955306
8265.0,708.0
8265.0,708.0
8265.0,726.0
8265.0,734.0
8265.0,734.0
8265.0,748.0
8265.0,753.0
8265.0,753.0
8265.0,762.0
8265.0,766.0
8265.0,766.0
8265.0,770.0
8265.0,771.0
8265.0,771.0
8265.0,771.0
8265.0,770.0
8265.0,770.0
8265.0,765.0
8265.0,761.0
8265.0,761.0
8266.0,751.0
8265.0,745.0
8265.0,739.0
8265.0,731.0
8265.0,731.0
8265.0,731.0
8264.999999999995,732.4713134809932
8264.999999999995,732.4953326900011
8264.999999999995,732.5193518990088
8265.0,735.4011348512486
8265.0,735.4011348512486
8265.0,735.4011348512486
8265.0,752.0
8266.0,757.0
8266.0,757.0
8265.0,765.0
8265.0,768.0
8265.0,768.0
8265.0,771.0
8265.0,771.0
8265.0,771.0
8265.0,770.0
8265.0,768.0
8265.0,768.0
8265.0,762.0
8265.0,758.0
8265.0,758.0
8266.0,747.0
8266.0,747.0
8266.0,747.0
8271.0,752.0
8274.0,751.0
8274.0,751.0
8277.0,749.0
8281.0,746.0
8285.0,752.0
8289.0,753.0
8294.0,752.0
8294.0,752.0
8306.54045157421,744.0
8315.0,751.0
8315.0,751.0
8325.0,752.0
8330.0,750.0
8330.0,750.0
8341.0,745.0
8341.0,745.0
8341.0,745.0
8356.0,730.0
8362.0,724.0
8362.0,724.0
8372.0,709.0
8377.0,710.0
8377.0,710.0
8387.0,728.0
8387.0,728.0
8387.0,728.0
8398.0,749.0
8400.0,753.0
8400.0,753.0
8402.0,751.0
8403.0,749.0
8403.0,749.0
8403.0,742.0
8403.0,742.0
8403.0,742.0
8403.0,726.0
8403.0,719.0
8403.0,719.0
8403.0,705.0
8403.0,705.0
8403.0,705.0
8403.0,705.0
8403.0,705.0
8403.0,705.0
8403.0,705.0
8403.0,705.0
8403.0,705.0
8403.0,705.0
8403.0,705.0
8403.0,705.0
8440.228709094576,705.0
8440.228709094576,705.0
8440.228709094576,705.0
8479.528906989435,705.0
8495.248986147373,710.0
8495.248986147373,710.0
8518.829104884295,727.0
8534.54918404224,735.0
8534.54918404224,735.0
8558.129302779147,748.0
8558.129302779147,748.0
8558.129302779147,748.0
8595.0,751.0
8600.0,749.0
8600.0,749.0
8609.0,743.0
8614.0,738.0
8614.0,738.0
8625.0,727.0
8625.0,727.0
8625.0,727.0
8640.0,705.0
8645.0,715.0
8645.0,715.0
8656.0,732.0
8661.0,739.0
8661.0,739.0
8671.0,752.0
8671.0,752.0
8671.0,752.0
8687.0,765.0
8692.0,768.0
8692.0,768.0
8703.0,771.0
8708.0,771.0
8708.0,771.0
8718.0,770.0
8718.0,770.0
8718.0,770.0
8734.0,762.0
8739.0,758.0
8739.0,758.0
8749.0,747.0
8754.0,740.0
8760.0,733.0
8765.0,725.0
8765.0,725.0
8765.0,725.0
8780.0,712.0
8786.0,722.0
8786.0,722.0
8796.0,738.0
8801.0,744.0
8801.0,744.0
8812.0,756.0
8812.0,756.0
8812.0,756.0
8827.0,767.0
8832.0,769.0
8832.0,769.0
8843.0,771.0
8848.0,771.0
8848.0,771.0
8858.0,769.0
8858.0,769.0
8858.0,769.0
8874.0,759.0
8879.0,754.0
8879.0,754.0
8889.0,742.0
8895.0,735.0
8895.0,735.0
8905.0,718.0
8905.0,718.0
8905.0,718.0
8921.0,719.0
8926.0,728.0
8926.0,728.0
8936.0,743.0
8941.0,749.0
8941.0,749.0
8952.0,759.0
8952.0,759.0
8952.0,759.0
8967.0,769.0
8972.0,770.0
8972.0,770.0
8983.0,771.0
8988.0,771.0
8988.0,771.0
8998.0,767.0
8998.0,767.0
8998.0,767.0
9014.0,755.0
9019.0,750.0
9019.0,750.0
9030.0,737.0
9035.0,729.0
9035.0,729.0
9045.0,725.530354740542
9045.0,725.530354740542
9055.0,715.0
9061.0,723.0
9066.0,731.0
9071.0,739.0
9076.0,745.0
9081.0,751.0
9081.0,751.0
9092.0,760.0
9092.0,760.0
9092.0,760.0
9107.0,768.0
9113.0,769.0
9113.0,769.0
9123.0,768.0
9128.0,767.0
9128.0,767.0
9138.0,762.0
9138.0,762.0
9138.0,762.0
9154.0,749.0
9159.0,743.0
9159.0,743.0
9170.0,729.0
9175.0,720.0
9175.0,720.0
9185.0,705.0
9185.0,705.0
9185.0,705.0
9201.0,705.0
9206.0,705.0
9206.0,705.0
9216.0,705.0
9222.0,705.0
9222.0,705.0
9227.0,705.0
9232.0,705.0
9232.0,705.0
9247.0,705.0
9253.0,705.0
9253.0,705.0
9263.0,705.0
9268.0,705.0
9268.0,705.0
9279.0,705.0
9279.0,705.0
9279.0,705.0
9294.0,705.0
9299.0,705.0
9299.0,705.0
9310.0,705.0
9315.0,705.0
9315.0,705.0
9325.0,723.0
9325.0,723.0
9325.0,723.0
9341.0,734.0
9346.0,732.0
9346.0,732.0
9356.0,726.0
9362.0,722.0
9367.0,718.0
9372.0,712.0
9372.0,712.0
9372.0,712.0
9388.0,705.0
9393.0,705.0
9393.0,705.0
9403.0,705.0
9408.0,705.0
9408.0,705.0
9414.0,705.0
9419.0,715.0
9419.0,715.0
9434.0,733.0
9439.0,733.0
9439.0,733.0
9450.0,728.0
9455.0,725.0
9455.0,725.0
9465.0,716.0
9465.0,716.0
9465.0,716.0
9481.0,705.0
9486.0,705.0
9486.0,705.0
9497.0,705.0
9502.0,715.0
9502.0,715.0
9512.0,731.0
9512.0,731.0
9512.0,731.0
9523.101247654402,727.847991950064
9533.0,727.0
9533.0,727.0
9538.0,724.0
9543.0,720.0
9543.0,720.0
9554.525820153174,705.0
9554.525820153174,705.0
9554.525820153174,705.0
9574.0,705.0
9580.0,705.0
9580.0,705.0
9590.0,705.0
9595.0,705.0
9595.0,705.0
9606.0,705.0
9606.0,705.0
9606.0,705.0
9621.0,705.0
9626.0,705.0
9626.0,705.0
9637.0,705.0
9642.0,705.0
9642.0,705.0
9652.0,705.0
9652.0,705.0
9652.0,705.0
9668.0,705.0
9672.0,705.0
9677.0,705.0
9682.0,705.0
9687.0,705.0
9692.0,705.0
9698.0,705.0
9708.0,705.0
9713.0,705.0
9713.0,705.0
9718.0,705.0
9724.0,705.0
9729.0,705.0
9734.0,705.0
9739.0,705.0
9744.0,705.0
9744.0,705.0
9755.0,705.0
9760.0,705.0
9765.0,705.0
9770.0,705.0
9776.0,705.0
9781.0,705.0
9786.0,705.0
9791.0,705.0
9791.0,705.0
9801.0,705.0
9807.0,705.0
9812.0,705.0
9817.0,705.0
9822.0,705.0
9830.994320403843,704.9999999999999
9832.726607410199,705.0
9834.340447441762,705.0000000000005
9834.340447441762,705.0000000000005
9834.340447441762,705.0000000000005
9834.340447441762,705.0000000000005
9834.340447441762,705.0000000000005
9834.340447441762,705.0000000000005
9859.0,705.0
9866.656074736833,705.0000000000001
9874.356839561124,705.0000000000001
9874.356839561124,705.0000000000001
9882.057604385418,705.0
9889.758369209712,705.0
9894.165935425515,704.9999999999998
9901.459899102838,705.0
9903.755619946283,705.0
9916.0,705.0
9921.0,705.0
9926.0,705.0
9931.0,705.0
9931.0,705.0
9942.0,705.0
9947.0,705.0
9952.0,705.0
9957.0,705.0
9962.0,705.0
9968.0,705.0
9973.0,705.0
9978.0,705.0
9978.0,705.0
9988.0,705.0
9993.0,705.0
9999.0,705.0
10004.0,705.0
10009.0,705.0
10014.0,705.0
10019.0,705.0
10025.0,705.0
10025.0,705.0
10035.0,705.0
10040.0,705.0
10045.0,705.0
10051.0,705.0
10056.0,705.0
10061.0,705.0
10066.0,705.0
10071.0,705.0
10071.0,705.0
10082.0,705.0
10087.0,705.0
10092.0,705.0
10097.0,705.0
10102.0,705.0
10108.0,705.0
10113.0,705.0
10118.0,705.0
10118.0,705.0
10128.0,708.0
10134.0,708.0
10139.0,708.0
10144.0,708.0
10149.0,708.0
10154.0,708.0
10160.0,708.0
10165.0,708.0
10165.0,708.0
10175.0,708.0
10180.0,707.0
10185.0,707.0
10185.0,706.0
10185.0,705.0
10185.0,705.0
10185.0,705.0
10185.0,705.0
10185.0,705.0
10185.0,705.0
10185.0,705.0
10185.0,705.0
10185.0,705.0
10185.0,705.0
10185.0,705.0
10185.0,705.0
10185.0,705.0
10185.0,705.0
10185.0,705.0
10185.0,705.0
10185.0,705.0
10185.0,705.0
10185.0,705.0
10185.0,705.0
10185.0,705.0
10185.0,705.0
10185.0,705.0
10185.0,705.0
10185.0,705.0
10185.0,705.0
10185.0,705.0
10185.0,705.0
10185.0,705.0
10185.0,705.0
10185.0,705.0
10185.0,705.0
10185.0,705.0
10185.0,705.0
10185.0,705.0
10185.0,705.0
10185.0,705.0
10185.0,705.0
10185.0,705.0
10185.0,705.0
10185.0,705.0
10185.0,705.0
10185.0,705.0
10184.999999999998,704.9999999999999
10184.999999999998,704.9999999999999
10184.999999999995,704.9999999999997
10185.0,705.0
10185.0,705.0
10185.0,705.0
10185.0,705.0
10185.0,705.0
10185.0,705.0
10185.0,705.0
10185.0,705.0
10185.0,705.0
10185.0,705.0
10185.0,705.0
10185.0,705.0
10185.0,705.0
10185.0,705.0
10185.0,705.0
10185.0,705.0
10185.0,705.0
10185.0,705.0
10185.0,705.0
10185.0,705.0
10185.0,705.0
10185.0,705.0
10185.0,705.0
10185.0,705.0
10185.0,705.0
10185.0,705.0
10185.0,705.0
10185.0,705.0
10185.0,705.0
10185.0,705.0
10185.0,705.0
10185.0,705.0
10185.0,705.0
10185.0,705.0
10185.0,705.0
10185.0,705.0
10185.0,705.0
10185.0,705.0
10185.0,705.0
10185.0,705.0
10185.0,705.0
10185.0,705.0
10185.0,705.0
10185.0,705.0
10185.0,705.0
10185.0,705.0
10185.0,705.0
10185.0,705.0
10185.0,705.0
10185.0,705.0
10185.0,705.0
10185.0,705.0
10185.0,705.0
10185.0,705.0
10185.0,705.0
10185.0,705.0
10185.0,705.0
10185.0,705.0
10185.0,705.0
10185.0,705.0
10185.0,705.0
10185.0,705.0
10185.0,705.0
10185.0,705.0
10185.0,705.0
10185.0,705.0
10185.0,705.0
10185.0,705.0
10185.0,705.0
10185.0,705.0
10185.000000000004,705.0000000000002
10185.0,705.0
10185.0,705.0
10185.0,705.0
10185.0,705.0
10185.0,705.0
10185.0,705.0
10185.0,705.0
10185.0,705.0
10185.0,705.0
10185.0,705.0
10185.0,705.0
10185.0,705.0
10185.0,705.0
10185.0,705.0
10185.0,705.0
10185.0,705.0
10185.0,705.0
10185.0,705.0
10185.0,705.0
10185.0,705.0
10185.0,705.0
10185.0,705.0
10185.0,705.0
10185.0,705.0
10185.0,705.0
10185.0,705.0
10185.0,705.0
10185.0,705.0
10185.0,705.0
10185.0,705.0
10185.0,705.0
10185.0,705.0
10185.0,705.0
10185.0,704.9999999999998
10185.0,704.9999999999999
10185.0,704.9999999999999
10185.0,704.9999999999999
10185.0,705.0
10185.0,705.0
10185.0,705.0
10185.0,705.0
10185.0,705.0
10185.0,705.0
10185.0,705.0
10185.0,705.0
10185.0,705.0
10185.0,705.0
10185.0,705.0
10185.0,705.0
10185.0,705.0
10185.0,705.0
10185.0,705.0
10185.0,705.0
10185.0,705.0
10185.0,705.0
10185.0,705.0
10185.0,705.0
10185.0,705.0
10185.0,705.0
10185.0,705.0
10185.0,705.0
10185.0,705.0
10185.0,705.0
10184.999999999996,704.9999999999995
10184.999999999998,704.9999999999997
10184.999999999998,704.9999999999997
10184.999999999995,704.9999999999998
10185.0,705.0
10185.0,705.0
10185.0,705.0
10185.0,705.0
10185.0,705.0
10185.0,705.0
10185.0,705.0
10185.0,705.0
10185.0,705.0
10185.0,705.0
10185.0,705.0
10185.0,705.0
10185.0,705.0
10185.0,705.0
10185.0,705.0
10185.0,705.0
10185.0,705.0
10185.0,705.0
10185.0,705.0
10185.0,705.0
10185.0,705.0
10185.0,705.0
10185.0,705.0
10185.0,705.0
10185.0,705.0
10185.0,705.0
10185.0,705.0
10184.999999999995,704.9999999999999
10184.999999999995,704.9999999999999
10185.0,705.0
10185.0,705.0
10185.0,705.0
10185.0,705.0
10185.0,705.0
10185.0,705.0
10185.0,705.0
10185.0,705.0
10185.0,705.0
10185.0,705.0
10185.0,705.0
10185.0,705.0
10185.0,705.0
10185.0,705.0
10185.0,705.0
10185.0,705.0
10185.0,705.0
10185.0,705.0
10185.0,705.0
10185.0,705.0
10185.0,705.0
10185.0,705.0
10185.0,705.0
10185.0,705.0
10185.0,705.0
10185.0,705.0
10185.0,705.0
10185.0,705.0
10185.0,705.0
10185.0,705.0
10185.0,705.0
10185.0,705.0
10185.0,705.0
10185.0,705.0
10185.0,705.0
10185.0,705.0
10185.0,705.0
10185.0,705.0
10185.0,705.0
10185.0,705.0
10185.0,705.0
10185.0,705.0
10185.0,705.0
10185.0,705.0
10185.0,705.0
10185.0,705.0
10185.0,705.0
10185.0,705.0
10185.0,705.0
10185.0,705.0
10185.0,705.0
10185.0,705.0
10185.0,705.0
10185.0,705.0
10185.0,705.0
10185.0,705.0
10185.0,705.0
10185.0,705.0
10185.0,705.0
10185.0,705.0
10185.0,705.0
10185.0,705.0
10185.0,705.0
10185.0,705.0
10185.0,705.0
10185.0,705.0
10185.0,705.0
10185.0,705.0
10185.0,705.0
10185.0,705.0
10185.0,705.0
10185.0,705.0
10185.0,705.0
10185.0,705.0
10185.0,705.0
10185.0,705.0
10185.0,705.0
10185.0,705.0
10185.0,705.0
10185.0,705.0
10185.0,705.0
10185.0,705.0
10185.0,705.0
10185.0,705.0
10185.0,705.0
10185.0,705.0
10185.0,705.0
10185.0,705.0
10185.0,705.0
10185.0,705.0
10185.0,705.0
10185.0,705.0
10185.0,705.0
10185.0,705.0
10185.0,705.0
10185.0,705.0
10185.0,705.0
10185.0,705.0
10185.0,705.0
10185.0,705.0
10185.0,705.0
10185.0,705.0
10185.0,705.0
10185.0,705.0
10185.0,705.0
10185.0,705.0
10185.0,705.0
10185.0,705.0
10185.0,705.0
10185.0,705.0
10185.0,705.0
10185.0,705.0
10185.0,705.0
10185.0,705.0
10185.0,705.0
10185.0,705.0
10185.0,705.0
10185.0,705.0
10185.0,705.0
10184.0,705.0
10184.0,705.0
10183.0,705.0
10183.0,705.0
10184.0,705.0
10184.0,705.0
10185.0,705.0
10185.0,705.0
10184.0,705.0
10184.0,705.0
10183.0,705.0
10183.0,705.0
10183.0,705.0
10183.0,705.0
10183.0,705.0
10183.0,705.0
10183.0,705.0
10183.0,705.0
10183.0,705.0
10183.0,705.0
10183.0,705.0
10183.0,705.0
10183.0,705.0
10183.0,705.0
10183.0,705.0
10183.0,705.0
10183.0,705.0
10183.0,705.0
10183.0,705.0
10183.0,705.0
10183.0,705.0
10183.0,705.0
10183.0,705.0
10183.0,705.0
10183.0,705.0
10183.0,705.0
10183.0,705.0
10183.0,705.0
10183.0,705.0
10183.0,705.0
10183.0,705.0
10183.0,705.0
10183.0,705.0
10183.0,705.0
10183.0,705.0
10183.0,705.0
10183.0,705.0
10183.0,705.0
10183.0,705.0
10183.0,705.0
10183.0,705.0
10183.0,705.0
10183.0,705.0
10183.0,705.0
10183.0,705.0
10183.0,705.0
10183.0,705.0
10183.0,705.0
10183.0,705.0
10183.0,705.0
10183.0,704.0
10183.0,703.0
10183.0,700.0
10183.0,697.0
10183.0,694.0
10183.0,689.0
10183.0,684.0
10183.0,678.0
10183.0,678.0
10183.0,663.0
10183.0,655.0
10183.0,645.0
10183.0,635.0
10183.0,626.9999999999854
10183.0,613.0
10183.0,597.7403442105278
10183.0,589.3061435454365
10183.0,589.3061435454365
10183.0,560.0
10183.0,540.9732589947598
10183.0,527.7682281275993
10183.0,514.5631972604315
10183.0,493.0
10183.0,493.0
10183.0,476.17898930640513
10183.0,468.17844520085055
10183.0,468.17844520085055
10183.0,439.0
10183.0,428.37485074949655
10183.0,412.0
10183.0,398.0
10183.0,389.72914179159125
10183.0,371.0
10183.0,357.3134610759298
10183.0,348.8841590206066
10183.0,348.8841590206066
10183.0,317.0
10183.0,307.47245520867
10183.0,290.0
10183.0,277.0
10183.0,268.4120758681165
10183.0,250.0
10183.0,227.68184151253809
10183.0,227.68184151253809
10183.0,227.68184151253809
10183.0,196.0
10183.0,187.09213257289957
10183.0,169.0
10183.0,155.0
10183.0,142.0
10183.0,148.96596132483683
10183.0,148.96596132483683
10183.0,148.96596132483683
10183.0,148.96596132483683
10183.0,148.96596132483683
10183.0,128.0
10183.0,128.0
10183.0,128.0
10183.0,128.0
10183.0,128.0
10183.0,128.0
10183.0,105.0
10183.0,105.0
10183.0,105.0
10183.0,105.0
10183.0,105.0
10183.0,105.0
10183.0,105.0
10183.0,105.0
10183.0,105.0
10183.0,105.0
10183.0,105.0
10183.0,105.0
10183.0,105.0
10183.0,105.0
10183.0,105.0
10183.0,105.0
10183.0,105.0
10183.0,105.0
10183.0,105.0
10183.0,105.0
10183.0,105.0
10183.0,105.0
10183.0,105.0
10183.000000000002,105.00000000000006
10183.0,105.0
10183.0,105.0
10183.0,105.0
10183.0,105.0
10183.0,105.0
10183.0,105.0
10183.0,105.0
10183.0,105.0
10183.0,105.0
10183.0,105.0
10183.0,105.0
10183.0,105.0
10183.0,105.0
10183.0,105.0
10183.0,105.0
10183.0,105.0
10183.0,105.0
10183.0,105.0
10183.0,105.0
10183.0,105.0
10183.0,105.0
10183.0,105.0
10183.0,105.0
10183.0,105.0
10183.0,105.0
10183.0,105.0
10183.0,105.0
10183.0,105.0
10183.0,105.0
10183.0,105.0
10183.0,105.0
10183.0,105.0
10183.0,105.0
10183.0,105.0
10183.0,105.0
10183.0,105.0
10183.0,105.0
10183.0,105.0
10183.0,105.0
10183.0,105.0
10183.0,105.0
10183.0,105.0
10183.0,105.0
10183.0,105.0
10183.0,105.0
10183.0,105.0
10183.0,105.0
10183.0,105.0
10183.0,105.0
10183.0,105.0
10183.0,105.0
10183.0,105.0
10183.0,105.0
10183.0,105.0
10183.0,105.0
10183.0,105.0
10183.0,105.0
10183.0,105.0
10183.0,105.0
10183.0,105.0
10183.0,105.0
10183.0,105.0
10183.0,105.0
10183.0,105.0
10183.0,105.0
10183.0,105.0
10183.0,105.0
10183.0,105.0
10183.0,105.0
10183.0,105.0
10183.0,105.0
10183.0,105.0
10183.0,105.0
10183.0,105.0
10183.0,105.0
10183.0,105.0
10183.0,105.0
10183.0,105.0
10183.0,105.0
10183.0,105.0
10183.0,105.0
10183.0,105.0
10183.0,105.0
10183.0,105.0
10183.0,105.0
10183.0,105.0
10183.0,105.0
10183.0,105.0
10183.0,105.0
10183.0,105.0
10183.0,105.0
10183.0,105.0
10183.0,105.0
10183.0,105.0
10183.0,105.0
10183.0,105.0
10183.0,105.0
10183.0,105.0
10183.0,105.0
10183.0,105.0
10183.0,105.0
10183.0,105.0
10183.0,105.0
10183.0,105.0
10183.0,105.0
10183.0,105.0
10183.0,105.0
10183.0,105.0
10183.0,105.0
10183.0,105.0
10183.0,105.0
