Arsenito, 6
45.0,225.0
46.0,225.0
46.0,225.0
49.0,225.0
49.0,225.0
49.0,225.0
53.0,225.0
60.0,225.0
60.0,225.0
68.0,225.0
68.0,225.0
78.0,225.0
78.0,225.0
88.0,225.0
88.0,225.0
98.75763178402988,225.0
98.75763178402988,225.0
109.0,225.0
109.0,225.0
119.0,225.0
119.0,225.0
130.0,225.0
130.0,225.0
130.0,225.0
140.0,225.0
151.0,225.0
151.0,225.0
161.0,225.0
161.0,225.0
171.16534320648066,225.0
171.16534320648066,225.0
182.0,225.0
182.0,225.0
192.0,225.0
192.0,225.0
192.0,225.0
203.0,225.0
213.0,225.0
213.0,225.0
223.0,235.0
223.0,235.0
234.0,251.0
234.0,251.0
244.0,265.0
244.0,265.0
254.0,276.0
254.0,276.0
254.0,276.0
285.0,283.0
275.0,288.0
275.0,288.0
286.0,289.0
286.0,289.0
286.0,289.0
296.0,287.0
306.0,282.0
306.0,282.0
317.0,274.0
317.0,274.0
317.0,274.0
327.0,263.0
337.0,249.0
337.0,249.0
348.0,231.0
348.0,231.0
348.0,231.0
358.0,225.0
369.0,225.0
369.0,225.0
379.0,225.0
379.0,225.0
379.0,225.0
389.0,225.0
400.0,225.0
400.0,225.0
410.0,225.0
410.0,225.0
410.0,225.0
421.0,225.0
431.0,225.0
431.0,225.0
441.0,225.0
441.0,225.0
441.0,225.0
452.0,225.0
462.0,225.0
462.0,225.0
472.0,225.0
472.0,225.0
472.0,225.0
483.0,225.0
493.1666666666665,225.0
493.1666666666665,225.0
504.0,243.0
504.0,243.0
504.0,243.0
514.0,259.0
524.0,271.0
524.0,271.0
535.0,280.0
535.0,280.0
535.0,280.0
545.0,286.0
555.0,289.0
555.0,289.0
566.0,288.0
566.0,288.0
566.0,288.0
576.0,285.0
587.0,278.0
587.0,278.0
595.9622844827588,269.0
595.9622844827588,269.0
595.9622844827588,269.0
607.0,256.0
618.0,240.0
618.0,240.0
628.0,225.0
628.0,225.0
628.0,225.0
638.0,225.0
673.9201741654565,225.0
673.9201741654565,225.0
698.0638606676337,243.0
698.0638606676337,243.0
698.0638606676337,243.0
670.0,259.0
680.0,271.0
680.0,271.0
696.3611485652559,280.0
696.3611485652559,280.0
701.0,288.0
701.0,288.0
711.0,289.0
711.0,289.0
721.0,288.0
721.0,288.0
721.0,288.0
732.0,285.0
742.0,278.0
742.0,278.0
753.0,269.0
753.0,269.0
753.0,269.0
763.0,256.0
773.0,240.0
773.0,240.0
784.0,227.0
784.0,227.0
784.0,227.0
784.0,246.0
805.0,261.0
805.0,261.0
815.0,273.0
815.0,273.0
815.0,273.0
825.0,282.0
836.0,288.0
836.0,288.0
846.0,291.0
846.0,291.0
846.0,291.0
856.0,290.0
867.0,287.0
867.0,287.0
877.0,281.0
877.0,281.0
877.0,281.0
888.0,271.0
898.0,258.0
898.0,258.0
908.0,242.0
908.0,242.0
908.0,242.0
919.0,224.0
929.0,243.0
929.0,243.0
939.0,259.0
939.0,259.0
939.0,259.0
950.0,271.0
960.0,281.0
960.0,281.0
971.0,287.0
971.0,287.0
971.0,287.0
981.0,279.82251031231607
991.7086303134389,279.8481437831469
991.7086303134389,279.8481437831469
1002.0,287.0
1002.0,287.0
1012.0,281.0
1012.0,281.0
1023.0,272.0
1023.0,272.0
1023.0,259.0
1023.0,259.0
1023.0,259.0
1043.0,244.0
1054.0,225.0
1054.0,225.0
1064.0,242.0
1064.0,242.0
1064.0,242.0
1075.545258620689,258.0
1085.0,271.0
1085.0,271.0
1095.0,280.0
1095.0,280.0
1095.0,280.0
1106.0,287.0
1116.0,291.0
1116.0,291.0
1126.0,291.0
1126.0,291.0
1126.0,291.0
1137.0,289.0
1147.0,283.0
1147.0,283.0
1157.0,274.0
1157.0,274.0
1168.0,262.0
1168.0,262.0
1178.0,247.0
1178.0,247.0
1189.0,229.0
1189.0,229.0
1189.0,229.0
1199.8437860650827,225.0
1209.0,225.0
1209.0,225.0
1220.0,225.0
1220.0,225.0
1220.0,225.0
1230.0,235.0
1240.0,251.0
1240.0,251.0
1251.0,265.0
1251.0,265.0
1251.0,265.0
1261.0,276.0
1272.0,283.0
1272.0,283.0
1282.0,288.0
1282.0,288.0
1282.0,289.0
1282.0,289.0
1303.0,287.0
1303.0,287.0
1313.0,282.0
1313.0,282.0
1313.0,282.0
1313.0,282.0
1323.0,274.0
1323.0,274.0
1323.0,274.0
1323.0,274.0
1344.935749226397,264.1404346173021
1334.0,263.0
1356.2930451964332,237.0
1356.2930451964332,237.0
1375.0,254.0
1375.0,254.0
1375.0,254.0
1386.0,268.0
1386.0,278.0
1386.0,278.0
1407.0,286.0
1407.0,286.0
1407.0,286.0
1417.0,290.0
1427.0,291.0
1427.0,291.0
1427.0,291.0
1427.0,291.0
1427.0,291.0
1449.4056938646636,285.0
1458.0,287.0
1458.0,287.0
1469.0,304.0
1469.0,304.0
1469.0,304.0
1479.0,318.0
1490.046249886204,329.0
1490.046249886204,329.0
1500.0,337.0
1500.0,337.0
1500.0,337.0
1510.0,342.0
1521.0,344.0
1521.0,344.0
1531.0,342.0
1531.0,342.0
1531.0,342.0
1541.0,338.0
1552.0,330.0
1552.0,330.0
1562.0,319.0
1562.0,319.0
1562.0,319.0
1573.0,305.0
1583.0,288.0
1583.0,288.0
1583.0,281.0
1583.0,281.0
1583.0,281.0
1604.0,299.0
1614.0,314.0
1614.0,314.0
1624.0,326.0
1624.0,326.0
1635.0,334.0
1635.0,334.0
1645.0,340.0
1645.0,340.0
1656.0,342.0
1656.0,342.0
1656.0,342.0
1666.0,342.0
1676.0,338.0
1676.0,338.0
1687.0,331.0
1687.0,331.0
1687.0,331.0
1697.0,321.0
1708.0,308.0
1708.0,308.0
1718.0,292.0
1718.0,292.0
1718.0,292.0
1728.0,285.0
1739.0,285.0
1739.0,285.0
1749.0,285.0
1749.0,285.0
1749.0,285.0
1750.0,285.0
1770.0,285.0
1770.0,285.0
1780.0,285.0
1780.0,285.0
1788.9296456793263,285.0
1788.9296456793263,285.0
1801.0,285.0
1801.0,285.0
1811.0,285.0
1811.0,285.0
1811.0,285.0
1822.0,285.0
1832.0,285.0
1832.0,285.0
1842.0,285.0
1842.0,285.0
1842.0,285.0
1853.0,285.0
1863.0,285.0
1863.0,285.0
1874.0,285.0
1874.0,285.0
1874.0,285.0
1884.0,285.0
1884.0,285.0
1884.0,285.0
4534.042607802723,303.0
4534.042607802723,303.0
4534.042607802723,303.0
6322.541581108642,319.0
7663.915811088169,331.0
7663.915811088169,331.0
1935.0,340.0
1935.0,340.0
1935.0,340.0
4073.6306283536687,340.0
3507.846404512573,340.0
3507.846404512573,340.0
2942.062180671506,348.0
1912.0,347.0
1912.0,347.0
1912.0,347.0
2523.319888765116,341.0
2523.319888765116,341.0
2379.917739283799,333.0
2379.917739283799,333.0
2379.917739283799,333.0
2010.0,314.0
2020.0,298.0
2020.0,298.0
2020.0,298.0
2031.0,290.0
2031.0,290.0
2041.0,308.0
2051.0,322.0
2051.0,322.0
2051.0,322.0
2062.0,334.0
2062.0,334.0
2072.0,343.0
2082.0,348.0
2082.0,348.0
2082.0,348.0
2083.0,351.0
2083.0,351.0
2103.0,350.0
2114.0,346.0
2114.0,346.0
2114.0,346.0
2124.0,340.0
2124.0,340.0
2134.0,330.0
2145.0,316.0
2145.0,316.0
2145.0,316.0
2155.0,300.0
2155.0,300.0
2150.500076731382,281.0
2176.0,258.0
2176.0,258.0
2176.0,258.0
2186.0,269.0
2194.0774977227243,285.0
2194.0774977227243,285.0
2207.0,299.0
2207.0,299.0
2217.0,309.0
2217.0,309.0
2217.0,309.0
2228.0,316.0
2228.0,316.0
2228.0,320.0
2228.0,320.0
2249.0,321.0
2249.0,321.0
2259.0,319.0
2259.0,319.0
2269.0,313.0
2269.0,313.0
2280.0,305.0
2280.0,305.0
2280.0,293.0
2280.0,293.0
2300.0,312.3333333333335
2300.0,312.3333333333335
2311.0,307.0
2311.0,307.0
2321.0,322.0
2321.0,322.0
2332.0,334.0
2332.0,334.0
2342.0,342.0
2342.0,342.0
2352.0,348.0
2352.0,348.0
2363.0,350.0
2363.0,350.0
2373.0,350.0
2373.0,350.0
2383.0,340.0
2383.0,340.0
2393.833333333335,339.0
2393.833333333335,339.0
2404.0,329.0
2404.0,329.0
2415.0,316.0
2415.0,316.0
2425.0,300.0
2425.0,300.0
2435.0,285.0
2435.0,285.0
2446.0,285.0
2446.0,285.0
2456.0,285.0
2456.0,285.0
2466.0,285.0
2466.0,285.0
2477.0,285.0
2477.0,285.0
2487.0,285.0
2487.0,285.0
2498.0,285.0
2498.0,285.0
2508.0,285.0
2518.0,285.0
2518.0,285.0
2518.0,285.0
2520.0,285.0
2520.0,285.0
2530.0,285.0
2550.0,285.0
2550.0,285.0
2550.0,285.0
2560.0,285.0
2560.0,285.0
2560.0,285.0
2560.0,285.0
2570.0,285.0
2570.0,285.0
2570.0,285.0
2591.018791438383,284.99999999999994
2581.0,285.0
2602.5877409661907,285.0
2602.5877409661907,285.0
2602.5877409661907,285.0
2622.0,285.0
2622.0,285.0
2633.0,285.0
2643.0,285.0
2643.0,285.0
2643.0,285.0
2653.0,285.0
2653.0,285.0
2664.0,285.0
2674.0,285.0
2674.0,285.0
2674.0,285.0
2684.0,285.0
2684.0,285.0
2692.7190585910216,285.0
2705.0,285.0
2705.0,285.0
2705.0,285.0
2705.0,285.0
2705.155799351997,285.0
2705.4286484156046,791.5288051968091
2705.4286484156046,791.5288051968091
2705.4286484156046,791.5288051968091
2705.4286484156046,791.5288051968091
2711.0,615.6272163516187
2711.0,615.6272163516187
2711.0,615.6272163516187
2711.0,454.54989714144904
2711.0,454.54989714144904
2711.0,454.54989714144904
2711.0,285.0
2711.0,285.0
2711.0,285.0
2711.0,285.0
2711.0,285.0
2711.0,285.0
2713.0,285.0
2713.0,285.0
2717.0,285.0
2722.0,285.0
2722.0,285.0
2722.0,285.0
2730.0,285.0
2730.0,285.0
2739.0,285.0
2749.0,285.0
2749.0,285.0
2749.0,285.0
2780.0,285.0
2770.0,285.0
2770.0,285.0
2780.0,285.0
2780.0,285.0
2780.0,285.0
2794.866790053915,305.4789410155304
2794.866790053915,305.4789410155304
2801.0,311.0
2811.0,325.0
2811.0,325.0
2811.0,325.0
2822.0,336.0
2822.0,336.0
2832.0,343.0
2843.0,348.0
2843.0,348.0
2843.0,348.0
2853.0,349.0
2853.0,349.0
2863.0,347.0
2874.0,342.0
2874.0,342.0
2874.0,342.0
2884.0,334.0
2884.0,334.0
2893.9196212731667,323.0
2903.054089443997,309.0
2903.054089443997,309.0
2903.054089443997,309.0
2915.2333803384367,317.40381717729736
2915.2333803384367,317.40381717729736
2924.976813053987,297.0
2924.976813053987,297.0
2935.329210314261,314.0
2935.329210314261,314.0
2945.6816075745364,328.0
2945.6816075745364,328.0
2954.816075745367,338.0
2963.9505439161967,346.0
2963.9505439161967,346.0
2963.9505439161967,346.0
2976.129834810636,350.0
2976.129834810636,350.0
2985.2643029814667,351.0
2994.3987711522964,350.0
2994.3987711522964,350.0
2994.3987711522964,350.0
3008.0,345.0
3008.0,345.0
3010.0,336.0
3029.0,325.0
3029.0,325.0
3029.0,325.0
3040.0,311.0
3040.0,311.0
3050.0,294.0
3057.8922413793093,295.0
3057.8922413793093,295.0
3057.8922413793093,295.0
3071.0,312.0
3071.0,312.0
3081.0,326.0
3082.0,337.0
3082.0,337.0
3082.0,337.0
3102.0,345.0
3102.0,345.0
3113.0,350.0
3123.0,351.0
3123.0,351.0
3123.0,351.0
3133.0,350.0
3133.0,350.0
3144.0,345.0
3154.0,338.0
3154.0,338.0
3154.0,338.0
3164.0,327.0
3164.0,327.0
3175.0,313.0
3185.0,286.0
3185.0,286.0
3185.0,286.0
3196.0,285.0
3196.0,285.0
3206.0,285.0
3216.0,285.0
3216.0,285.0
3216.0,285.0
3227.0,285.0
3227.0,285.0
3237.0,285.0
3237.0,285.0
3247.0,285.0
3258.0,285.0
3258.0,285.0
3258.0,285.0
3268.0,285.0
3279.0,285.0
3279.0,285.0
3279.0,285.0
3289.0,285.0
3289.0,285.0
3289.0,285.0
3310.0,285.0
3310.0,285.0
3310.0,285.0
3320.0,294.0
3320.0,294.0
3330.0,311.0
3341.0,325.0
3341.0,325.0
3341.0,325.0
3351.0,336.0
3351.0,336.0
3362.0,343.0
3372.0,347.0
3372.0,347.0
3372.0,347.0
3382.5767049201945,349.0
3382.5767049201945,349.0
3393.0,347.0
3393.0,347.0
3403.0,342.0
3403.0,342.0
3410.0,334.0
3410.0,334.0
3414.0,343.0
3418.0,360.0
3418.0,360.0
3418.0,360.0
3415.0,374.0
3415.0,374.0
3412.0,384.0
3408.0,392.0
3408.0,392.0
3408.0,392.0
3402.0,396.0
3402.0,396.0
3394.0,397.0
3384.0,407.0
3384.0,407.0
3384.0,407.0
3374.0,417.0
3374.0,417.0
3383.0,425.0
3353.0,429.0
3353.0,429.0
3353.0,429.0
3342.0,442.0
3342.0,442.0
3332.0,451.0
3322.0,458.0
3322.0,458.0
3322.0,458.0
3318.0,461.0
3318.0,461.0
3312.0,462.0
3311.0,459.0
3311.0,459.0
3311.0,459.0
3312.0,453.0
3312.0,453.0
3315.0,460.0
3319.0,477.0
3319.0,477.0
3319.0,477.0
3326.0,491.0
3334.0,502.0
3334.0,502.0
3344.0,509.0
3344.0,509.0
3344.0,509.0
3354.0,521.0
3354.0,521.0
3349.5032258064507,539.0
3375.0,552.0
3375.0,552.0
3375.0,552.0
3385.0,570.0
3385.0,570.0
3393.083870967744,585.0
3405.0,598.0
3405.0,598.0
3405.0,598.0
3417.0,607.0
3417.0,607.0
3427.0,612.0
3437.0,615.0
3437.0,615.0
3437.0,615.0
3448.0,615.0
3448.0,615.0
3458.0,612.0
3468.0,605.0
3468.0,605.0
3468.0,605.0
3479.0,617.5116110304791
3479.0,617.5116110304791
3489.0,620.4854862119016
3500.0,607.0
3500.0,607.0
3500.0,607.0
3510.0,620.3513314211002
3510.0,620.3513314211002
3520.0,626.0
3531.0,625.0
3531.0,625.0
3531.0,625.0
3541.0,625.0
3541.0,625.0
3551.0,625.0
3551.029094827586,625.0
3551.029094827586,625.0
3551.029094827586,625.0
3512.0,625.0
3512.0,625.0
3569.265560876585,625.0
3581.0962797470115,625.0
3581.0962797470115,625.0
3581.0962797470115,625.0
3603.0,625.0
3603.0,625.0
3614.0,625.0
3624.0,625.0
3624.0,625.0
3624.0,625.0
3634.0,625.0
3634.0,625.0
3645.0,625.0
3655.0,591.9404517453768
3655.0,591.9404517453768
3655.0,591.9404517453768
3666.0,573.4599589322352
3666.0,573.4599589322352
3676.0,559.599589322379
3686.0,525.0
3686.0,525.0
3686.0,525.0
3697.875000000001,525.0
3697.875000000001,525.0
3707.0,525.0
3718.0,525.0
3718.0,525.0
3718.0,525.0
3728.0,525.0
3728.0,525.0
3728.0,525.0
3740.0,525.0
3740.0,525.0
3740.0,525.0
3750.0,525.0
3750.0,525.0
3780.0,525.0
3780.0,525.0
3780.0,525.0
3780.0,525.0
3780.0,525.0
3780.0,525.0
3801.0,525.0
3811.0,525.0
3811.0,525.0
3811.0,525.0
3821.0,525.0
3821.0,525.0
3832.0,525.0
3840.9622844827604,525.0
3840.9622844827604,525.0
3840.9622844827604,525.0
3852.0,535.0
3852.0,535.0
3863.0,551.0
3873.0,565.0
3873.0,565.0
3873.0,565.0
3884.0,576.0
3884.0,576.0
3658.3439767779346,583.0
3552.124818577642,588.0
3552.124818577642,588.0
3552.124818577642,588.0
3915.0,589.0
3915.0,589.0
3806.0102618169294,587.0
3853.2324291531113,562.0
3853.2324291531113,562.0
3853.2324291531113,562.0
3945.0,574.0
3945.0,574.0
3956.0,563.0
3967.0,549.0
3967.0,549.0
3967.0,549.0
3964.1835994194485,531.0
3964.1835994194485,531.0
3970.895500725689,525.0
3908.0,525.0
3908.0,525.0
3908.0,525.0
3986.854418261813,525.0
3986.854418261813,525.0
4002.013183357522,543.0
4017.171948453232,559.0
4017.171948453232,559.0
4017.171948453232,559.0
4039.0,571.0
4039.0,571.0
4050.0,580.0
4056.859236524552,588.0
4056.859236524552,588.0
4056.859236524552,588.0
4070.0,589.0
4070.0,589.0
4081.0,588.0
4091.0,585.0
4091.0,585.0
4091.0,585.0
4102.0,578.0
4112.0,569.0
4112.0,569.0
4122.0,556.0
4122.0,556.0
4122.0,556.0
4133.0,540.0
4133.0,540.0
4143.0,525.0
4153.0,525.0
4153.0,525.0
4153.0,525.0
4164.0,525.0
4164.0,525.0
4174.0,525.0
4185.0,525.0
4185.0,525.0
4185.0,525.0
4196.037715517244,525.0
4196.037715517244,525.0
4205.0,525.0
4216.0,525.0
4216.0,525.0
4216.0,525.0
4226.0,525.0
4226.0,525.0
4236.0,525.0
4247.0,525.0
4247.0,525.0
4247.0,525.0
4257.0,525.0
4257.0,525.0
4268.0,525.0
4278.0,535.0
4278.0,535.0
4278.0,535.0
4288.0,551.0
4288.0,551.0
4298.833333333333,565.0
4309.0,576.0
4309.0,576.0
4309.0,576.0
4320.0,583.0
4320.0,583.0
4330.0,588.0
4340.0,589.0
4340.0,589.0
4340.0,589.0
4351.0,587.0
4351.0,587.0
4361.0,582.0
4371.0,574.0
4371.0,574.0
4371.0,574.0
4382.0,563.0
4382.0,563.0
4392.149508334767,549.0
4403.0,531.0
4403.0,531.0
4403.0,531.0
4413.0,525.0
4413.0,525.0
4423.0,525.0
4423.0,525.0
4434.0,525.0
4434.0,525.0
4444.0,525.0
4444.0,525.0
4454.0,525.0
4449.727132143236,525.0
4449.727132143236,525.0
4449.727132143236,525.0
4475.0,525.0
4475.0,525.0
4486.0,525.0
4492.483837862649,525.0
4492.483837862649,525.0
4506.0,525.0
4506.0,525.0
4506.0,525.0
4517.0,535.0
4527.0,551.0
4527.0,551.0
4527.0,551.0
4537.0,565.0
4537.0,565.0
4548.0,576.0
4558.0,583.0
4558.0,583.0
4558.0,583.0
4569.0,588.0
4569.0,588.0
4579.0,589.0
4589.0,587.0
4589.0,587.0
4589.0,587.0
4600.0,582.0
4600.0,582.0
4610.0,574.0
4621.0,563.0
4621.0,563.0
4621.0,563.0
4631.0,540.0
4631.0,540.0
4641.0,531.0
4640.309728183121,525.0
4640.309728183121,525.0
4640.309728183121,525.0
4643.35693848355,525.0
4643.35693848355,525.0
4672.0,525.0
4683.0,525.0
4683.0,525.0
4683.0,525.0
4691.294995775988,525.0
4704.0,525.0
4704.0,525.0
4714.0,525.0
4714.0,525.0
4714.0,525.0
4724.0,525.0
4724.0,525.0
4735.0,525.0
4745.0,525.0
4745.0,525.0
4745.0,525.0
4755.0,525.0
4755.0,525.0
4766.0,525.0
4776.0,525.0
4776.0,525.0
4776.0,525.0
4787.0,525.0
4787.0,525.0
4797.000000000001,525.0
4807.0,525.0
4807.0,525.0
4807.0,525.0
4818.0,525.0
4818.0,525.0
4828.0,525.0
4838.0,525.0
4838.0,525.0
4838.0,525.0
4840.0,525.0
4850.0,525.0
4850.0,525.0
4870.0,525.0
4870.0,525.0
4870.0,525.0
4880.0,525.0
4880.0,525.0
4880.0,525.0
4901.0,525.0
4901.0,525.0
4901.0,525.0
4911.0,525.0
4911.0,525.0
4922.0,525.0
4932.0,525.0
4932.0,525.0
4932.0,525.0
4942.0,525.0
4953.0,525.0
4953.0,525.0
4963.0,525.0
4963.0,525.0
4973.0,525.0
4973.0,525.0
4973.0,525.0
4984.0,525.0
4984.0,525.0
4984.0,525.0
4984.0,525.0
5005.0,525.0
5005.0,525.0
5015.0,525.0
5025.0,525.0
5025.0,525.0
5025.0,525.0
5036.0,525.0
5036.0,525.0
5046.0,525.0
5056.0,525.0
5056.0,525.0
5056.0,525.0
5067.0,525.0
5067.0,525.0
5077.0,525.0
5088.0,525.0
5088.0,525.0
5088.0,525.0
5099.329689280326,525.0
5108.0,525.0
5108.0,525.0
5119.0,525.0
5119.0,525.0
5124.0,525.0
5124.0,525.0
5124.0,525.0
5134.0,525.0
5150.0,525.0
5150.0,525.0
5150.0,525.0
5160.0,525.0
5160.0,525.0
5171.0,525.0
5181.0,525.0
5181.0,525.0
5181.0,525.0
5192.367456896554,525.0
5192.367456896554,525.0
5202.0,535.0
5212.0,551.0
5212.0,551.0
5212.0,551.0
5222.0,565.0
5222.0,565.0
5233.0,576.0
5243.0,583.0
5243.0,583.0
5243.0,583.0
5253.856681034483,588.0
5253.856681034483,588.0
5261.0,589.0
5274.0,587.0
5274.0,587.0
5274.0,587.0
5284.0,582.0
5284.0,582.0
5253.123950388426,574.0
5253.123950388426,574.0
5284.0,563.0
5284.0,563.0
5257.321400237155,540.0
5257.321400237155,540.0
5250.441575025809,534.0
5205.0,537.0
5205.0,537.0
5205.0,537.0
5218.6648004942945,540.0
5203.0,543.0
5203.0,543.0
5202.0,546.0
5202.0,546.0
5202.0,546.0
5201.0,549.0
5201.0,549.0
5215.111541222746,552.0
5218.254241035889,555.0
5218.254241035889,555.0
5218.254241035889,555.0
5289.0,558.0
5289.0,558.0
5268.072904018241,561.0
5281.4880159398635,564.0
5281.4880159398635,564.0
5301.0,567.0
5301.0,567.0
5301.0,567.0
5309.0,570.0
5319.0,573.0
5319.0,573.0
5319.0,573.0
5329.0,570.0
5329.0,570.0
5329.0,580.0
5349.0,583.0
5349.0,583.0
5349.0,583.0
5359.0,593.0
5359.0,593.0
5370.0,610.0
5380.0,623.0
5380.0,623.0
5390.290948275862,634.0
5390.290948275862,634.0
5390.290948275862,634.0
5401.0,641.0
5411.0,646.0
5411.0,646.0
5411.0,646.0
5422.0,647.0
5422.0,647.0
5432.0,645.0
5443.0,640.0
5443.0,640.0
5443.0,640.0
5453.0,632.0
5453.0,632.0
5453.0,621.0
5474.0,607.0
5474.0,607.0
5474.0,607.0
5484.0,589.0
5484.0,589.0
5494.0,581.3333333333348
5505.0,545.0
5505.0,545.0
5505.0,545.0
5515.0,555.0
5515.0,555.0
5525.0,571.0
5536.0,585.0
5536.0,585.0
5536.0,585.0
5546.0,595.0
5546.0,595.0
5557.0,602.0
5567.0,606.0
5567.0,606.0
5567.0,606.0
5577.0,607.0
5577.0,607.0
5588.0,605.0
5588.0,605.0
5598.0,599.0
5598.0,599.0
5608.0,634.4456636700143
5608.0,634.4456636700143
5619.0,607.0
5631.0,622.3445747018663
5631.0,622.3445747018663
5631.0,622.3445747018663
5642.0,624.0519446887914
5642.0,624.0519446887914
5653.0,698.0
5665.0,631.082039872404
5665.0,631.082039872404
5665.0,631.082039872404
5670.0,624.7167999244839
5670.0,624.7167999244839
5688.0,605.0
5700.0,608.0
5700.0,608.0
5700.0,608.0
5712.0,610.0
5712.0,610.0
5722.0,628.0
5732.0,644.0
5732.0,644.0
5732.0,644.0
5743.0,658.0
5743.0,658.0
5753.0,666.0
5763.0,671.0
5763.0,671.0
5763.0,671.0
5774.0,674.0
5774.0,674.0
5784.0,673.0
5790.318965517239,670.0
5790.318965517239,670.0
5790.318965517239,670.0
5805.0,664.0
5805.0,664.0
5815.0,654.0
5826.0,641.0
5826.0,641.0
5826.0,641.0
5836.0,660.0
5836.0,660.0
5847.0,676.0
5857.0,688.0
5857.0,688.0
5857.0,688.0
5858.0,698.0
5858.0,698.0
5878.0,704.0
5888.0,707.0
5888.0,707.0
5888.0,707.0
5899.0,707.0
5899.0,707.0
5910.748611575778,704.0
5920.375510204082,698.0
5920.375510204082,698.0
5931.927788558045,689.0
5931.927788558045,689.0
5931.927788558045,689.0
5942.838273670125,677.0
5952.465172298428,661.0
5952.465172298428,661.0
5952.465172298428,661.0
5965.301037136167,643.0
5965.301037136167,643.0
5974.92793576447,621.0
5984.554834392774,635.6400862068949
5984.554834392774,635.6400862068949
5984.554834392774,635.6400862068949
5997.390699230512,669.0
5997.390699230512,669.0
6004.0,658.0
6018.0,621.0611093163625
6018.0,621.0611093163625
6018.0,621.0611093163625
6031.0,603.2926420997646
6031.0,603.2926420997646
6045.0,589.9662916873167
6058.0,556.0
6058.0,556.0
6058.0,556.0
6072.0,555.0
6072.0,555.0
6085.0,555.0
6088.0,555.0
6088.0,555.0
6088.0,555.0
6112.0,555.0
6112.0,555.0
6124.0,554.0
6135.0,573.0
6135.0,573.0
6145.0,588.0
6145.0,588.0
6145.0,588.0
6155.0,600.0
6166.0,609.0
6166.0,609.0
6166.0,609.0
6176.0,615.0
6176.0,615.0
6187.0,618.0
6195.962284482761,618.0
6195.962284482761,618.0
6195.962284482761,618.0
6207.0,614.0
6207.0,614.0
6218.0,608.0
6228.0,600.0
6228.0,600.0
6228.0,600.0
6238.0,619.0
6238.0,619.0
6241.0,634.0
6244.0,640.0
6244.0,640.0
6244.0,640.0
6245.0,655.0
6245.0,655.0
6245.0,661.0
6245.0,664.0
6245.0,664.0
6245.0,664.0
6245.0,664.0
6245.0,664.0
6245.0,660.0
6245.0,670.0
6245.0,670.0
6247.0,687.0
6247.0,687.0
6247.0,687.0
6254.0,707.0
6250.0,717.0
6250.0,717.0
6250.0,717.0
6258.0,723.0
6258.0,723.0
6278.0,726.0
6280.0,726.0
6280.0,726.0
6280.0,726.0
6289.0,723.0
6289.0,723.0
6309.0,717.0
6320.0,708.0
6320.0,708.0
6330.0,705.0
6330.0,705.0
6340.0,705.0
6340.0,705.0
6351.0,705.0
6351.0,705.0
6357.0,705.0
6357.0,705.0
6372.0,705.0
6372.0,705.0
6382.0,705.0
6382.0,705.0
6382.0,705.0
6393.239701018996,705.0
6393.239701018996,705.0
6403.0,705.0
6413.0,705.0
6413.0,705.0
6413.0,705.0
6423.0,705.0
6423.0,705.0
6434.0,705.0
6446.885386819486,705.0
6446.885386819486,705.0
6446.885386819486,705.0
6455.0,705.0
6455.0,705.0
6465.9872158676235,705.0
6475.0,705.0
6475.0,705.0
6475.0,705.0
6486.0,705.0
6486.0,705.0
6496.0,705.0
6506.0,705.0
6506.0,705.0
6506.0,705.0
6517.0,705.0
6517.0,705.0
6527.0,705.0
6538.0,705.0
6538.0,705.0
6538.0,705.0
6548.0,705.0
6548.0,705.0
6558.0,705.0
6569.0,705.0
6569.0,705.0
6569.0,705.0
6579.0,705.0
6579.0,705.0
6580.0,705.0
6600.0,705.0
6600.0,705.0
6600.0,705.0
6610.0,705.0
6610.0,705.0
6621.0,705.0
6631.0,705.0
6631.0,705.0
6631.0,705.0
6641.0,705.0
6641.0,705.0
6652.0,705.0
6662.0,705.0
6662.0,705.0
6662.0,705.0
6673.0,705.0
6673.0,705.0
6683.0,705.0
6692.34812910906,705.0
6692.34812910906,705.0
6692.34812910906,705.0
6704.0,705.0
6714.0,705.0
6714.0,705.0
6724.0,705.0
6724.0,705.0
6724.0,705.0
6735.0,705.0
6735.0,705.0
6745.0,705.0
6750.0,705.0
6750.0,705.0
6750.0,705.0
6786.0,705.0
6786.0,705.0
6776.0,705.0
6787.0,705.0
6787.0,705.0
6787.0,705.0
6797.0,705.0
6797.0,705.0
6807.0,705.0
6818.0,705.0
6818.0,705.0
6818.0,705.0
6828.0,705.0
6828.0,705.0
6839.0,705.0
6849.0,705.0
6849.0,705.0
6849.0,705.0
6859.0,705.0
6859.0,705.0
6870.0,705.0
6870.0,705.0
6870.0,705.0
6880.0,705.0
6880.0,705.0
6880.0,705.0
6901.0,705.0
6917.0,705.0
6917.0,705.0
6917.0,705.0
6922.0,705.0
6922.0,705.0
6932.0,705.0
6942.0,705.0
6942.0,705.0
6942.0,705.0
6953.0,705.0
6953.0,705.0
6963.0,705.0
6963.0,705.0
6974.0,705.0
6974.0,705.0
6984.0,705.0
6984.0,705.0
6994.0,705.0
7005.0,705.0
7005.0,705.0
7005.0,705.0
7015.0,705.0
7015.0,705.0
7025.0,705.0
7036.0,705.0
7036.0,705.0
7036.0,705.0
7046.0,705.0
7046.0,705.0
7046.0,705.0
7057.0,705.0
7057.0,705.0
7057.0,705.0
7077.0,705.0
7077.0,705.0
7088.0,705.0
7088.0,705.0
7088.0,705.0
7088.0,705.0
7108.0,705.0
7108.0,705.0
7119.0,705.0
7129.0,705.0
7129.0,705.0
7129.0,705.0
7140.0,705.0
7140.0,705.0
7150.0,705.0
7160.0,705.0
7160.0,705.0
7160.0,705.0
7171.0,705.0
7171.0,705.0
7181.0,705.0
7190.454741379308,705.0
7190.454741379308,705.0
7190.454741379308,705.0
7202.0,705.0
7202.0,705.0
7212.0,705.0
7223.0,705.0
7223.0,705.0
7223.0,705.0
7233.0,705.0
7233.0,705.0
7243.0,705.0
7254.0,705.0
7254.0,705.0
7254.0,705.0
7254.930687072564,705.0
7254.930687072564,705.0
7215.0,705.0
7215.0,705.0
7272.365621666693,705.0
7272.365621666693,705.0
7285.353855179632,705.0
7285.353855179632,705.0
7306.0,705.0
7316.0,705.0
7316.0,705.0
7316.0,705.0
7326.0,705.0
7326.0,705.0
7337.0,705.0
7337.0,705.0
7347.0,705.0
7347.0,705.0
7358.0,705.0
7358.0,705.0
7368.0,705.0
7378.0,705.0
7378.0,705.0
7378.0,705.0
7389.0,705.0
7399.0,705.0
7399.0,705.0
7409.0,705.0
7409.0,705.0
7420.0,705.0
7420.0,705.0
7420.0,705.0
7430.0,705.0
7439.604183937547,705.0
7439.604183937547,705.0
7439.604183937547,705.0
7451.0,705.0
7451.0,705.0
7461.0,705.0
7472.0,705.0
7472.0,705.0
7472.0,705.0
7482.0,705.0
7482.0,705.0
7482.0,705.0
7496.857758620693,705.0
7496.857758620693,705.0
7496.857758620693,705.0
7513.0,705.0
7513.0,705.0
7524.0,705.0
7534.0,705.0
7534.0,705.0
7534.0,705.0
7544.0,705.0
7544.0,705.0
7555.0,705.0
7565.0,705.0
7565.0,705.0
7565.0,705.0
7576.0,705.0
7576.0,705.0
7586.0,705.0
7592.193965517243,705.0
7592.193965517243,705.0
7592.193965517243,705.0
7607.0,705.0
7607.0,705.0
7617.0,705.0
7627.0,705.0
7627.0,705.0
7627.0,705.0
7638.0,705.0
7638.0,705.0
7648.0,705.0
7659.0,705.0
7659.0,705.0
7659.0,705.0
7669.0,705.0
7669.0,705.0
7679.0,705.0
7690.0,705.0
7690.0,705.0
7690.0,705.0
7700.0,705.0
7700.0,705.0
7710.0,705.0
7717.5205412054065,705.0
7717.5205412054065,705.0
7717.5205412054065,705.0
7732.682902829023,705.0
7732.682902829023,705.0
7741.7803198031925,705.0
7752.0,705.0
7752.0,705.0
7752.0,705.0
7762.0,705.0
7762.0,705.0
7773.0,705.0
7783.0,705.0
7783.0,705.0
7783.0,705.0
7793.0,705.0
7793.0,705.0
7804.0,705.0
7814.0,705.0
7814.0,705.0
7814.0,705.0
7825.0,705.0
7825.0,705.0
7835.0,705.0
7845.0,705.0
7845.0,705.0
7845.0,705.0
7856.0,705.0
7856.0,705.0
7866.163869082585,705.0
7866.163869082585,705.0
7877.0,705.0
7887.0,705.0
7887.0,705.0
7887.0,705.0
7897.0,705.0
7908.0,705.0
7908.0,705.0
7908.0,705.0
7918.0,705.0
7918.0,705.0
7928.0,705.0
7939.0,705.0
7939.0,705.0
7949.0,705.0
7949.0,705.0
7949.0,705.0
7980.0,705.0
7970.0,705.0
7970.0,705.0
7970.0,705.0
7980.0,705.0
7980.0,705.0
7991.0,705.0
8001.0,705.0
8001.0,705.0
8001.0,705.0
8011.0,705.0
8011.0,705.0
8022.0,705.0
8032.0,705.0
8032.0,705.0
8043.0,705.0
8043.0,705.0
8043.0,705.0
8053.0,705.0
8063.0,705.0
8063.0,705.0
8063.0,705.0
8074.0,705.0
8074.0,705.0
8084.0,705.0
8094.0,705.0
8094.0,705.0
8094.0,705.0
8105.0,705.0
8105.0,705.0
8115.0,705.0
8126.0,705.0
8126.0,705.0
8126.0,705.0
8136.0,705.0
8136.0,705.0
8146.0,705.0
8157.0,705.0
8162.589945128171,705.1070215251284
8166.2181531089645,705.6481627402607
8170.572002685917,706.2975321984195
8174.925852262871,706.9469016565786
8178.554060243666,708.0
8358.380088842707,838.7148687051376
8358.380088842707,838.7148687051376
8187.0,709.0
8187.0,709.0
8187.0,709.0
8187.0,709.0
8187.0,709.0
8187.0,709.0
8187.0,709.0
8187.0,709.0
8187.0,709.0
8187.0,709.0
8187.0,709.0
8187.0,709.0
8187.0,709.0
8187.0,709.0
8187.0,709.0
8233.832788258562,726.614720250785
8233.832788258562,726.614720250785
8233.832788258562,726.614720250785
8233.832788258562,726.614720250785
8233.832788258562,726.614720250785
8231.316366721678,725.6439211602991
8231.316366721678,725.6439211602991
8231.316366721678,725.6439211602991
8231.316366721678,725.6439211602991
8231.316366721678,725.6439211602991
8231.316366721678,725.6439211602991
8228.799945184792,724.6731220698132
8228.799945184792,724.6731220698132
8228.799945184792,724.6731220698132
8228.799945184792,724.6731220698132
8228.799945184792,724.6731220698132
8226.283523647906,723.7023229793274
8226.283523647906,723.7023229793274
8226.283523647906,723.7023229793274
8226.283523647906,723.7023229793274
8226.283523647906,723.7023229793274
8223.767102111022,722.7315238888414
8223.767102111022,722.7315238888414
8223.767102111022,722.7315238888414
8223.767102111022,722.7315238888414
8223.767102111022,722.7315238888414
8223.767102111022,722.7315238888414
8221.250680574136,721.7607247983556
8221.250680574136,721.7607247983556
8221.250680574136,721.7607247983556
8221.250680574136,721.7607247983556
8221.250680574136,721.7607247983556
8218.73425903725,720.7899257078698
8218.73425903725,720.7899257078698
8218.73425903725,720.7899257078698
8218.73425903725,720.7899257078698
8218.73425903725,720.7899257078698
8218.73425903725,720.7899257078698
8216.217837500366,719.8191266173839
8216.217837500366,719.8191266173839
8216.217837500366,719.8191266173839
8216.217837500366,719.8191266173839
8216.217837500366,719.8191266173839
8213.70141596348,718.848327526898
8213.70141596348,718.848327526898
8213.70141596348,718.848327526898
8213.70141596348,718.848327526898
8213.70141596348,718.848327526898
8211.184994426594,717.8775284364121
8211.184994426594,717.8775284364121
8211.184994426594,717.8775284364121
8211.184994426594,717.8775284364121
8211.184994426594,717.8775284364121
8211.184994426594,717.8775284364121
8208.66857288971,716.9067293459261
8208.66857288971,716.9067293459261
8208.66857288971,716.9067293459261
8208.66857288971,716.9067293459261
8208.66857288971,716.9067293459261
8206.152151352824,715.9359302554403
8206.152151352824,715.9359302554403
8206.152151352824,715.9359302554403
8206.152151352824,715.9359302554403
8206.152151352824,715.9359302554403
8206.152151352824,715.9359302554403
8203.635729815938,714.9651311649543
8203.635729815938,714.9651311649543
8203.635729815938,714.9651311649543
8203.635729815938,714.9651311649543
8203.635729815938,714.9651311649543
8201.119308279054,713.9943320744686
8201.119308279054,713.9943320744686
8201.119308279054,713.9943320744686
8201.119308279054,713.9943320744686
8201.119308279054,713.9943320744686
8198.602886742168,713.0235329839827
8198.602886742168,713.0235329839827
8198.602886742168,713.0235329839827
8198.602886742168,713.0235329839827
8198.602886742168,713.0235329839827
8198.602886742168,713.0235329839827
8196.086465205282,712.0527338934969
8196.086465205282,712.0527338934969
8196.086465205282,712.0527338934969
8196.086465205282,712.0527338934969
8196.086465205282,712.0527338934969
8193.570043668398,711.0819348030109
8193.570043668398,711.0819348030109
8193.570043668398,711.0819348030109
8193.570043668398,711.0819348030109
8193.570043668398,711.0819348030109
8193.570043668398,711.0819348030109
8191.053622131512,710.1111357125251
8191.053622131512,710.1111357125251
8191.053622131512,710.1111357125251
8191.053622131512,710.1111357125251
8191.053622131512,710.1111357125251
8188.537200594627,709.1403366220391
8187.842802120476,708.8724477181893
8189.0,709.0
8189.0,709.0
8189.0,709.0
8189.0,709.0
8189.0,709.0
8189.0,708.0
8189.0,708.0
8189.0,708.0
8189.0,708.0
8189.0,707.0
8189.0,706.0
8189.0,705.0
8188.999999999999,704.9999999999995
8189.0,705.0
8189.0,705.0
8189.0,705.0
8189.0,705.0
8189.0,705.0
8189.000000000003,705.0000000000003
8189.0,705.0
8189.0,705.0
8189.0,705.0
8189.0,705.0
8189.0,705.0
8189.0,705.0
8189.0,705.0
8189.0,705.0
8189.0,705.0
8189.0,705.0
8189.0,705.0
8189.0,705.0
8189.0,705.0
8189.0,705.0
8189.0,705.0
8189.0,705.0
8189.0,705.0
8189.0,705.0
8189.0,705.0
8189.0,705.0
8189.0,705.0
8189.0,705.0
8189.0,705.0
8189.0,705.0
8189.0,705.0
8189.0,705.0
8189.0,705.0
8189.0,705.0
8189.0,705.0
8188.999999999999,704.9999999999999
8189.0,705.0
8189.0,705.0
8189.0,705.0
8189.0,705.0
8189.0,705.0
8189.0,705.0
8189.0,705.0
8189.0,705.0
8189.0,705.0
8189.0,705.0
8189.0,705.0
8189.0,705.0
8189.0,705.0
8189.0,705.0
8189.0,705.0
8189.0,705.0
8189.0,705.0
8189.0,705.0
8189.0,705.0
8189.0,705.0
8189.0,705.0
8189.0,705.0
8189.0,705.0
8189.0,705.0
8189.0,705.0
8189.0,705.0
8189.0,705.0
8189.0,705.0
8189.0,705.0
8189.0,705.0
8189.0,705.0
8189.0,705.0
8189.0,705.0
8189.0,705.0
8189.0,705.0
8189.0,705.0
8189.0,705.0
8189.0,705.0
8189.0,705.0
8189.0,705.0
8189.0,705.0
8189.0,705.0
8189.0,705.0
8189.0,705.0
8189.0,705.0
8189.0,705.0
8189.0,705.0
8189.0,705.0
8189.0,705.0
8189.0,705.0
8189.0,705.0
8189.0,705.0
8189.0,705.0
8189.0,705.0
8189.0,705.0
8189.0,705.0
8189.0,705.0
8189.0,705.0
8189.0,705.0
8189.0,705.0
8189.0,705.0
8189.0,705.0
8189.0,705.0
8189.0,705.0
8189.0,705.0
8189.0,705.0
8189.0,705.0
8189.0,705.0
8189.0,705.0
8189.0,705.0
8189.0,705.0
8189.0,705.0
8189.0,705.0
8189.0,705.0
8189.0,705.0
8189.0,705.0
8189.0,705.0
8189.0,705.0
8189.0,705.0
8189.0,705.0
8189.0,705.0
8189.0,705.0
8189.0,705.0
8188.999999999996,704.9999999999998
8189.0,705.0
8189.0,705.0
8189.0,705.0
8189.0,705.0
8189.0,705.0
8189.0,705.0
8189.0,705.0
8189.0,705.0
8189.0,705.0
8189.0,705.0
8189.0,705.0
8189.0,705.0
8189.0,705.0
8189.0,705.0
8189.0,705.0
8189.0,705.0
8189.0,705.0
8189.0,705.0
8189.0,705.0
8189.0,705.0
8189.0,705.0
8189.0,705.0
8189.0,705.0
8189.0,705.0
8189.0,705.0
8189.0,705.0
8189.0,705.0
8189.0,705.0
8189.0,705.0
8189.0,705.0
8189.0,705.0
8189.0,705.0
8189.0,705.0
8189.0,705.0
8189.0,705.0
8189.0,705.0
8189.0,705.0
8189.0,705.0
8189.0,705.0
8189.0,705.0
8189.0,705.0
8189.0,705.0
8189.0,705.0
8189.0,705.0
8189.0,705.0
8189.0,705.0
8189.0,705.0
8189.0,705.0
8189.0,705.0
8189.0,705.0
8189.0,705.0
8189.0,705.0
8189.0,705.0
8189.0,705.0
8189.0,705.0
8189.0,705.0
8189.0,705.0
8189.0,705.0
8189.0,705.0
8189.0,705.0
8189.0,705.0
8189.0,705.0
8189.0,705.0
8189.0,705.0
8189.0,705.0
8189.0,705.0
8189.0,705.0
8189.0,705.0
8189.0,705.0
8189.0,705.0
8189.0,705.0
8189.0,705.0
8189.0,705.0
8189.0,705.0
8189.0,705.0
8189.0,705.0
8189.0,705.0
8189.0,705.0
8189.0,705.0
8189.0,705.0
8189.0,705.0
8189.0,705.0
8189.0,705.0
8189.0,705.0
8189.0,705.0
8189.0,705.0
8189.0,705.0
8189.0,705.0
8189.0,705.0
8189.0,705.0
8189.0,705.0
8189.0,705.0
8189.0,705.0
8189.0,705.0
8189.0,705.0
8189.0,705.0000000000003
8189.0,705.0
8189.0,705.0
8189.0,705.0
8189.0,705.0
8189.0,705.0
8189.0,705.0
8189.0,705.0
8189.0,705.0
8189.0,705.0
8189.0,705.0
8189.0,705.0
8189.0,705.0
8189.0,705.0
8189.0,705.0
8189.0,705.0
8189.0,705.0
8189.0,705.0
8189.0,705.0
8189.0,705.0
8189.0,705.0
8189.0,705.0
8189.0,705.0
8189.0,705.0
8188.999999999999,705.0
8189.0,705.0
8189.0,705.0
8189.0,705.0
8189.0,705.0
8189.0,705.0
8189.0,705.0
8189.0,705.0
8189.0,705.0
8189.0,705.0
8189.0,705.0
8189.0,705.0
8189.0,705.0
8189.0,705.0
8189.0,705.0
8189.0,705.0
8189.0,705.0
8189.0,705.0
8189.0,705.0
8189.0,705.0
8189.0,705.0
8189.0,705.0
8189.0,705.0
8189.0,705.0
8189.0,705.0
8189.0,705.0
8189.0,705.0
8189.0,705.0
8189.0,705.0
8189.0,705.0
8189.0,705.0
8189.0,705.0
8189.0,705.0
8189.0,705.0
8189.0,705.0
8189.0,705.0
8189.0,705.0
8189.0,705.0
8189.0,705.0
8189.0,705.0
8189.0,705.0
8189.0,705.0
8189.0,705.0
8189.0,705.0
8189.0,705.0
8189.0,705.0
8189.0,705.0
8189.0,705.0
8189.0,705.0
8189.0,705.0
8189.0,705.0
8189.0,705.0
8189.0,705.0
8189.0,705.0
8189.0,705.0
8189.0,705.0
8189.0,705.0
8189.0,705.0
8189.0,705.0
8189.0,705.0
8188.999999999999,704.9999999999999
8189.0,705.0
8189.0,705.0
8189.0,705.0
8189.0,705.0
8189.0,705.0
8189.000000000001,705.0000000000001
8189.0,705.0
8189.0,705.0
8189.0,705.0
8189.0,705.0
8189.0,705.0
8189.0,705.0
8189.0,705.0
8189.0,705.0
8189.0,705.0
8189.0,705.0
8189.0,705.0
8189.0,705.0
8189.0,705.0
8189.0,705.0
8189.0,705.0
8189.0,705.0
8189.0,705.0
8189.0,705.0
8189.0,705.0
8189.0,705.0
8189.0,705.0
8189.0,705.0
8189.0,705.0
8189.0,705.0
8189.0,705.0
8189.0,705.0
8189.0,705.0
8189.0,705.0
8189.0,705.0
8189.0,705.0
8189.0,705.0
8189.0,705.0
8189.0,705.0
8189.0,705.0
8189.0,705.0
8189.0,705.0
8189.0,705.0
8189.0,705.0
8189.0,705.0
8189.0,705.0
8189.0,705.0
8189.0,705.0
8189.0,705.0
8189.0,705.0
8189.0,705.0
8189.0,705.0
8189.0,705.0
8189.0,705.0
8189.0,705.0
8189.0,705.0
8189.0,705.0
8189.0,705.0
8189.0,705.0
8189.0,705.0
8189.0,705.0
8189.0,705.0
8189.0,705.0
8189.0,705.0
8189.0,705.0
8188.999999999997,705.0
8189.0,705.0
8189.0,705.0
8189.0,705.0
8189.0,705.0
8189.0,705.0
8189.0,705.0
8189.0,705.0
8189.0,705.0
8189.0,705.0
8189.0,705.0
8189.0,705.0
8189.0,705.0
8189.0,705.0
8189.0,705.0
8189.0,705.0
8189.0,705.0
8189.0,705.0
8189.0,705.0
8189.0,705.0
8189.0,705.0
8189.0,705.0
8189.0,705.0
8189.0,705.0
8189.0,705.0
8189.0,705.0
8189.0,705.0
8189.0,705.0
8189.0,705.0
8189.0,705.0
8189.0,705.0
8189.0,705.0
8189.0,705.0
8189.0,705.0
8189.0,705.0
8189.0,705.0
8189.0,705.0
8189.0,705.0
8189.0,705.0
8189.0,705.0
8189.0,705.0
8189.0,705.0
8189.0,705.0
8189.0,705.0
8189.0,705.0
8189.0,705.0
8189.0,705.0
8189.0,705.0
8189.0,705.0
8189.0,705.0
8189.0,705.0
8189.0,705.0
8189.0,705.0
8189.0,705.0
8189.0,705.0
8189.0,705.0
8189.0,705.0
8189.0,705.0
8189.0,705.0
8189.0,705.0
8189.0,705.0
8189.0,705.0
8189.0,705.0
8189.0,705.0
8189.0,705.0
8189.0,705.0
8189.0,705.0
8189.0,705.0
8189.0,705.0
8189.0,705.0
8189.0,705.0
8189.0,705.0
8189.0,705.0
8189.0,705.0
8189.0,705.0
8189.0,705.0
8189.0,705.0
8189.0,705.0
8189.0,705.0
8189.0,705.0
8189.0,705.0
8189.0,705.0
8189.0,705.0
8189.0,705.0
8189.0,705.0
8189.0,705.0
8189.0,705.0
8189.0,705.0
8189.0,705.0
8189.0,705.0
8189.0,705.0
8189.0,705.0
8189.0,705.0
8189.0,705.0
8189.0,705.0
8189.0,705.0
8189.0,705.0
8189.0,705.0
8189.0,705.0
8189.0,705.0
8189.0,705.0
8189.0,705.0
8189.0,705.0
8189.0,705.0
8189.0,705.0
8189.0,705.0
8189.0,705.0
8189.0,705.0
8189.0,705.0
8189.0,705.0
8189.0,705.0
8189.0,705.0
8189.0,705.0
8189.0,705.0
8189.000000000002,705.0
8189.0,705.0
8189.0,705.0
8189.0,705.0
8189.0,705.0
8189.0,705.0
8189.0,705.0
8189.0,705.0
8189.0,705.0
8189.0,705.0
8189.0,705.0
8189.0,705.0
8189.0,705.0
8189.0,705.0
8189.0,705.0
8189.0,705.0
8189.0,705.0
8189.0,705.0
8189.0,705.0
8189.0,705.0
8189.0,705.0
8189.0,705.0
8189.0,705.0
8189.0,705.0
8189.0,705.0
8189.0,705.0
8189.0,705.0
8189.0,705.0
8189.0,705.0
8189.0,705.0
8189.0,705.0
8189.0,705.0
8189.0,705.0
8189.0,705.0
8189.0,705.0
8189.0,705.0
8189.0,705.0
8189.0,705.0
8189.0,705.0
8189.0,705.0
8189.0,705.0
8189.0,705.0
8189.0,705.0
8189.0,705.0
8189.0,705.0
8189.0,705.0
8189.0,705.0
8189.0,705.0
8189.0,705.0
8189.0,705.0
8189.0,705.0
8189.0,705.0
8189.0,705.0
8189.0,705.0
8189.0,705.0
8189.0,705.0
8189.0,705.0
8189.0,705.0
8189.0,705.0
8189.0,705.0
8189.0,705.0000000000001
8189.0,705.0
8189.0,705.0
8189.0,705.0
8189.0,705.0
8189.0,705.0
8189.0,705.0
8189.0,705.0
8189.0,705.0
8189.0,705.0
8189.0,705.0
8189.0,705.0
8189.0,705.0
8189.0,705.0
8189.0,705.0
8189.0,705.0
8189.0,705.0
8189.0,705.0
8189.0,705.0
8189.0,705.0
8189.0,705.0
8189.0,705.0
8189.0,705.0
8189.0,705.0
8189.0,705.0
8189.0,705.0
8189.0,705.0
8189.0,705.0
8189.0,705.0
8189.0,705.0
8189.0,705.0
8189.0,705.0
8189.0,705.0
8189.0,705.0
8189.0,705.0
8189.0,705.0
8189.0,705.0
8189.0,705.0
8189.0,705.0
8189.0,705.0
8189.0,705.0
8189.0,705.0
8189.0,705.0
8189.0,705.0
8189.0,705.0
8189.0,705.0
8189.0,705.0
8189.0,705.0
8189.0,705.0
8189.0,705.0
8189.0,705.0
8189.0,705.0
8189.0,705.0
8189.0,705.0
8189.0,705.0
8189.0,705.0
8189.0,705.0
8189.0,705.0
8189.0,705.0
8189.0,705.0
8189.0,705.0
8189.0,705.0
8189.0,705.0
8189.0,705.0
8189.0,705.0
8189.0,705.0
8189.000000000005,705.0
8189.0,705.0
8189.0,705.0
8189.0,705.0
8189.0,705.0
8189.0,705.0
8189.0,705.0
8189.0,705.0
8189.0,705.0
8189.0,705.0
8189.0,705.0
8189.0,705.0
8189.0,705.0
8189.0,705.0
8189.0,705.0
8189.0,705.0
8189.0,705.0
8189.0,705.0
8189.0,705.0
8189.0,705.0
8189.0,705.0
8189.0,705.0
8189.0,705.0
8189.0,705.0
8189.0,705.0
8189.0,705.0
8189.0,705.0
8189.0,705.0
8189.0,705.0
8189.0,705.0
8189.0,705.0
8189.0,705.0
8189.0,705.0
8189.0,705.0
8189.0,705.0
8189.0,705.0
8189.0,705.0
8189.0,705.0
8189.0,705.0
8189.0,705.0
8189.0,705.0
8189.0,705.0
8189.0,705.0
8189.0,705.0
8189.0,705.0
8189.0,705.0
8189.0,705.0
8189.0,705.0
8189.0,705.0
8189.0,705.0
8189.0,705.0
8189.0,705.0
8189.0,705.0
8189.0,705.0
8189.0,705.0
8189.0,705.0
8189.0,705.0
8189.0,705.0
8189.0,705.0
8189.0,705.0
8189.0,705.0
8189.0,705.0
8189.0,705.0
8189.0,705.0
8189.0,705.0
8189.0,705.0
8189.0,705.0
8189.0,705.0
8189.0,705.0
8189.0,705.0
8189.0,705.0
8189.0,705.0
8189.0,705.0
8189.0,705.0
8189.0,705.0
8189.0,705.0
8189.0,705.0
8189.0,705.0
8189.0,705.0
8189.0,705.0
8189.0,705.0
8189.0,705.0
8189.0,705.0
8189.0,705.0
8189.0,705.0
8189.0,705.0
8189.0,705.0
8189.0,705.0
8189.0,705.0
8189.0,705.0
8189.0,705.0
8189.0,705.0
8189.0,705.0
8189.0,705.0
8189.0,705.0
8189.0,705.0
8189.0,705.0
8189.0,705.0
8189.0,705.0
8189.0,705.0
8189.0,705.0
8189.0,705.0
8189.0,705.0
8189.0,705.0
8189.0,705.0
8189.0,705.0
8189.0,705.0
8189.0,705.0
8189.0,705.0
8189.0,705.0
8189.0,705.0
8189.0,705.0
8189.0,705.0
8189.0,705.0
8189.0,705.0
8189.0,705.0
8189.0,705.0
8189.0,705.0
8189.0,705.0
8189.0,705.0
8189.0,705.0
8188.999999999997,705.0
8189.0,705.0
8189.0,705.0
8189.0,705.0
8189.0,705.0
8189.0,705.0
8189.0,705.0
8189.0,705.0
8189.0,705.0
8189.0,705.0
8189.0,705.0
8189.0,705.0
8189.000000000003,705.0000000000001
8189.0,705.0
8189.0,705.0
8189.0,705.0
8189.0,705.0
8189.0,705.0
8189.0,705.0
8189.0,705.0
8189.0,705.0
8189.0,705.0
8189.0,705.0
8189.0,705.0
8189.0,705.0
8189.0,705.0
8189.0,705.0
8189.0,705.0
8189.0,705.0
8189.0,705.0
8188.999999999999,705.0000000000002
8189.0,705.0
8189.0,705.0
8189.0,705.0
8189.0,705.0
8189.0,705.0
8189.0,705.0
8189.0,705.0
8189.0,705.0
8189.0,705.0
8189.0,705.0
8189.0,705.0
8189.0,705.0
8189.0,705.0
8189.0,705.0
8189.0,705.0
8189.0,705.0
8189.0,705.0
8189.0,705.0
8189.0,705.0
8189.0,705.0
8189.0,705.0
8189.0,705.0
8189.0,705.0
8189.0,705.0
8189.0,705.0
8189.0,705.0
8189.0,705.0
8189.0,705.0
8188.999999999996,704.9999999999997
8189.0,705.0
8189.0,705.0
8189.0,705.0
8189.0,705.0
8189.0,705.0
8189.0,705.0
8189.0,705.0
8189.0,705.0
8189.0,705.0
8189.0,705.0
8189.0,705.0
8189.0,705.0
8189.0,705.0
8189.0,705.0
8189.0,705.0
8189.0,705.0
8189.0,705.0
8189.0,705.0
8189.0,705.0
8189.0,705.0
8189.0,705.0
8189.0,705.0
8189.0,705.0
8189.0,705.0
8189.0,705.0
8189.0,705.0
8189.0,705.0
8189.0,705.0
8189.0,705.0
8189.0,705.0
8189.0,705.0
8189.0,705.0
8189.0,705.0
8189.0,705.0
8189.0,705.0
8189.0,705.0
8189.0,705.0
8189.0,705.0
8189.0,705.0
8189.0,705.0
8189.0,705.0
8189.0,705.0
8189.0,705.0
8189.0,705.0
8189.0,705.0
8189.0,705.0
8189.0,705.0
8189.0,705.0
8189.0,705.0
8189.0,705.0
8189.0,705.0
8189.0,705.0
8189.0,705.0
8189.0,705.0
8189.0,705.0
8189.0,705.0
8189.0,705.0
8189.0,705.0
8189.0,705.0
8189.0,705.0
8189.0,705.0
8189.0,705.0
8189.0,705.0
8189.0,705.0
8189.0,705.0
8189.0,705.0
8189.0,705.0
8189.0,705.0
8189.0,705.0
8189.0,705.0
8189.0,705.0
8189.0,705.0
8189.0,705.0
8189.0,705.0
8189.0,705.0
8189.0,705.0
8189.0,705.0
8189.0,705.0
8189.0,705.0
8189.0,705.0
8189.0,705.0
8189.0,705.0
8189.0,705.0
8189.0,705.0
8189.0,705.0
8189.0,705.0
8189.0,705.0
8189.0,705.0
8189.0,705.0
8189.0,705.0
8189.0,705.0
8189.0,705.0
8189.0,705.0
8189.0,705.0
8189.0,705.0
8189.0,705.0
8189.0,705.0
8189.0,705.0
8189.0,705.0
8189.0,705.0
8189.0,705.0
8189.0,705.0
8189.0,705.0
8189.0,705.0
8189.0,705.0
8189.0,705.0
8189.0,705.0
8189.0,705.0
8189.0,705.0
8189.0,705.0
8189.0,705.0
8189.0,705.0
8189.0,705.0
8189.0,705.0
8189.000000000005,705.0000000000001
8189.0,705.0
8189.0,705.0
8189.0,705.0
8189.0,705.0
8189.0,705.0
8189.0,705.0
8189.0,705.0
8189.0,705.0
8189.0,705.0
8189.0,705.0
8189.0,705.0
8189.0,705.0
8189.0,705.0
8189.0,705.0
8189.0,705.0
8189.0,705.0
8189.0,705.0
8189.0,705.0
8189.0,705.0
8189.0,705.0
8189.0,705.0
8189.0,705.0
8189.0,705.0
8189.0,705.0
8189.0,705.0
8189.0,705.0
8189.0,705.0
8189.0,705.0
8189.0,705.0
8189.0,705.0
8189.0,705.0
8189.0,705.0
8189.0,705.0
8189.0,705.0
8189.0,705.0
8189.000000000002,705.0000000000001
8189.0,705.0
8189.0,705.0
8189.0,705.0
8189.0,705.0
8189.0,705.0
8189.0,705.0
8189.0,705.0
8189.0,705.0
8189.0,705.0
8189.0,705.0
8189.0,705.0
8189.0,705.0
8189.0,705.0
8189.0,705.0
8189.0,705.0
8189.0,705.0
8189.0,705.0
8189.000000000001,705.0000000000001
8189.0,705.0
8189.0,705.0
8189.0,705.0
8189.0,705.0
8189.0,705.0
8189.0,705.0
8189.0,705.0
8189.0,705.0
8189.0,705.0
8189.0,705.0
8189.0,705.0
8189.0,705.0
8189.0,705.0
8189.0,705.0
8189.0,705.0
8189.0,705.0
8189.0,705.0
8189.0,705.0
8189.0,705.0
8189.0,705.0
8189.0,705.0
8189.0,705.0
8189.0,705.0
8188.999999999997,704.9999999999999
8189.0,705.0
8189.0,705.0
8189.0,705.0
8189.0,705.0
8189.0,705.0
8189.0,705.0
8189.0,705.0
8189.0,705.0
8189.0,705.0
8189.0,705.0
8189.0,705.0
8189.0,705.0
8189.0,705.0
8189.0,705.0
8189.0,705.0
8189.0,705.0
8189.0,705.0
8189.0,705.0
8189.0,705.0
8189.0,705.0
8189.0,705.0
8189.0,705.0
8189.0,705.0
8189.0,705.0
8189.0,705.0
8189.0,705.0
8189.0,705.0
8189.0,705.0
8189.0,705.0
8189.0,705.0
8189.0,705.0
8189.0,705.0
8189.0,705.0
8189.0,705.0
8189.0,705.0
8189.0,705.0
8189.0,705.0
8189.0,705.0
8189.0,705.0
8189.0,705.0
8189.0,705.0
8189.0,705.0
8189.0,705.0
8189.0,705.0
8189.0,705.0
8189.0,705.0
8189.0,705.0
8189.0,705.0
8189.0,705.0
8189.0,705.0
8189.0,705.0
8189.0,705.0
8189.0,705.0
8189.0,705.0
8189.0,705.0
8189.0,705.0
8189.0,705.0
8189.0,705.0
8189.0,705.0
8189.0,705.0
8189.0,705.0
8189.0,705.0
8189.0,705.0
8189.0,705.0
8189.0,705.0
8189.0,705.0
8189.0,705.0
8189.0,705.0
8189.0,705.0
8189.0,705.0
8189.0,705.0
8189.0,704.9999999999999
8189.0,704.9999999999999
8189.0,705.0
8189.0,704.9999999999997
8189.0,704.9999999999997
8189.0,705.0
8189.0,705.0
8189.0,705.0
8189.0,705.0
8189.0,705.0
8189.0,705.0
8189.0,705.0
8189.0,705.0
8189.0,705.0
8189.0,705.0
8189.0,705.0
8189.0,705.0
8189.0,705.0
8189.0,705.0
8189.0,705.0
8189.0,705.0
8189.0,705.0
8189.0,705.0
8189.0,705.0
8189.0,705.0
8189.0,705.0
8189.0,705.0
8189.0,705.0
8189.0,705.0
8189.0,705.0
8189.0,705.0
8189.0,705.0
8189.0,705.0
8189.0,705.0
8189.0,705.0
8189.0,705.0
8189.0,705.0
8189.0,705.0
8189.0,705.0
8189.0,705.0
8189.0,705.0
8189.0,705.0
8189.0,705.0
8189.0,705.0
8189.0,705.0
8189.0,705.0
8189.0,705.0
8189.0,705.0
8189.0,705.0
8189.0,705.0
8189.0,705.0
8189.0,705.0
8189.0,705.0
8189.0,705.0
8189.0,705.0
8189.0,705.0
8189.0,705.0
8189.0,705.0
8189.0,705.0
8189.0,705.0
8189.0,705.0
8189.0,705.0
8189.0,705.0
8189.0,705.0
8189.0,705.0
8189.0,705.0
8189.0,705.0
8189.0,705.0
8189.0,705.0
8189.0,705.0
8189.0,705.0
8190.0,705.0
8190.0,705.0
8192.0,723.0
8192.0,723.0
8197.0,739.0
8197.0,739.0
8203.0,751.0
8203.0,751.0
8212.0,760.0
8212.0,760.0
8212.0,760.0
8212.0,760.0
8212.0,760.0
8229.466493903396,761.1098948374869
8234.268133226493,768.0
8234.268133226493,768.0
8234.268133226493,768.0
8234.268133226493,768.0
8234.268133226493,768.0
8253.0,765.0
8263.0,758.0
8263.0,758.0
8268.0,756.0
8268.0,756.0
8268.0,756.0
8293.589440735464,755.0
8293.589440735464,755.0
8305.0,754.0
8308.171302809531,754.0
8308.171302809531,754.0
8325.0,753.0
8325.0,753.0
8336.0,751.0
8336.0,751.0
8346.0,746.0
8346.0,746.0
8357.0,737.0
8357.0,737.0
8367.0,726.0
8367.0,726.0
8377.0,711.0
8377.0,711.0
8387.0,705.0
8387.0,705.0
8384.0,705.0
8384.0,705.0
8384.0,705.0
8384.0,705.0
8384.0,705.0
8396.0,705.0
8396.0,705.0
8396.0,705.0
8396.0,705.0
8396.0,705.0
8396.0,705.0
8396.0,705.0
8396.0,705.0
8396.0,705.0
8396.0,705.0
8396.0,705.0
8396.0,705.0
8396.0,705.0
8396.0,705.0
8396.0,705.0
8396.0,705.0
8396.0,705.0
8396.0,705.0
8396.0,705.0
8450.966101694943,705.0
8450.966101694943,705.0
8473.075500770447,705.0
8487.815100154115,705.0
8487.815100154115,705.0
8509.924499229612,705.0
8509.924499229612,705.0
8536.455778120235,705.0
8536.455778120235,705.0
8584.0,705.0
8584.0,705.0
8589.0,705.0
8589.0,705.0
8588.0,705.0
8588.0,705.0
8605.0,705.0
8605.0,705.0
8616.0,705.0
8616.0,705.0
8626.0,705.0
8626.0,705.0
8636.0,705.0
8636.0,705.0
8647.0,705.0
8647.0,705.0
8657.0,705.0
8657.0,705.0
8668.0,705.0
8668.0,705.0
8680.99151372228,705.0
8680.0,705.0
8686.619160389811,705.0
8686.619160389811,705.0
8686.619160389811,705.0
8686.619160389811,705.0
8686.619160389811,705.0
8686.619160389811,705.0
8719.0,705.0
8719.0,705.0
8730.0,705.0
8730.0,705.0
8740.0,705.0
8740.0,705.0
8751.0,705.0
8751.0,705.0
8761.0,705.0
8761.0,705.0
8771.0,705.0
8771.0,705.0
8782.0,705.0
8782.0,705.0
8793.037715517246,705.0
8793.037715517246,705.0
8802.0,705.0
8802.0,705.0
8813.0,705.0
8813.0,705.0
8823.0,705.0
8823.0,705.0
8834.0,705.0
8834.0,705.0
8844.0,705.0
8844.0,705.0
8854.0,705.0
8854.0,705.0
8864.666666666672,705.0
8864.666666666672,705.0
8875.0,705.0
8875.0,705.0
8885.0,705.0
8885.0,705.0
8896.0,705.0
8896.0,705.0
8906.0,705.0
8906.0,705.0
8917.0,705.0
8917.0,705.0
8927.0,705.0
8927.0,705.0
8937.0,705.0
8937.0,705.0
8948.0,705.0
8948.0,705.0
8958.0,705.0
8958.0,705.0
8969.0,705.0
8969.0,705.0
8979.0,705.0
8979.0,705.0
8989.0,705.0
8989.0,705.0
8886.152260638366,705.0
8886.152260638366,705.0
8813.403058510667,705.0
8813.403058510667,705.0
9020.0,705.0
9020.0,705.0
9020.0,705.0
9036.0,705.0
9005.965697625623,705.0
9005.965697625623,705.0
9052.0,705.0
9052.0,705.0
9052.0,705.0
9057.0,705.0
9072.0,705.0
9072.0,705.0
9080.420560747656,705.0
9080.420560747656,705.0
9090.28971962616,705.0
9090.28971962616,705.0
9103.0,705.0
9103.0,705.0
9114.0,705.0
9114.0,705.0
9124.0,705.0
9124.0,705.0
9135.0,705.0
9135.0,705.0
9145.0,705.0
9145.0,705.0
9155.0,705.0
9155.0,705.0
9166.0,705.0
9166.0,705.0
9176.0,705.0
9176.0,705.0
9186.0,705.0
9186.0,705.0
9197.0,705.0
9197.0,705.0
9207.0,705.0
9207.0,705.0
9218.0,705.0
9218.0,705.0
9228.0,705.0
9228.0,705.0
9238.0,705.0
9238.0,705.0
9249.0,705.0
9249.0,705.0
9249.0,705.0
9284.0,705.0
9270.0,705.0
9270.0,705.0
9280.0,705.0
9280.0,705.0
9280.0,705.0
9280.0,705.0
9301.0,705.0
9301.0,705.0
9311.0,705.0
9311.0,705.0
9321.0,705.0
9321.0,705.0
9321.0,705.0
9337.0,705.0
9342.0,705.0
9342.0,705.0
9353.0,705.0
9353.0,705.0
9363.0,705.0
9363.0,705.0
9373.0,705.0
9373.0,705.0
9384.0,705.0
9384.0,705.0
9384.0,705.0
9384.0,705.0
9404.0,705.0
9404.0,705.0
9415.0,705.0
9415.0,705.0
9425.0,705.0
9425.0,705.0
9435.0,705.0
9435.0,705.0
9446.0,705.0
9446.0,705.0
9456.0,705.0
9456.0,705.0
9467.0,705.0
9467.0,705.0
9477.0,705.0
9477.0,705.0
9487.0,705.0
9487.0,705.0
9498.0,715.0
9498.0,715.0
9508.0,731.0
9508.0,731.0
9519.0,732.0
9519.0,732.0
9529.0,727.0
9529.0,727.0
9539.0,720.0
9539.0,720.0
9550.0,709.0
9550.0,709.0
9580.0,705.0
9580.0,705.0
9571.0,705.0
9571.0,705.0
9571.0,705.0
9586.0,705.0
9591.0,705.0
9591.0,705.0
9602.0,705.0
9602.0,705.0
9612.0,705.0
9612.0,705.0
9622.0,705.0
9622.0,705.0
9633.0,705.0
9633.0,705.0
9643.0,705.0
9643.0,705.0
9654.0,705.0
9654.0,705.0
9684.0,705.0
9684.0,705.0
9674.0,705.0
9674.0,705.0
9685.0,705.0
9685.0,705.0
9695.0,705.0
9695.0,705.0
9705.0,705.0
9705.0,705.0
9705.0,705.0
9721.0,705.0
9726.0,705.0
9726.0,705.0
9737.0,705.0
9737.0,705.0
9747.0,705.0
9747.0,705.0
9757.0,705.0
9757.0,705.0
9768.0,705.0
9768.0,705.0
9778.0,705.0
9778.0,705.0
9789.0,705.0
9789.0,705.0
9790.0,705.0
9790.0,705.0
9809.0,705.0
9809.0,705.0
9820.0,705.0
9820.0,705.0
9830.0,705.0
9830.0,705.0
9840.0,705.0
9840.0,705.0
9851.0,705.0
9851.0,705.0
9861.0,705.0
9861.0,705.0
9872.0,705.0
9872.0,705.0
9882.0,705.0
9882.0,705.0
9882.0,705.0
9882.0,705.0
9903.0,705.0
9903.0,705.0
9913.0,705.0
9913.0,705.0
9920.709385421635,705.0
9920.709385421635,705.0
9930.414006669847,705.0
9930.414006669847,705.0
9943.353501667467,705.0
9943.353501667467,705.0
9953.05812291568,705.0
9953.05812291568,705.0
9962.762744163892,705.0
9962.762744163892,705.0
9975.702239161512,705.0
9975.702239161512,705.0
9986.0,705.0
9986.0,705.0
9996.0,705.0
9996.0,705.0
10006.0,705.0
10006.0,705.0
10017.082831858414,705.0
10017.082831858414,705.0
10026.49274336284,705.0
10026.49274336284,705.0
10026.49274336284,705.0
10043.0,705.0
10048.0,705.0
10048.0,705.0
10058.0,705.0
10058.0,705.0
10058.0,705.0
10058.0,705.0
10058.0,705.0
10084.0,705.0
10084.0,705.0
10084.0,705.0
10100.0,705.0
10100.0,705.0
10110.0,705.0
10110.0,705.0
10121.0,705.0
10121.0,705.0
10131.0,708.0
10131.0,708.0
10141.0,708.0
10141.0,708.0
10152.0,708.0
10152.0,708.0
10152.0,708.0
10167.0,708.0
10173.0,708.0
10173.0,708.0
10183.0,707.0
10183.0,707.0
10185.0,705.0
10185.0,705.0
10185.0,705.0
10185.0,705.0
10185.0,705.0
10185.0,705.0
10185.0,705.0
10185.0,705.0
10185.0,705.0
10185.0,705.0
10185.0,705.0
10185.0,705.0
10185.0,705.0
10185.0,705.0
10185.0,705.0
10185.0,705.0
10185.0,705.0
10185.0,705.0
10185.0,705.0
10185.0,705.0
10185.0,705.0
10185.0,705.0
10185.0,705.0
10185.0,705.0
10185.0,705.0
10185.0,705.0
10185.0,705.0
10185.0,705.0
10185.0,705.0
10185.0,705.0
10185.0,705.0
10185.0,705.0
10185.0,705.0
10185.0,705.0
10185.0,705.0
10185.0,705.0
10185.0,705.0
10185.0,705.0
10185.0,705.0
10185.0,705.0
10185.0,705.0
10185.0,705.0
10185.0,705.0
10185.0,705.0
10185.0,705.0
10185.0,705.0
10185.0,705.0
10185.0,705.0
10185.0,705.0
10185.0,705.0
10185.0,705.0
10185.0,705.0
10185.0,705.0
10185.0,705.0
10185.0,705.0
10185.0,705.0
10185.0,705.0
10185.0,705.0
10185.0,705.0
10185.0,705.0
10185.0,705.0
10185.0,705.0
10185.0,705.0
10185.0,705.0
10185.0,705.0
10185.0,705.0
10185.0,705.0
10185.0,705.0
10185.0,705.0
10185.0,705.0
10185.0,705.0
10185.0,705.0
10185.0,705.0
10185.0,705.0
10185.0,705.0
10185.0,705.0
10185.0,705.0
10185.0,705.0
10185.0,705.0
10185.0,705.0
10185.0,705.0
10185.0,705.0
10185.0,705.0
10185.0,705.0
10185.0,705.0
10185.0,705.0
10185.0,705.0
10185.0,705.0
10185.0,705.0
10185.0,705.0
10185.0,705.0
10185.0,705.0
10185.0,705.0
10185.0,705.0
10185.0,705.0
10185.0,705.0
10185.0,705.0
10185.0,705.0
10185.0,705.0
10185.0,705.0
10185.0,705.0
10185.0,705.0
10185.0,705.0
10185.0,705.0
10185.0,705.0
10185.0,705.0
10185.0,705.0
10185.0,705.0
10185.0,705.0
10185.0,705.0
10185.0,705.0
10185.0,705.0
10185.0,705.0
10185.0,705.0
10185.0,705.0
10185.0,705.0
10185.0,705.0
10185.0,705.0
10185.0,705.0
10185.0,705.0
10185.0,705.0
10185.0,705.0
10185.0,705.0
10185.0,705.0
10185.0,705.0
10185.0,705.0
10185.0,705.0
10185.0,705.0
10185.0,705.0
10185.0,705.0
10185.0,705.0
10185.0,705.0
10185.0,705.0
10185.0,705.0
10185.0,705.0
10185.0,705.0
10185.0,705.0
10185.0,705.0
10185.0,705.0
10185.0,705.0
10185.0,705.0
10185.0,705.0
10185.0,705.0
10185.0,705.0
10185.0,705.0
10185.0,705.0
10185.0,705.0
10185.0,705.0
10185.0,705.0
10185.0,705.0
10185.0,705.0
10185.0,705.0
10185.0,705.0
10185.0,705.0
10185.0,705.0
10185.0,705.0
10185.0,705.0
10185.0,705.0
10185.0,705.0
10185.0,705.0
10185.0,705.0
10185.0,705.0
10185.0,705.0
10185.0,705.0
10185.0,705.0
10185.0,705.0
10185.0,705.0
10185.0,705.0
10185.0,705.0
10185.0,705.0
10185.0,705.0
10185.0,705.0
10185.0,705.0
10185.0,705.0
10185.0,705.0
10185.0,705.0
10185.0,705.0
10185.0,705.0
10185.0,705.0
10185.0,705.0
10185.0,705.0
10185.0,705.0
10185.0,705.0
10185.0,705.0
10185.0,705.0
10185.0,705.0
10185.0,705.0
10185.0,705.0
10185.0,705.0
10185.0,705.0
10185.0,705.0
10185.0,705.0
10185.0,705.0
10185.0,705.0
10185.0,705.0
10185.0,705.0
10185.0,705.0
10185.0,705.0
10185.0,705.0
10185.0,705.0
10185.0,705.0
10185.0,705.0
10185.0,705.0
10185.0,705.0
10185.0,705.0
10185.0,705.0
10185.0,705.0
10185.0,705.0
10185.0,705.0
10185.0,705.0
10185.0,705.0
10185.0,705.0
10185.0,705.0
10185.0,705.0
10185.0,705.0
10185.0,705.0
10185.0,705.0
10185.0,705.0
10185.0,705.0
10185.0,705.0
10185.0,705.0
10185.0,705.0
10185.0,705.0
10185.0,705.0
10185.0,705.0
10185.0,705.0
10185.0,705.0
10185.0,705.0
10185.0,705.0
10185.0,705.0
10185.0,705.0
10185.0,705.0
10185.0,705.0
10185.0,705.0
10185.0,705.0
10185.0,705.0
10185.0,705.0
10185.0,705.0
10185.0,705.0
10185.0,705.0
10185.0,705.0
10185.0,705.0
10185.0,705.0
10185.0,705.0
10185.0,705.0
10185.0,705.0
10185.0,705.0
10185.0,705.0
10185.0,705.0
10185.0,705.0
10185.0,705.0
10185.0,705.0
10185.0,705.0
10185.0,705.0
10185.0,705.0
10185.0,705.0
10185.0,705.0
10185.0,705.0
10185.0,705.0
10185.0,705.0
10185.0,705.0
10185.0,705.0
10185.0,705.0
10185.0,705.0
10185.0,705.0
10185.0,705.0
10185.0,705.0
10185.0,705.0
10185.0,705.0
10185.0,705.0
10185.0,705.0
10185.0,705.0
10185.0,705.0
10185.0,705.0
10185.0,705.0
10185.0,705.0
10185.0,705.0
10185.0,705.0
10185.0,705.0
10185.0,705.0
10185.0,705.0
10185.0,705.0
10185.0,705.0
10185.0,705.0
10185.0,705.0
10185.0,705.0
10185.0,705.0
10185.0,705.0
10185.0,705.0
10185.0,705.0
10185.0,705.0
10185.0,705.0
10185.0,705.0
10185.0,705.0
10185.0,705.0
10185.0,705.0
10185.0,705.0
10185.0,705.0
10185.0,705.0
10185.0,705.0
10185.0,705.0
10185.0,705.0
10185.0,705.0
10185.0,705.0
10185.0,705.0
10185.0,705.0
10185.0,705.0
10185.0,705.0
10185.0,705.0
10185.0,705.0
10185.0,705.0
10185.0,705.0
10185.0,705.0
10185.0,705.0
10185.0,705.0
10185.0,705.0
10185.0,705.0
10185.0,705.0
10185.0,705.0
10185.0,705.0
10184.0,705.0
10184.0,705.0
10181.0,705.0
10181.0,705.0
10177.0,705.0
10177.0,705.0
10170.0,705.0
10170.0,705.0
10162.0,705.0
10162.0,705.0
10154.0,705.0
10154.0,705.0
10143.0,705.0
10143.0,705.0
10132.0,705.0
10132.0,705.0
10121.0,705.0
10121.0,705.0
10112.0,705.0
10112.0,705.0
10102.0,705.0
10102.0,705.0
10090.0,705.0
10090.0,705.0
10079.0,705.0
10079.0,705.0
10089.0,705.0
10089.0,705.0
10051.0,705.0
10051.0,705.0
10058.0,705.0
10058.0,705.0
10058.0,705.0
10058.0,705.0
10058.0,705.0
10058.0,705.0
10058.0,705.0
10058.0,705.0
10058.0,705.0
10058.0,705.0
10058.0,705.0
10058.0,705.0
10058.0,705.0
10058.0,705.0
10058.0,705.0
10058.0,705.0
10058.0,705.0
10058.0,705.0
10058.0,705.0
10058.0,705.0
10058.0,705.0
10058.0,705.0
10058.0,705.0
10058.0,705.0
10058.0,705.0
10058.0,705.0
10058.0,705.0
10058.0,705.0
10058.0,705.0
10058.0,705.0
10058.0,705.0
10058.0,705.0
10058.0,705.0
10058.0,705.0
10058.0,705.0
10058.0,705.0
10058.0,705.0
10058.0,705.0
10058.0,705.0
10058.0,705.0
10058.0,705.0
10058.0,705.0
10058.0,704.0
10058.0,704.0
10058.0,701.0
10058.0,701.0
10058.0,695.0
10058.0,695.0
10058.0,685.0
10058.0,685.0
10058.0,672.0
10058.0,672.0
10058.0,657.0
10058.0,657.0
10058.0,638.0
10058.0,638.0
10058.0,616.0
10058.0,616.0
10058.0,591.0
10058.0,591.0
10058.0,564.0
10058.0,564.0
10058.0,537.0
10058.0,537.0
10058.0,510.0
10058.0,510.0
10058.0,483.0
10058.0,483.0
10058.0,456.0
10058.0,456.0
10058.0,429.0
10058.0,429.0
10058.0,402.0
10058.0,402.0
10058.0,375.0
10058.0,375.0
10058.0,348.0
10058.0,348.0
10058.0,321.0
10058.0,321.0
10058.0,294.0
10058.0,294.0
10058.0,267.0
10058.0,267.0
10058.0,240.0
10058.0,240.0
10058.0,213.0
10058.0,213.0
10058.0,105.0
