Blank123, 9
42,225
46.0,225.0
46.0,225.0
49.0,225.0
51.0,225.0
51.0,225.0
56.0,225.0
60.0,225.0
60.0,225.0
68.0,225.0
73.0,225.0
73.0,225.0
83.0,225.0
88.0,225.0
88.0,225.0
99.0,225.0
104.0,225.0
109.0,225.0
114.0,225.0
119.0,225.0
119.0,225.0
130.0,225.0
135.0,225.0
135.0,225.0
145.0,225.0
151.0,225.0
151.0,225.0
161.0,225.0
166.0,225.0
166.0,225.0
177.0,225.0
182.0,225.0
182.0,225.0
192.0,225.0
197.0,235.0
197.0,235.0
208.0,251.0
213.0,259.0
213.0,259.0
223.0,271.0
228.0,276.0
234.0,280.0
239.0,283.0
244.0,286.0
249.0,288.0
254.0,289.0
260.0,289.0
260.0,289.0
270.0,287.0
275.0,285.0
275.0,285.0
286.0,278.0
291.0,274.0
291.0,274.0
301.0,263.0
306.0,256.0
306.0,256.0
317.0,240.0
322.0,231.0
322.0,231.0
332.0,237.0
337.0,246.0
337.0,246.0
348.0,261.0
353.0,268.0
353.0,268.0
363.0,278.0
369.0,282.0
369.0,282.0
379.0,288.0
384.0,290.0
389.0,291.0
395.0,291.0
400.0,291.0
400.0,291.0
410.0,287.0
415.0,285.0
415.0,285.0
426.0,276.0
431.0,271.0
431.0,271.0
441.0,259.0
446.0,251.0
446.0,251.0
457.0,234.0
462.0,225.0
462.0,225.0
472.0,225.0
478.0,225.0
478.0,225.0
488.0,225.0
493.0,225.0
493.0,225.0
504.0,225.0
509.0,225.0
509.0,225.0
519.0,225.0
524.0,225.0
524.0,225.0
535.0,225.0
540.0,235.0
540.0,235.0
550.0,251.0
555.0,246.5911854103343
555.0,246.5911854103343
561.0,265.0
570.1375464684016,276.0
570.1375464684016,276.0
581.0,283.0
587.0,286.0
587.0,286.0
597.0,289.0
602.0,289.0
602.0,289.0
613.0,287.0
618.0,285.0
618.0,285.0
628.0,278.0
633.0,274.0
633.0,274.0
644.0,263.0
649.0,256.0
654.0,249.0
659.0,240.0
664.0,231.0
664.0,231.0
675.0,237.0
680.0,246.0
680.0,246.0
690.0,261.0
696.0,268.0
696.0,268.0
706.0,278.0
711.0,282.0
711.0,282.0
721.0,288.0
727.0,290.0
727.0,290.0
737.0,291.0
742.0,291.0
742.0,291.0
753.0,287.0
758.0,285.0
758.0,285.0
768.0,276.0
773.0,271.0
773.0,271.0
784.0,259.0
789.0,251.0
789.0,251.0
799.0,234.0
805.0,224.0
805.0,224.0
815.0,243.0
820.0,251.0
820.0,251.0
830.0,265.0
836.0,271.0
836.0,271.0
846.0,281.0
851.0,284.0
851.0,284.0
862.0,289.0
867.0,290.0
867.0,290.0
877.0,290.0
882.0,289.0
882.0,289.0
893.0,285.0
898.0,281.0
898.0,281.0
908.0,272.0
914.0,266.0
914.0,266.0
924.0,252.0
929.0,244.0
929.0,244.0
939.0,226.0
945.0,231.0
945.0,231.0
955.0,249.0
960.0,257.0
960.0,257.0
971.0,270.0
976.0,275.0
976.0,275.0
986.0,283.0
991.0,286.0
991.0,286.0
1002.0,290.0
1007.0,290.0
1007.0,290.0
1007.0,290.0
1012.0,290.0
1012.0,290.0
1017.0,289.0
1023.1474412495731,283.43021471818724
1030.0441350548479,279.0791445129131
1039.725457370443,271.6747394732088
1047.951774841379,262.19069804538503
1047.951774841379,262.19069804538503
1064.0,246.0
1069.0,237.0
1069.0,237.0
1080.0,230.0
1085.0,239.0
1085.0,239.0
1095.0,256.0
1100.0,263.0
1100.0,263.0
1111.0,275.0
1116.0,279.0
1116.0,279.0
1126.0,286.0
1131.0,289.0
1131.0,289.0
1142.0,291.0
1147.0,291.0
1147.0,291.0
1157.0,289.0
1163.0,287.0
1163.0,287.0
1173.0,280.0
1178.0,275.0
1178.0,275.0
1189.0,264.0
1194.0,257.0
1194.0,257.0
1204.0,241.0
1209.0,231.0
1209.0,231.0
1220.0,225.0
1225.0,225.0
1225.0,225.0
1235.0,225.0
1240.0,235.0
1240.0,235.0
1251.0,251.0
1256.0,259.0
1256.0,259.0
1266.0,271.0
1272.0,276.0
1272.0,276.0
1282.0,283.0
1287.0,286.0
1292.0,288.0
1298.0,289.0
1303.0,289.0
1303.0,289.0
1313.0,287.0
1318.0,285.0
1323.0,282.0
1329.0,278.0
1334.0,271.9300368227248
1334.0,271.9300368227248
1344.0,263.0
1349.0,256.0
1349.0,256.0
1360.0,240.0
1365.0,231.0
1365.0,231.0
1375.0,237.0
1381.0,246.0
1381.0,246.0
1391.0,261.0
1396.0,268.0
1396.0,268.0
1407.0,278.0
1412.0,282.0
1412.0,282.0
1422.0,288.0
1427.0,290.0
1427.0,290.0
1432.0,291.0
1443.0,291.0
1443.0,291.0
1453.0,287.0
1458.0,285.0
1458.0,285.0
1469.0,287.0
1474.0,296.0
1479.0,304.0
1484.0,312.0
1490.0,318.0
1495.0,324.0
1500.0,329.0
1500.0,329.0
1500.0,329.0
1513.7990584945499,340.0
1521.0,342.0
1521.0,342.0
1531.0,344.0
1536.0,343.0
1536.0,343.0
1547.0,340.0
1552.0,338.0
1552.0,338.0
1562.0,330.0
1567.0,325.0
1567.0,325.0
1578.0,312.04201680672304
1583.0,305.0
1583.0,305.0
1593.0,288.0
1599.0,279.0
1599.0,279.0
1609.0,290.0
1614.0,299.0
1614.0,299.0
1624.0,314.0
1630.0,320.0
1635.0,326.0
1640.0,330.0
1640.0,330.0
1640.0,330.0
1650.923078053006,333.99148187242645
1656.3617924130915,335.9882795318109
1661.800506773177,337.9850771911955
1666.8309395177225,339.036173699679
1672.9803663196728,342.0
1672.9803663196728,342.0
1687.0,338.0
1692.0,335.0
1692.0,335.0
1702.0,326.0
1708.0,321.0
1708.0,321.0
1718.0,308.0
1723.0,300.0
1723.0,300.0
1733.0,285.0
1739.0,285.0
1739.0,285.0
1744.0,285.0
1744.0,285.0
1754.483289182342,284.9999999999999
1760.844367754699,285.0
1770.0,285.0
1770.0,285.0
1780.0,285.0
1785.0,285.0
1791.0,285.0
1796.0,285.0
1801.0,285.0
1806.0,285.0
1811.0,285.0
1816.0,285.0
1816.0,285.0
1827.0,285.0
1832.0,285.0
1832.0,285.0
1842.0,285.0
1848.0,285.0
1848.0,285.0
1858.0,285.0
1863.0,285.0
1863.0,285.0
1874.0,285.0
1879.0,285.0
1879.0,285.0
1889.0,285.0
1894.0,285.0
1894.0,285.0
1905.0,303.0
1910.0,311.0
1910.0,311.0
1920.0,325.0
1925.0,331.0
1925.0,331.0
1936.0,340.0
1941.0,343.0
1941.0,343.0
1951.0,348.0
1957.0,349.0
1957.0,349.0
1967.0,348.0
1972.0,347.0
1972.0,347.0
1983.0,342.0
1988.0,338.0
1988.0,338.0
1998.0,329.0
2003.0,323.0
2003.0,323.0
2014.0,309.0
2019.0,300.0
2019.0,300.0
2029.0,287.0
2034.0,297.0
2034.0,297.0
2045.0,314.0
2050.0,321.0
2050.0,321.0
2060.0,333.0
2066.0,338.0
2066.0,338.0
2076.0,345.0
2081.0,348.0
2081.0,348.0
2092.0,351.0
2097.0,351.0
2097.0,351.0
2107.0,349.0
2112.0,347.0
2112.0,347.0
2123.0,341.0
2128.0,336.0
2128.0,336.0
2138.0,325.0
2143.0,318.0
2143.0,318.0
2154.0,302.0
2159.0,293.0
2159.0,293.0
2169.0,276.53361344537825
2175.0,261.0
2175.0,261.0
2185.0,255.0
2190.0,254.0
2195.0,254.0
2201.0,254.0
2206.0,254.0
2206.0,254.0
2216.0,253.0
2221.0,263.0
2226.0,272.0
2232.0,280.0
2237.0,287.0
2242.0,293.0
2247.0,299.0
2252.0,304.0
2258.0,308.0
2263.0,311.0
2268.0,314.0
2273.0,316.0
2278.0,317.0
2284.0,317.0
2289.0,317.0
2294.0,315.0
2299.0,313.0
2304.0,310.0
2309.0,307.0
2315.0,302.0
2320.0,297.0
2325.0,291.0
2330.0,282.0
2335.0,277.0
2341.0,268.0
2346.0,266.50000000000045
2351.0,254.0
2356.0,254.0
2361.0,264.0
2367.0,273.0
2372.0,281.0
2377.0,288.0
2382.0,295.0
2387.0,300.0
2393.0,305.0
2398.0,309.0
2403.0,313.0
2408.0,315.0
2413.0,317.0
2418.0,318.0
2424.0,318.0
2429.0,318.0
2434.0,316.0
2439.0,314.0
2444.0,311.0
2450.0,308.0
2455.0,303.0
2460.0,298.0
2465.0,292.0
2470.0,285.0
2476.0,292.0
2481.0,302.0
2486.0,308.6666666666647
2491.0,318.0
2496.0,324.0
2502.0,331.0
2502.0,331.0
2512.0,340.0
2517.0,344.0
2517.0,344.0
2527.0,349.0
2533.0,351.0
2533.0,351.0
2543.0,351.0
2548.0,350.0
2548.0,350.0
2559.0,346.0
2564.0,343.0
2564.0,343.0
2564.0,343.0
2569.0,339.0
2569.0,339.0
2574.0,328.85146550397394
2580.460987949313,325.50141503261784
2587.075379788132,318.76037850717285
2593.6897716269523,312.0193419817265
2605.0643146133552,301.2995215188107
2616.0,285.0
2621.0,285.0
2626.0,285.0
2626.0,285.0
2636.0,285.0
2642.0,285.0
2647.0,285.0
2652.0,285.0
2657.0,285.0
2657.0,285.0
2668.0,285.0
2673.0,285.0
2673.0,285.0
2683.0,285.0
2688.0,285.0
2688.0,285.0
2699.0,285.0
2704.0,285.0
2704.0,285.0
2714.0,285.0
2719.0,285.0
2719.0,285.0
2730.0,285.0
2735.0,285.0
2744.0,285.0
2622.1403498715845,268.1357777389794
2575.119677123228,286.0
2575.119677123228,286.0
2746.0,281.9232725286545
2679.1571106674764,285.0
2679.1571106674764,285.0
2746.0,285.0
2746.0,285.0
2746.0,285.0
2746.0,285.0
2746.0,285.0
2746.0,285.0
2746.0,285.0
2746.0,285.0
2746.0,285.0
2746.0,285.0
2746.0,285.0
2746.0,285.0
2746.0,285.0
2746.0,285.0
2746.0,285.0
2746.0,285.0
2747.0,285.0
2747.0,285.0
2750.0,285.0
2752.0,285.0
2752.0,285.0
2757.0,285.0
2761.0,285.0
2761.0,285.0
2769.0,285.0
2774.0,295.0
2774.0,295.0
2784.0,311.0
2789.0,319.0
2789.0,319.0
2800.0,331.0
2805.0,336.0
2805.0,336.0
2815.0,343.0
2821.0,346.0
2821.0,346.0
2831.0,349.0
2836.0,349.0
2836.0,349.0
2846.0,347.0
2852.0,345.0
2852.0,345.0
2862.0,338.0
2867.0,334.0
2867.0,334.0
2878.0,323.0
2883.0,316.0
2883.0,316.0
2893.0,300.0
2898.0,291.0
2898.0,291.0
2909.0,297.0
2914.0,306.0
2914.0,306.0
2924.0,321.0
2930.0,328.0
2930.0,328.0
2940.0,338.0
2945.0,342.0
2945.0,342.0
2955.0,348.0
2961.0,350.0
2961.0,350.0
2971.0,351.0
2976.0,351.0
2976.0,351.0
2987.0,347.0
2992.0,345.0
2992.0,345.0
3002.0,336.0
3007.0,331.0
3007.0,331.0
3018.0,319.0
3023.0,311.0
3023.0,311.0
3033.0,294.0
3039.0,285.0
3039.0,285.0
3049.0,304.0
3054.0,312.0
3054.0,312.0
3064.0,326.0
3070.0,332.0
3070.0,332.0
3080.0,341.0
3085.0,345.0
3085.0,345.0
3096.0,350.0
3101.0,351.0
3101.0,351.0
3111.0,351.0
3116.0,350.0
3116.0,350.0
3127.0,345.0
3132.0,342.0
3132.0,342.0
3142.0,333.0
3148.0,327.0
3148.0,327.0
3158.0,313.0
3163.0,305.0
3163.0,305.0
3173.0,295.8025210084011
3179.0,285.0
3179.0,285.0
3189.0,285.0
3194.0,285.0
3194.0,285.0
3205.0,285.0
3210.0,285.0
3210.0,285.0
3220.0,285.0
3225.0,285.0
3225.0,285.0
3236.0,285.0
3241.0,285.0
3241.0,285.0
3251.0,285.0
3256.0,285.0
3256.0,285.0
3267.0,285.0
3272.0,285.0
3272.0,285.0
3282.0,285.0
3288.0,285.0
3288.0,285.0
3298.0,285.0
3303.0,285.0
3303.0,285.0
3314.0,285.0
3319.0,284.0
3319.0,284.0
3329.0,303.0
3334.0,311.0
3334.0,311.0
3345.0,324.0
3350.0,330.0
3350.0,330.0
3360.0,339.0
3365.0,342.0
3371.0,345.0
3376.0,347.0
3381.0,348.0
3381.0,348.0
3391.0,348.0
3397.0,346.0
3397.0,346.0
3406.0,341.0
3410.0,338.0
3410.0,338.0
3415.0,336.0
3416.0,345.0
3416.0,345.0
3417.0,362.0
3417.0,369.0
3417.0,369.0
3415.0,381.0
3413.0,385.0
3413.0,385.0
3408.0,392.0
3405.0,395.0
3405.0,395.0
3398.0,397.0
3393.0,397.0
3393.0,397.0
3383.0,395.0
3378.0,402.0
3378.0,402.0
3367.0,413.0
3362.0,417.0
3362.0,417.0
3352.0,424.0
3347.0,426.0
3347.0,426.0
3336.0,428.0
3331.0,435.0
3331.0,435.0
3321.0,446.0
3318.0,450.0
3318.0,450.0
3313.0,457.0
3311.0,459.0
3311.0,459.0
3310.0,461.0
3309.0,460.0
3309.0,460.0
3309.0,458.0
3310.0,455.0
3310.0,455.0
3313.0,458.0
3315.0,468.0
3315.0,468.0
3320.0,484.0
3323.0,490.0
3323.0,490.0
3331.0,502.0
3336.0,506.0
3336.0,506.0
3346.0,513.0
3352.0,519.0
3352.0,519.0
3362.0,537.0
3367.0,544.0
3367.0,544.0
3378.0,559.2058823529424
3383.0,570.0
3383.0,570.0
3393.0,585.0
3398.0,591.0
3398.0,591.0
3409.0,602.0
3414.0,606.0
3414.0,606.0
3424.0,612.0
3429.0,614.0
3429.0,614.0
3440.0,615.0
3445.0,615.0
3445.0,615.0
3455.0,611.0
3461.0,608.0
3461.0,608.0
3471.0,600.0
3476.0,595.0
3476.0,595.0
3487.0,582.0
3492.0,575.0
3492.0,575.0
3502.0,557.0
3507.0,548.0
3507.0,548.0
3518.0,537.2731092436989
3523.0,525.0
3523.0,525.0
3533.0,525.0
3538.0,525.0
3538.0,525.0
3549.0,525.0
3554.0,525.0
3554.0,525.0
3564.0,525.0
3570.0,525.0
3570.0,525.0
3580.0,525.0
3585.0,525.0
3585.0,525.0
3590.0,525.0
3601.0,525.0
3601.0,525.0
3611.0,525.0
3616.0,525.0
3616.0,525.0
3627.0,525.0
3632.0,525.0
3632.0,525.0
3642.0,525.0
3647.0,525.0
3647.0,525.0
3658.0,525.0
3663.0,525.0
3663.0,525.0
3673.0,525.0
3679.0,525.0
3679.0,525.0
3689.0,525.0
3694.0,525.0
3694.0,525.0
3705.0,525.0
3710.0,525.0
3710.0,525.0
3720.0,525.0
3725.0,525.0
3725.0,525.0
3736.0,525.0
3741.0,525.0
3741.0,525.0
3751.0,525.0
3756.0,525.0
3756.0,525.0
3767.0,525.0
3772.0,525.0
3772.0,525.0
3782.0,525.0
3788.0,525.0
3788.0,525.0
3798.0,525.0
3803.0,525.0
3803.0,525.0
3814.0,525.0
3819.0,535.0
3819.0,535.0
3829.0,551.0
3834.0,559.0
3839.0,565.0
3845.0,571.0
3850.0,576.0
3850.0,576.0
3860.0,583.0
3865.0,586.0
3865.0,586.0
3876.0,589.0
3881.0,589.0
3881.0,589.0
3891.0,587.0
3897.0,582.9999999999991
3897.0,582.9999999999991
3907.0,578.0
3912.0,574.0
3912.0,574.0
3923.0,563.0
3928.0,556.0
3928.0,556.0
3933.0,549.0
3938.0,540.0
3943.0,535.3799065420517
3954.0,525.0
3959.0,525.0
3959.0,525.0
3969.0,525.0
3974.0,525.0
3974.0,525.0
3985.0,535.0
3990.0,543.0
3990.0,543.0
4000.0,559.0
4006.0,565.0
4006.0,565.0
4016.0,576.0
4021.0,580.0
4021.0,580.0
4031.0,586.0
4037.0,588.0
4037.0,588.0
4047.0,589.0
4052.0,586.7062818336165
4052.0,586.7062818336165
4063.0,585.0
4068.0,582.0
4068.0,582.0
4078.0,574.0
4083.0,569.0
4083.0,569.0
4094.0,556.0
4099.0,549.0
4099.0,549.0
4109.0,531.0
4115.0,525.0
4115.0,525.0
4125.0,525.0
4130.0,525.0
4135.0,525.0
4140.0,525.0
4146.0,525.0
4151.0,525.0
4156.0,525.0
4161.0,525.0
4161.0,525.0
4172.0,525.0
4177.0,525.0
4177.0,525.0
4187.0,525.0
4192.0,525.0
4192.0,525.0
4203.0,525.0
4208.0,525.0
4208.0,525.0
4218.0,525.0
4224.0,525.0
4224.0,525.0
4234.0,525.0
4239.0,525.0
4239.0,525.0
4249.0,525.0
4255.0,525.0
4255.0,525.0
4265.0,525.0
4270.0,525.0
4270.0,525.0
4281.0,543.0
4286.0,551.0
4291.0,559.0
4296.0,565.0
4301.0,571.0
4301.0,571.0
4312.0,580.0
4317.0,583.0
4317.0,583.0
4327.0,588.0
4332.0,589.0
4332.0,589.0
4343.0,588.0
4348.0,587.0
4348.0,587.0
4358.0,582.0
4364.0,578.0
4364.0,578.0
4374.0,569.0
4379.0,563.0
4379.0,563.0
4390.0,549.0
4395.0,540.0
4395.0,540.0
4405.0,525.0
4410.0,525.0
4410.0,525.0
4421.0,525.0
4426.0,525.0
4426.0,525.0
4436.0,525.0
4441.0,525.0
4441.0,525.0
4452.0,525.0
4457.0,525.0
4457.0,525.0
4462.0,525.0
4467.0,525.0
4467.0,525.0
4479.583144080119,525.0
4488.0,525.0
4488.0,525.0
4499.0,536.8067226890789
4504.0,543.0
4504.0,543.0
4514.0,559.0
4519.0,565.0
4519.0,565.0
4530.0,576.0
4535.0,580.0
4535.0,580.0
4545.0,586.0
4550.0,588.0
4550.0,588.0
4561.0,589.0
4566.0,588.0
4566.0,588.0
4576.0,585.0
4582.0,582.0
4587.0,578.0
4592.0,574.0
4597.0,569.0
4597.0,569.0
4607.0,556.0
4613.0,549.0
4613.0,549.0
4623.0,531.0
4628.0,525.0
4628.0,525.0
4639.0,525.0
4644.0,525.0
4644.0,525.0
4654.0,525.0
4659.0,525.0
4665.0,525.0
4670.0,525.0
4675.0,525.0
4675.0,525.0
4685.0,525.0
4691.0,525.0
4691.0,525.0
4701.0,525.0
4706.0,525.0
4706.0,525.0
4717.0,525.0
4722.0,525.0
4722.0,525.0
4732.0,525.0
4737.0,525.0
4742.0,525.0
4748.0,525.0
4753.0,525.0
4753.0,525.0
4763.0,525.0
4768.0,525.0
4768.0,525.0
4779.0,525.0
4784.0,525.0
4784.0,525.0
4794.0,525.0
4800.0,525.0
4800.0,525.0
4810.0,525.0
4815.0,525.0
4820.0,525.0
4825.0,525.0
4831.0,525.0
4831.0,525.0
4841.0,525.0
4846.0,525.0
4846.0,525.0
4857.0,525.0
4862.0,525.0
4862.0,525.0
4872.0,525.0
4877.0,525.0
4877.0,525.0
4888.0,525.0
4893.0,525.0
4893.0,525.0
4903.0,525.0
4909.0,525.0
4909.0,525.0
4919.0,525.0
4924.0,525.0
4924.0,525.0
4934.0,525.0
4940.0,525.0
4940.0,525.0
4950.0,525.0
4955.0,525.0
4955.0,525.0
4966.0,525.0
4971.0,525.0
4971.0,525.0
4981.0,525.0
4986.0,525.0
4986.0,525.0
4997.0,525.0
5005.079855625887,524.9999999999999
5018.0,525.0
5014.426671245933,525.0
5014.426671245933,525.0
5028.0,525.0
5033.0,525.0
5033.0,525.0
5033.0,525.0
5041.0,525.0
5043.0,525.0
5043.0,525.0
5044.0,525.0
5044.0,525.0
5044.0,525.0
5044.0,525.0
5044.0,525.0
5044.0,525.0
5044.0,525.0
5044.0,525.0
5044.0,525.0
5044.0,525.0
5044.0,525.0
5044.0,525.0
5044.0,525.0
5044.0,525.0
5044.0,525.0
5044.0,525.0
5044.0,525.0
5044.0,525.0
5045.0,525.0
5046.0,525.0
5046.0,525.0
5050.0,525.0
5052.0,525.0
5052.0,525.0
5059.0,525.0
5063.0,525.0
5063.0,525.0
5072.0,525.0
5077.0,525.0
5077.0,525.0
5087.0,525.0
5093.0,525.0
5098.0,525.0
5103.0,525.0
5108.0,525.0
5108.0,525.0
5119.0,525.0
5124.0,525.0
5129.0,525.0
5134.0,525.0
5139.0,525.0
5139.0,525.0
5150.0,525.0
5155.0,525.0
5155.0,525.0
5165.0,525.0
5170.0,525.0
5170.0,525.0
5181.0,543.0
5186.0,551.0
5186.0,551.0
5196.0,565.0
5202.0,571.0
5202.0,571.0
5212.0,580.0
5217.0,583.0
5217.0,583.0
5228.0,588.0
5233.0,589.0
5233.0,589.0
5243.0,588.0
5248.0,587.0
5253.0,585.0
5259.0,582.0
5264.0,578.0
5269.0,574.0
5274.0,569.0
5279.0,563.0
5279.0,563.0
5289.0,560.0
5294.0,562.0
5294.0,562.0
5304.0,565.0
5309.0,566.0
5309.0,566.0
5319.0,569.0
5324.0,571.0
5324.0,571.0
5334.0,574.0
5339.0,584.0
5339.0,584.0
5349.0,600.0
5355.0,608.0
5355.0,608.0
5365.0,620.0
5370.0,625.0
5370.0,625.0
5381.0,632.0
5386.0,635.0
5386.0,635.0
5396.0,638.0
5401.0,638.0
5407.0,637.0
5412.0,636.0
5417.0,634.0
5417.0,634.0
5427.0,627.0
5432.0,623.0
5432.0,623.0
5443.0,612.0
5448.0,605.0
5448.0,605.0
5458.0,589.0
5464.0,580.0
5464.0,580.0
5474.0,560.0
5479.0,552.0
5479.0,552.0
5484.0,551.0
5488.0,548.3636105188352
5493.0,548.0
5503.0,545.0
5507.0,543.0
5507.0,543.0
5516.0,541.0
5521.0,539.0
5521.0,539.0
5530.0,557.0
5535.941854877466,565.0
5535.941854877466,565.0
5545.463719365693,579.0
5551.811629024511,565.0
5551.811629024511,565.0
5561.333493512737,594.0
5568.0,597.0
5568.0,597.0
5578.0,602.0
5583.0,603.0
5583.0,603.0
5594.0,602.0
5599.0,601.0
5599.0,601.0
5609.0,596.0
5614.0,592.0
5614.0,592.0
5625.0,586.0
5631.0,588.0
5631.0,588.0
5642.0,591.0
5648.0,592.0
5653.0,593.5189075630251
5659.0,595.0
5665.0,597.0
5665.0,597.0
5676.0,600.0
5682.0,601.0
5682.0,601.0
5692.0,620.0
5698.0,628.0
5698.0,628.0
5703.0,641.0
5713.0,647.0
5713.0,647.0
5724.0,653.419390100632
5729.0,659.0
5734.0,662.0
5739.0,664.0
5744.0,665.0
5744.0,665.0
5755.0,665.0
5760.0,663.0
5760.0,663.0
5765.0,661.0
5776.0,655.0
5776.0,655.0
5788.0,650.0
5794.0,649.0
5794.0,649.0
5807.0,647.0
5813.0,646.0
5813.0,646.0
5826.0,644.0
5832.0,643.0
5832.0,643.0
5845.0,641.0
5851.0,640.0
5851.0,640.0
5862.0,656.428368794328
5867.0,666.0
5867.0,666.0
5877.0,680.0
5882.0,685.0
5882.0,685.0
5893.0,694.0
5898.0,698.0
5898.0,698.0
5908.0,702.0
5913.0,703.0
5913.0,703.0
5924.0,703.0
5929.0,702.0
5929.0,702.0
5939.0,697.0
5945.0,693.0
5945.0,693.0
5955.0,683.0
5960.0,677.0
5960.0,677.0
5971.0,663.0
5976.0,655.0
5976.0,655.0
5986.0,656.0
5991.0,626.3577405857686
5991.0,626.3577405857686
6002.0,603.8138075313764
6007.0,589.0
6007.0,589.0
6017.0,582.8988319632917
6024.0,578.3374109078568
6024.0,578.3374109078568
6037.0,571.4952793247048
6044.0,566.9338582692699
6044.0,566.9338582692699
6057.0,556.0
6064.0,556.0
6064.0,556.0
6078.0,556.0
6084.0,555.0
6084.0,555.0
6098.0,555.0
6105.0,555.0
6105.0,555.0
6118.0,559.9368575624076
6123.0,554.0
6123.0,554.0
6134.0,573.0
6139.0,581.0
6139.0,581.0
6149.0,594.0
6154.0,600.0
6154.0,600.0
6165.0,609.0
6170.0,612.0
6170.0,612.0
6180.0,617.0
6186.0,618.0
6186.0,618.0
6196.0,618.0
6201.0,616.0
6201.0,616.0
6211.0,611.0
6217.0,608.0
6217.0,608.0
6227.0,598.0
6232.0,608.0
6232.0,608.0
6238.0,625.0
6240.0,633.0
6240.0,633.0
6243.0,646.0
6243.0,651.0
6243.0,651.0
6244.0,659.0
6244.0,662.0
6244.0,662.0
6244.0,666.0
6244.0,667.0
6244.0,667.0
6244.0,666.0
6244.0,664.0
6244.0,664.0
6245.0,665.0
6246.0,675.0
6246.0,675.0
6250.0,691.0
6253.0,698.0
6253.0,698.0
6259.0,710.0
6263.0,715.0
6263.0,715.0
6272.0,722.0
6277.0,724.0
6277.0,724.0
6282.0,726.0
6293.0,727.0
6293.0,727.0
6298.0,726.0
6308.0,722.0
6308.0,722.0
6319.0,715.0
6324.0,711.0
6324.0,711.0
6334.0,705.0
6339.0,705.0
6339.0,705.0
6350.0,705.0
6355.0,705.0
6355.0,705.0
6365.0,705.0
6371.0,705.0
6371.0,705.0
6381.0,705.0
6386.0,705.0
6386.0,705.0
6396.0,705.0
6402.0,705.0
6402.0,705.0
6412.0,705.0
6417.0,705.0
6417.0,705.0
6428.0,705.0
6433.0,705.0
6433.0,705.0
6443.0,705.0
6448.0,705.0
6448.0,705.0
6459.0,705.0
6464.0,705.0
6464.0,705.0
6474.0,705.0
6480.0,705.0
6480.0,705.0
6490.0,705.0
6495.0,705.0
6495.0,705.0
6506.0,705.0
6511.0,705.0
6511.0,705.0
6521.0,705.0
6526.0,705.0
6526.0,705.0
6537.0,705.0
6542.0,705.0
6542.0,705.0
6547.0,705.0
6557.0,705.0
6557.0,705.0
6568.0,705.0
6573.0,705.0
6573.0,705.0
6583.0,705.0
6589.0,705.0
6589.0,705.0
6599.0,705.0
6604.0,705.0
6604.0,705.0
6609.0,705.0
6620.0,705.0
6620.0,705.0
6625.0,705.0
6630.0,705.0
6635.0,705.0
6640.0,705.0
6651.0,705.0
6651.0,705.0
6661.0,705.0
6666.0,705.0
6666.0,705.0
6677.0,705.0
6682.0,705.0
6682.0,705.0
6692.0,705.0
6698.0,705.0
6698.0,705.0
6708.0,705.0
6713.0,705.0
6713.0,705.0
6723.0,705.0
6729.0,705.0
6729.0,705.0
6739.0,705.0
6744.0,705.0
6744.0,705.0
6755.0,705.0
6760.0,705.0
6760.0,705.0
6770.0,705.0
6775.0,705.0
6775.0,705.0
6786.0,705.0
6791.0,705.0
6791.0,705.0
6801.0,705.0
6806.0,705.0
6806.0,705.0
6817.0,705.0
6822.0,705.0
6822.0,705.0
6832.0,705.0
6838.0,705.0
6838.0,705.0
6848.0,705.0
6853.0,705.0
6853.0,705.0
6864.0,705.0
6869.0,705.0
6869.0,705.0
6879.0,705.0
6884.0,705.0
6884.0,705.0
6895.0,705.0
6900.0,705.0
6900.0,705.0
6910.0,705.0
6915.0,705.0
6915.0,705.0
6926.0,705.0
6931.0,705.0
6931.0,705.0
6941.0,705.0
6947.0,705.0
6947.0,705.0
6957.0,705.0
6962.0,705.0
6962.0,705.0
6973.0,705.0
6978.0,705.0
6978.0,705.0
6978.0,705.0
6988.92388339198,705.0000000000002
6993.0,705.0
7004.0,705.0
7009.0,705.0
7009.0,705.0
7019.0,705.0
7024.0,705.0
7024.0,705.0
7035.0,705.0
7040.0,705.0
7040.0,705.0
7040.0,705.0
7050.550180985447,705.0
7055.649804240229,705.0
7066.0,705.0
7071.0,705.0
7071.0,705.0
7071.0,705.0
7082.84447321573,705.0000000000001
7088.13814533096,705.0
7097.0,705.0
7102.0,705.0
7102.0,705.0
7113.0,705.0
7118.0,705.0
7118.0,705.0
7128.0,705.0
7133.0,705.0
7133.0,705.0
7144.0,705.0
7149.0,705.0
7149.0,705.0
7159.0,705.0
7165.0,705.0
7165.0,705.0
7170.0,705.0
7175.0,705.0
7180.0,705.0
7191.0,705.0
7196.0,705.0
7196.0,705.0
7206.0,705.0
7211.0,705.0
7216.0,705.0
7222.0,705.0
7227.0,705.0
7227.0,705.0
7237.0,705.0
7242.0,705.0
7242.0,705.0
7253.0,705.0
7241.544991511041,705.0
7241.544991511041,705.0
7268.0,705.0
7270.470224843657,705.0
7270.470224843657,705.0
7284.0,705.0
7289.0,705.0
7289.0,705.0
7300.0,705.0
7305.0,705.0
7310.0,705.0
7315.0,705.0
7320.0,705.0
7320.0,705.0
7331.0,705.0
7336.0,705.0
7336.0,705.0
7346.0,705.0
7351.0,705.0
7351.0,705.0
7362.0,705.0
7367.0,705.0
7367.0,705.0
7377.0,705.0
7383.0,705.0
7388.0,705.0
7393.0,705.0
7398.0,705.0
7398.0,705.0
7408.0,705.0
7414.0,705.0
7414.0,705.0
7419.0,705.0
7424.0,705.0
7429.0,705.0
7440.0,705.0
7445.0,705.0
7445.0,705.0
7455.0,705.0
7460.0,705.0
7460.0,705.0
7471.0,705.0
7476.0,705.0
7476.0,705.0
7481.0,705.0
7492.0,705.0
7492.0,705.0
7502.0,705.0
7507.0,705.0
7507.0,705.0
7517.0,705.0
7523.0,705.0
7523.0,705.0
7533.0,705.0
7538.0,705.0
7538.0,705.0
7543.0,705.0
7554.0,705.0
7554.0,705.0
7564.0,705.0
7569.0,705.0
7569.0,705.0
7580.0,705.0
7585.0,705.0
7585.0,705.0
7595.0,705.0
7600.0,705.0
7600.0,705.0
7611.0,705.0
7616.0,705.0
7616.0,705.0
7626.0,705.0
7632.0,705.0
7632.0,705.0
7642.0,705.0
7647.0,705.0
7647.0,705.0
7658.0,705.0
7663.0,705.0
7663.0,705.0
7673.0,705.0
7678.0,705.0
7678.0,705.0
7689.0,705.0
7694.0,705.0
7694.0,705.0
7704.0,705.0
7709.0,705.0
7709.0,705.0
7720.0,705.0
7725.0,705.0
7725.0,705.0
7735.631746031746,705.0
7740.960317460315,705.0
7740.960317460315,705.0
7751.0,705.0
7756.0,705.0
7756.0,705.0
7767.0,705.0
7772.0,705.0
7772.0,705.0
7782.0,705.0
7787.0,705.0
7787.0,705.0
7798.0,705.0
7803.0,705.0
7803.0,705.0
7813.0,705.0
7818.0,705.0
7818.0,705.0
7829.0,705.0
7834.0,705.0
7834.0,705.0
7844.0,705.0
7850.0,705.0
7850.0,705.0
7860.0,705.0
7865.0,705.0
7865.0,705.0
7876.0,705.0
7881.0,705.0
7881.0,705.0
7891.0,705.0
7896.0,705.0
7896.0,705.0
7907.0,705.0
7912.0,705.0
7912.0,705.0
7912.0,705.0
7923.092560240396,705.0000000000002
7927.0,705.0
7938.0,705.0
7943.0,705.0
7943.0,705.0
7953.0,705.0
7959.0,705.0
7959.0,705.0
7969.0,705.0
7974.0,705.0
7974.0,705.0
7979.0,705.0
7985.0,705.0
7990.0,705.0
8000.0,705.0
8005.0,705.0
8010.0,705.0
8016.0,705.0
8021.0,705.0
8021.0,705.0
8031.0,705.0
8036.0,705.0
8036.0,705.0
8047.0,705.0
8052.0,705.0
8052.0,705.0
8062.0,705.0
8068.0,705.0
8068.0,705.0
8078.0,705.0
8083.0,705.0
8083.0,705.0
8093.0,705.0
8099.0,705.0
8099.0,705.0
8109.0,705.0
8114.0,705.0
8114.0,705.0
8125.0,705.0
8130.0,705.0
8130.0,705.0
8140.0,705.0
8145.0,705.0
8145.0,705.0
8156.0,705.0
8161.0,705.0
8161.0,705.0
8171.0,705.0
8177.0,705.0
8177.0,705.0
8185.0,709.0
8188.0,709.0
8188.0,709.0
8190.0,709.0
8190.0,709.0
8190.0,709.0
8190.0,709.0
8190.0,709.0
8190.0,709.0
8190.0,709.0
8190.0,709.0
8190.0,709.0
8190.0,709.0
8190.0,709.0
8190.0,709.0
8190.0,709.0
8190.0,709.0
8190.0,709.0
8190.0,709.0
8190.0,709.0
8190.0,709.0
8190.0,709.0
8190.0,709.0
8190.0,709.0
8190.0,709.0
8190.0,709.0
8190.0,709.0
8190.0,709.0
8190.0,709.0
8190.0,709.0
8190.0,709.0
8190.0,709.0
8190.0,709.0
8190.0,709.0
8190.0,709.0
8190.0,709.0
8190.0,709.0
8190.0,709.0
8190.0,709.0
8190.0,709.0
8190.0,709.0
8190.0,709.0
8190.0,709.0
8190.0,709.0
8190.0,709.0
8190.0,709.0
8190.0,709.0
8190.0,709.0
8190.0,709.0
8190.0,709.0
8190.0,709.0
8190.0,709.0
8190.0,709.0
8190.0,709.0
8190.0,709.0
8190.0,709.0
8190.0,709.0
8190.0,709.0
8190.0,708.0
8190.0,708.0
8190.0,708.0
8190.0,708.0
8190.0,708.0
8190.0,708.0
8190.0,708.0
8190.0,708.0
8190.0,708.0
8190.0,708.0
8190.0,708.0
8190.0,708.0
8190.0,708.0
8190.0,708.0
8190.0,708.0
8190.0,708.0
8190.0,708.0
8190.0,708.0
8190.0,708.0
8190.0,708.0
8190.0,708.0
8190.0,708.0
8190.0,708.0
8190.0,708.0
8190.0,708.0
8190.0,708.0
8190.0,708.0
8190.0,708.0
8190.0,708.0
8190.0,708.0
8190.0,708.0
8190.0,708.0
8190.0,708.0
8190.0,708.0
8190.0,708.0
8190.0,707.0
8190.0,707.0
8190.0,707.0
8190.0,707.0
8190.0,707.0
8190.0,707.0
8190.0,707.0
8190.0,707.0
8190.0,707.0
8190.0,707.0
8190.0,707.0
8190.0,707.0
8190.0,707.0
8190.0,707.0
8190.0,706.0
8190.0,706.0
8190.0,706.0
8190.0,706.0
8190.0,706.0
8190.0,706.0
8190.0,706.0
8190.0,706.0
8190.0,706.0
8190.0,706.0
8190.0,705.0
8190.0,705.0
8190.0,705.0
8190.0,705.0
8190.0,705.0
8190.0,705.0
8190.0,705.0
8190.0,705.0
8190.0,705.0
8190.0,705.0
8190.000000000003,705.0000000000003
8190.000000000003,705.0000000000003
8190.0,705.0
8190.0,705.0
8190.0,705.0
8190.0,705.0
8190.0,705.0
8190.0,705.0
8190.0,705.0
8190.0,705.0
8190.0,705.0
8190.0,705.0
8190.0,705.0
8190.0,705.0
8190.0,705.0
8190.0,705.0
8190.0,705.0
8190.0,705.0
8190.0,705.0
8190.0,705.0
8190.0,705.0
8190.0,705.0
8190.0,705.0
8190.0,705.0
8190.0,705.0
8190.0,705.0
8190.0,705.0
8190.0,705.0
8190.0,705.0
8190.0,705.0
8190.0,705.0
8190.0,705.0
8190.0,705.0
8190.0,705.0
8190.0,705.0
8190.0,705.0
8190.0,705.0
8190.0,705.0
8190.0,705.0
8190.0,705.0
8190.0,705.0
8190.0,705.0
8190.0,705.0
8190.0,705.0
8190.0,705.0
8190.0,705.0
8190.0,705.0
8190.0,705.0
8190.0,705.0
8190.0,705.0
8190.0,705.0
8190.0,705.0
8190.0,705.0
8190.0,705.0
8190.0,705.0
8190.0,705.0
8190.0,705.0
8190.0,705.0
8190.0,705.0
8190.0,705.0
8190.0,705.0
8190.0,705.0
8190.0,705.0
8190.0,705.0
8190.0,705.0
8190.0,705.0
8190.0,705.0
8190.0,705.0
8190.0,705.0
8190.0,705.0
8190.0,705.0
8190.0,705.0
8190.0,705.0
8190.0,705.0
8190.0,705.0
8190.0,705.0
8190.0,705.0
8190.0,705.0
8190.0,705.0
8190.0,705.0
8190.0,705.0
8190.0,705.0
8190.0,705.0
8190.0,705.0
8190.0,705.0
8190.0,705.0
8190.0,705.0
8190.0,705.0
8190.0,705.0
8190.0,705.0
8190.0,705.0
8190.0,705.0
8190.0,705.0
8190.0,705.0
8190.0,705.0
8190.0,705.0
8190.0,705.0
8190.0,705.0
8190.0,705.0
8190.0,705.0
8190.0,705.0
8190.0,705.0
8190.0,705.0
8190.0,705.0
8190.0,705.0
8190.0,705.0
8190.0,705.0
8190.0,705.0
8190.0,705.0
8190.0,705.0
8190.0,705.0
8190.0,705.0
8190.0,705.0
8190.0,705.0
8190.0,705.0
8190.0,705.0
8190.0,705.0
8190.0,705.0
8190.0,705.0
8190.0,705.0
8190.0,705.0
8190.0,705.0
8190.0,705.0
8190.0,705.0
8190.0,705.0
8190.0,705.0
8190.0,705.0
8190.0,705.0
8190.0,705.0
8190.0,705.0
8190.0,705.0
8190.0,705.0
8190.0,705.0
8190.0,705.0
8190.0,705.0
8190.0,705.0
8190.0,705.0
8190.0,705.0
8190.0,705.0
8190.0,705.0
8190.0,705.0
8190.0,705.0
8190.0,705.0
8190.0,705.0
8190.0,705.0
8190.0,705.0
8190.0,705.0
8190.0,705.0
8190.0,705.0
8190.0,705.0
8190.0,705.0
8190.0,705.0
8190.0,705.0
8190.0,705.0
8190.0,705.0
8190.0,705.0
8190.0,705.0
8190.0,705.0
8190.0,705.0
8190.0,705.0
8190.0,705.0
8190.0,705.0
8190.0,705.0
8190.0,705.0
8190.0,705.0
8190.0,705.0
8190.0,705.0
8190.0,705.0
8190.0,705.0
8190.0,705.0
8190.0,705.0
8190.0,705.0
8190.0,705.0
8190.0,705.0
8190.0,705.0
8190.0,705.0
8190.0,705.0
8190.0,705.0
8190.0,705.0
8190.0,705.0
8190.000000000004,705.0
8190.000000000004,705.0
8190.0,705.0
8190.000000000001,704.9999999999998
8190.000000000001,704.9999999999998
8190.0,705.0
8190.0,705.0
8190.0,705.0
8190.0,705.0
8190.0,705.0
8190.0,705.0
8190.0,705.0
8190.0,705.0
8190.0,705.0
8190.0,705.0
8190.0,705.0
8190.0,705.0
8190.0,705.0
8190.0,705.0
8190.0,705.0
8190.0,705.0
8190.0,705.0
8190.0,705.0
8190.0,705.0
8190.0,705.0
8190.0,705.0
8190.0,705.0
8190.0,705.0
8190.0,705.0
8190.0,705.0
8190.0,705.0
8190.0,705.0
8190.0,705.0
8190.0,705.0
8190.0,705.0
8190.0,705.0
8189.999999999998,705.0000000000001
8189.999999999999,705.0000000000002
8190.0,705.0
8190.0,705.0
8190.0,705.0
8190.0,705.0
8190.0,705.0
8190.0,705.0
8190.0,705.0
8190.0,705.0
8190.0,705.0
8190.0,705.0
8190.0,705.0
8190.0,705.0
8190.0,705.0
8190.0,705.0
8190.0,705.0
8190.0,705.0
8190.0,705.0
8190.0,705.0
8190.0,705.0
8190.0,705.0
8190.0,705.0
8190.0,705.0
8190.0,705.0
8190.0,705.0
8190.0,705.0
8190.0,705.0
8190.0,705.0
8190.0,705.0
8190.000000000002,705.0000000000001
8190.000000000001,705.0000000000001
8190.0,705.0
8190.0,705.0
8190.0,705.0
8190.0,705.0
8190.0,705.0
8190.0,705.0
8190.0,705.0
8190.0,705.0
8190.0,705.0
8190.0,705.0
8190.0,705.0
8190.0,705.0
8190.0,705.0
8190.0,705.0
8190.0,705.0
8190.0,705.0
8190.0,705.0
8190.0,705.0
8190.0,705.0
8190.0,705.0
8190.0,705.0
8190.0,705.0
8190.0,705.0
8190.0,705.0
8190.0,705.0
8190.000000000001,705.0000000000001
8190.0,705.0
8190.0,705.0
8190.0,705.0
8190.0,705.0
8190.0,705.0
8190.0,705.0
8190.0,705.0
8190.0,705.0
8190.0,705.0
8190.0,705.0
8190.0,705.0
8190.0,705.0
8190.0,705.0
8190.0,705.0
8190.0,705.0
8190.0,705.0
8190.0,705.0
8190.0,705.0
8190.0,705.0
8190.0,705.0
8190.0,705.0
8190.0,705.0
8190.0,705.0
8190.0,705.0
8190.0,705.0
8190.0,705.0
8190.0,705.0
8190.0,705.0
8190.0,705.0
8190.0,705.0
8190.0,705.0
8190.0,705.0
8190.0,705.0
8190.0,705.0
8190.0,705.0
8190.0,705.0
8190.0,705.0
8190.0,705.0
8190.0,705.0
8190.0,705.0
8190.0,705.0
8190.0,705.0
8190.0,705.0
8190.0,705.0
8190.0,705.0
8190.0,705.0
8190.0,705.0
8190.0,705.0
8190.0,705.0
8190.0,705.0
8190.0,705.0
8190.0,705.0
8190.0,705.0
8190.0,705.0
8190.0,705.0
8190.0,705.0
8190.0,705.0
8190.0,705.0
8190.0,705.0
8190.0,705.0
8190.0,705.0
8190.0,705.0
8190.0,705.0
8190.0,705.0
8190.0,705.0
8190.0,705.0
8190.0,705.0
8190.0,705.0
8190.0,705.0
8190.0,705.0
8190.0,705.0
8190.0,705.0
8190.0,705.0
8190.0,705.0
8190.0,705.0
8190.0,705.0
8190.0,705.0
8190.0,705.0
8190.0,705.0
8190.0,705.0
8190.0,705.0
8190.0,705.0
8190.0,705.0
8190.0,705.0
8190.0,705.0
8190.0,705.0
8190.0,705.0
8190.0,705.0
8190.0,705.0
8190.0,705.0
8190.0,705.0
8190.0,705.0
8190.0,705.0
8190.0,705.0
8190.0,705.0
8190.0,705.0
8190.0,705.0
8190.0,705.0
8190.0,705.0
8190.0,705.0
8190.0,705.0
8190.0,705.0
8190.0,705.0
8190.0,705.0
8190.0,705.0
8190.0,705.0
8190.0,705.0
8190.0,705.0
8190.0,705.0
8190.0,705.0
8190.0,705.0
8190.0,705.0
8190.0,705.0
8190.0,705.0
8190.0,705.0
8190.0,705.0
8190.0,705.0
8190.0,705.0
8190.0,705.0
8190.0,705.0
8190.0,705.0
8190.0,705.0
8190.0,705.0
8190.0,705.0
8190.0,705.0
8190.0,705.0
8190.0,705.0
8190.0,705.0
8190.0,705.0
8190.0,705.0
8190.0,705.0
8190.0,705.0
8190.0,705.0
8190.0,705.0
8190.0,705.0
8190.0,705.0
8190.000000000003,705.0
8190.000000000003,705.0
8190.000000000003,705.0
8189.999999999998,704.9999999999999
8190.0,705.0
8190.0,705.0
8190.0,705.0
8190.0,705.0
8190.0,705.0
8190.0,705.0
8190.0,705.0
8190.0,705.0
8190.0,705.0
8189.999999999999,704.9999999999999
8190.0,705.0
8190.0,705.0
8190.0,705.0
8190.0,705.0
8190.0,705.0
8190.0,705.0
8190.0,705.0
8190.0,705.0
8190.0,705.0
8190.0,705.0
8190.0,705.0
8190.0,705.0
8190.0,705.0
8190.0,705.0
8190.0,705.0
8190.0,705.0
8190.0,705.0
8190.0,705.0
8190.0,705.0
8190.0,705.0
8190.0,705.0
8190.0,705.0
8190.0,705.0
8190.0,705.0
8190.0,705.0
8190.0,705.0
8190.0,705.0
8190.0,705.0
8190.0,705.0
8190.0,705.0
8190.0,705.0
8190.0,705.0
8190.0,705.0
8190.0,705.0
8190.0,705.0
8190.0,705.0
8190.0,705.0
8190.0,705.0
8190.0,705.0
8190.0,705.0
8190.0,705.0
8190.0,705.0
8190.0,705.0
8190.0,705.0
8190.0,705.0
8190.0,705.0
8190.0,705.0
8190.0,705.0
8190.000000000002,705.0000000000001
8190.0,705.0
8190.0,705.0
8190.0,705.0
8189.999999999998,704.9999999999997
8189.999999999998,704.9999999999997
8190.0,705.0
8190.0,705.0
8190.0,705.0
8189.999999999995,704.9999999999994
8189.999999999995,704.9999999999995
8190.0,705.0
8190.0,705.0
8190.0,705.0
8190.0,705.0
8190.0,705.0
8190.0,705.0
8190.0,705.0
8190.0,705.0
8190.0,705.0
8190.0,705.0
8190.0,705.0
8190.0,705.0
8190.0,705.0
8190.0,705.0
8190.0,705.0
8190.0,705.0
8190.0,705.0
8190.0,705.0
8190.0,705.0
8190.0,705.0
8190.0,705.0
8190.0,705.0
8190.0,705.0
8190.0,705.0
8190.0,705.0
8190.0,705.0
8190.0,705.0
8190.0,705.0
8190.0,705.0
8190.0,705.0
8190.0,705.0
8190.0,705.0
8190.0,705.0
8190.0,705.0
8190.0,705.0
8190.0,705.0
8190.0,705.0
8190.0,705.0
8190.0,705.0
8190.0,705.0
8190.0,705.0
8190.0,705.0
8190.0,705.0
8190.0,705.0
8190.0,705.0
8190.0,705.0
8190.0,705.0
8190.0,705.0
8190.0,705.0
8190.0,705.0
8190.0,705.0
8190.0,705.0
8190.0,705.0
8190.0,705.0
8190.0,705.0
8190.0,705.0
8190.0,705.0
8190.0,705.0
8190.0,705.0
8190.0,705.0
8190.0,705.0
8190.0,705.0
8190.0,705.0
8190.0,705.0
8190.0,705.0
8190.0,705.0
8190.0,705.0
8190.0,705.0
8190.0,705.0
8190.0,705.0
8190.0,705.0
8190.0,705.0
8190.0,705.0
8190.0,705.0
8190.0,705.0
8190.0,705.0
8190.0,705.0
8190.0,705.0
8190.0,705.0
8190.0,705.0
8190.0,705.0
8190.0,705.0
8190.0,705.0
8190.0,705.0
8190.0,705.0
8190.0,705.0
8190.0,705.0
8190.0,705.0
8190.0,705.0
8190.0,705.0
8190.0,705.0
8190.0,705.0
8190.0,705.0
8190.0,705.0
8190.0,705.0
8190.0,705.0
8190.0,705.0
8190.0,705.0
8190.0,705.0
8190.0,705.0
8190.0,705.0
8190.0,705.0
8190.0,705.0
8190.0,705.0
8190.0,705.0
8190.0,705.0
8189.999999999999,704.9999999999998
8189.999999999999,704.9999999999998
8190.0,705.0
8190.0,705.0
8190.0,705.0
8190.0,705.0
8189.999999999997,705.0
8189.999999999997,705.0
8190.0,705.0
8190.0,705.0
8190.0,705.0
8190.0,705.0
8190.0,705.0
8190.0,705.0
8190.000000000002,705.0000000000001
8190.0,705.0
8190.0,705.0
8190.0,705.0
8190.0,705.0
8189.999999999999,705.0
8190.000000000009,705.0000000000006
8190.0,705.0
8190.0,705.0
8190.0,705.0
8190.0000000000055,705.0000000000003
8190.000000000005,705.0000000000002
8190.0,705.0
8190.0,705.0
8190.0,705.0
8190.0,705.0
8190.0,705.0
8190.0,705.0
8190.0,705.0
8190.0,705.0
8190.0,705.0
8190.0,705.0
8190.0,705.0
8190.0,705.0000000000001
8190.000000000003,705.0000000000002
8190.0,705.0
8190.0,705.0
8190.0,705.0
8190.0,704.9999999999999
8189.999999999999,704.9999999999999
8190.0,705.0
8190.0,705.0
8190.0,705.0
8190.0,705.0
8190.0,705.0
8190.0,705.0
8190.0,705.0
8190.0,705.0
8190.0,705.0
8190.0,705.0
8190.0,705.0
8190.0,705.0
8190.0,705.0
8190.0,705.0
8190.0,705.0
8190.0,705.0
8190.000000000003,705.0000000000001
8190.000000000004,705.0000000000001
8190.0,705.0
8190.0,705.0
8190.0,705.0
8190.0,705.0
8189.999999999996,704.9999999999998
8189.999999999996,704.9999999999998
8190.0,705.0
8190.0,705.0
8190.0,705.0
8190.0,705.0
8190.000000000001,704.9999999999999
8190.000000000001,704.9999999999999
8190.0,705.0
8190.0,705.0
8190.0,705.0
8190.0,705.0
8190.0,705.0
8190.0,705.0
8190.0,705.0
8190.0,705.0
8190.0,705.0
8190.0,705.0
8190.0,705.0
8190.0,705.0
8190.0,705.0
8190.0,705.0
8190.0,705.0
8190.0,705.0
8189.999999999998,705.0000000000002
8189.999999999998,705.0000000000002
8190.0,705.0
8190.0,705.0
8190.0,705.0
8190.0,705.0
8190.0,705.0
8190.0,705.0
8190.0,705.0
8190.0,705.0
8190.0,705.0
8190.0,705.0
8190.0,705.0
8190.0,705.0
8190.0,705.0
8190.0,705.0
8190.0,705.0
8190.0,705.0
8190.0,705.0
8190.0,705.0
8190.0,705.0
8190.0,705.0
8190.0,705.0
8190.0,705.0
8190.0,705.0
8190.0,705.0
8190.0,705.0
8190.0,705.0
8190.0,705.0
8190.0,705.0
8190.0,705.0
8190.0,705.0
8190.0,705.0
8190.0,705.0
8190.0,705.0
8189.999999999998,705.0
8189.999999999998,705.0
8189.999999999998,705.0
8189.999999999998,705.0
8189.999999999998,705.0
8190.0,705.0
8190.0,705.0
8190.0,705.0
8190.0,705.0
8190.000000000005,705.0000000000001
8190.0,705.0
8190.0,705.0
8190.0,705.0
8190.0,705.0
8189.999999999999,704.9999999999998
8190.0,705.0
8190.0,705.0
8190.0,704.9999999999999
8190.0,704.9999999999999
8189.999999999995,704.9999999999998
8189.999999999995,704.9999999999998
8190.0,705.0
8190.0,705.0
8190.0,705.0
8190.0,705.0
8190.0,705.0
8190.000000000005,705.0000000000002
8190.000000000004,705.0000000000005
8190.0,705.0
8190.0,705.0
8190.0,705.0
8190.0,704.9999999999999
8189.999999999999,704.9999999999999
8190.0,705.0
8190.0,705.0
8190.0,705.0
8190.0,705.0
8190.0,705.0
8190.0,705.0
8190.0,705.0
8190.0,705.0
8190.0,705.0
8190.0,705.0
8190.0,705.0
8190.0,705.0
8190.0,705.0
8190.0,705.0
8190.0,705.0
8190.0,705.0
8190.0,705.0
8190.0,705.0
8190.0,705.0
8190.0,705.0
8190.0,705.0
8190.0,705.0
8190.0,705.0
8190.0,705.0
8190.0,705.0
8190.0,705.0
8190.0,705.0
8190.0,705.0
8189.999999999998,705.0000000000001
8189.999999999999,705.0000000000001
8190.0,705.0
8190.0,705.0
8190.0,705.0
8190.0,705.0
8190.0,704.9999999999999
8190.0,705.0
8190.0,705.0
8190.0,705.0
8190.0,705.0
8190.0,705.0
8189.999999999998,704.9999999999999
8189.999999999998,704.9999999999999
8190.0,705.0
8190.0,705.0
8190.0,705.0
8190.0,705.0
8190.0,705.0
8190.0,705.0
8190.0,705.0
8190.0,705.0
8190.0,705.0
8190.0,705.0
8190.0,705.0
8190.0,705.0
8190.0,705.0
8190.0,705.0
8190.0,705.0
8190.0,705.0
8190.0,705.0
8190.0,705.0000000000002
8189.999999999999,705.0000000000001
8190.0,705.0
8190.0,705.0
8190.0,705.0
8189.999999999998,705.0
8189.999999999998,705.0
8190.0,705.0
8190.0,705.0
8190.0,705.0
8190.0,704.9999999999998
8189.999999999999,704.9999999999998
8190.0,705.0
8190.0,705.0
8190.0,705.0
8190.0,705.0
8190.0,705.0
8190.0,705.0
8190.0,705.0
8190.0,705.0
8190.0,705.0
8190.0,705.0
8190.0,705.0
8190.0,705.0
8190.0,705.0
8190.0,705.0
8190.0,705.0
8190.0,705.0
8190.0,705.0
8190.000000000005,705.0000000000003
8190.000000000005,705.0000000000003
8190.0,705.0
8190.0,705.0
8190.0,705.0
8189.999999999999,704.9999999999999
8189.999999999999,704.9999999999999
8190.0,705.0
8190.0,705.0
8190.0,705.0
8190.0,705.0
8190.0,705.0
8189.999999999999,704.9999999999999
8189.999999999999,705.0
8190.0,705.0
8190.0,705.0
8190.0,705.0
8189.999999999997,704.9999999999999
8189.999999999997,704.9999999999999
8190.0,705.0
8190.0,705.0
8190.0,705.0
8190.0,705.0
8190.0,705.0
8190.0,705.0
8189.999999999998,705.0
8190.0,705.0
8190.0,705.0
8190.0,705.0
8190.0,705.0
8190.0,705.0
8189.999999999999,705.0
8190.0,704.9999999999999
8190.0,704.9999999999999
8190.0,705.0
8190.0,705.0
8190.0,705.0000000000001
8190.0,705.0000000000001
8190.0,705.0
8190.0,705.0
8190.0,705.0
8190.0,705.0
8190.0,705.0
8190.0,705.0
8190.0,705.0
8190.0,705.0
8190.0,705.0
8190.0,705.0
8190.0,705.0
8190.0,705.0
8190.0,705.0
8190.0,705.0
8190.0,705.0
8190.0,705.0
8190.0,705.0
8190.0,705.0
8190.0,705.0
8190.0,705.0
8190.0,705.0
8190.0,705.0
8190.0,705.0000000000002
8190.0,705.0000000000002
8190.0,705.0
8190.0,705.0
8189.999999999996,704.9999999999999
8189.999999999996,704.9999999999999
8189.999999999999,704.9999999999999
8189.999999999999,704.9999999999999
8190.0,705.0
8190.0,705.0
8190.0,705.0
8190.0,705.0
8189.9999999999945,704.9999999999997
8189.999999999995,704.9999999999997
8190.0,705.0
8190.0,705.0
8190.0,705.0
8190.0,705.0
8189.999999999999,704.9999999999999
8189.999999999999,704.9999999999999
8190.0,705.0
8190.0,705.0
8190.0,705.0
8190.0,705.0
8190.0,705.0
8190.0,705.0
8190.0,705.0
8190.0,705.0
8190.0,705.0
8190.0,705.0
8190.0,705.0
8189.999999999996,704.9999999999999
8189.999999999998,705.0000000000001
8190.0,705.0
8190.0,705.0
8190.0,705.0
8190.0,705.0000000000002
8190.0,705.0000000000002
8190.0,705.0
8190.0,705.0
8190.0,705.0
8190.0,705.0
8190.000000000002,704.9999999999998
8190.000000000002,704.9999999999999
8190.0,705.0
8190.0,705.0
8190.0,705.0
8190.0,705.0
8190.0,705.0
8190.0,705.0
8190.0,705.0
8190.0,705.0
8190.0,705.0
8190.0,705.0
8190.0,705.0
8190.0,705.0
8190.0,705.0
8190.0,705.0
8190.0,705.0
8190.0,705.0
8189.999999999995,704.9999999999998
8189.999999999996,704.9999999999998
8190.0,705.0
8190.0,705.0
8190.0,705.0
8190.0,705.0
8190.000000000003,705.0
8190.000000000003,705.0000000000001
8190.0,705.0
8190.0,705.0
8190.0,705.0
8190.0,705.0
8190.0,705.0
8190.0,705.0
8190.0,705.0
8190.0,705.0
8190.0,705.0
8190.0,705.0
8190.0,705.0
8190.0,705.0
8190.0,705.0
8190.0,705.0
8190.0,705.0
8190.0,705.0
8190.0,705.0
8190.0,704.9999999999999
8190.0,705.0
8190.0,705.0
8190.0,705.0
8190.0,705.0
8190.0,705.0
8189.999999999999,705.0000000000002
8190.000000000002,705.0000000000005
8190.0,705.0
8190.0,705.0
8190.0,705.0
8189.858542508825,705.0000000000003
8189.7955885302,705.0000000000003
8190.0,705.0
8190.0,705.0
8189.0,705.0
8186.0,705.0
8186.0,705.0
8184.0,705.0
8178.0,705.0
8178.0,705.0
8174.0,705.0
8166.0,705.0
8166.0,705.0
8161.0,705.0
8151.0,705.0
8146.0,705.0
8140.0,705.0
8135.0,705.0
8130.0,705.0
8125.0,705.0
8120.0,705.0
8120.0,705.0
8114.0,705.0
8114.0,705.0
8105.743240068159,705.0000000000003
8101.288587558463,705.0000000000003
8096.5050161757135,705.0
8096.5050161757135,705.0
8096.5050161757135,705.0
8081.051949749872,704.9999999999999
8075.296536030473,704.9999999999999
8069.541122311075,705.0
8062.843690769634,705.0
8062.843690769634,705.0
8052.0,705.0
8042.0,705.0
8042.0,705.0
8031.0,705.0
8026.0,705.0
8026.0,705.0
8021.0,705.0
8013.0,705.0
8013.0,705.0
8012.0,705.0
8010.0,705.0
8010.0,705.0
8010.0,705.0
8010.0,705.0
8010.0,705.0
8010.0,705.0
8010.0,705.0
8010.0,705.0
8010.0,705.0
8010.0,705.0
8010.0,705.0
8010.0,705.0
8010.0,705.0
8010.0,705.0
8010.0,705.0
8010.0,705.0
8010.979498861044,704.9999999999998
8011.386104783595,704.9999999999999
8012.0,705.0
8012.0,705.0
8014.0,705.0
8019.0,705.0
8019.0,705.0
8021.0,705.0
8029.0,705.0
8029.0,705.0
8033.0,705.0
8043.0,705.0
8043.0,705.0
8048.0,705.0
8059.0,705.0
8059.0,705.0
8059.0,705.0
8063.0,705.0
8063.0,705.0
8066.143977798592,705.0000000000002
8069.0,705.0
8069.0,705.0
8070.0,705.0
8070.0,705.0
8069.790202739221,704.9999999999998
8069.889179855082,704.9999999999998
8070.0,705.0
8070.0,705.0
8070.0,705.0
8070.0,705.0
8070.0,704.9999999999999
8070.0,704.9999999999999
8070.0,705.0
8070.0,705.0
8070.0,705.0
8070.0,705.0
8070.0,705.0
8070.0,705.0
8069.9999999999945,704.9999999999995
8070.0,705.0
8070.0,705.0
8070.0,705.0
8070.0,705.0
8069.999999999996,704.9999999999999
8070.137721004556,705.0000000000001
8070.0,705.0
8071.0,705.0
8071.0,705.0
8072.0,705.0
8073.0,705.0
8075.0,705.0
8075.0,705.0
8077.0,705.0
8077.0,705.0
8079.0,705.0
8079.027436997624,704.9999999999997
8079.728850320382,704.9999999999994
8080.0,705.0
8080.0,705.0
8080.0,705.0
8080.0,705.0
8084.117463454646,704.9999999999998
8087.580074565008,704.9999999999998
8086.0,705.0
8092.0,705.0
8099.0,705.0
8103.0,705.0
8103.0,705.0
8113.0,705.0
8113.0,705.0
8119.0,705.0
8129.0,705.0
8129.0,705.0
8134.0,705.0
8145.0,705.0
8145.0,705.0
8145.0,705.0
8150.0,705.0
8160.420434527306,708.7800510758179
8166.105108631825,710.5476707664275
8170.923546682329,715.494391911252
8170.923546682329,715.494391911252
8181.0,723.5223348332947
8191.0,739.0
8191.0,739.0
8196.0,745.0
8207.0,756.0
8207.0,756.0
8212.0,760.0
8212.0,760.0
8220.621263374816,763.0919286684002
8224.945523255356,764.6574429780148
8229.681617410226,769.0
8229.681617410226,769.0
8229.681617410226,769.0
8243.0,768.0
8251.408622603549,762.6528163634302
8257.436517145221,760.5668560207987
8263.253448241556,758.1992875244141
8263.253448241556,758.1992875244141
8274.0,754.0
8285.0,753.0
8285.0,753.0
8290.0,753.0
8300.0,752.0
8305.0,752.0
8311.0,752.0
8316.0,751.0
8321.0,751.0
8321.0,751.0
8331.0,750.0
8331.0,750.0
8331.0,750.0
8331.0,750.0
8331.0,750.0
8346.903254416138,740.9528493930047
8356.687544371085,733.0950773598306
8357.0,735.0
8368.0,724.0
8378.0,709.0
8378.0,709.0
8383.0,705.0
8392.0,705.0
8392.0,705.0
8395.0,705.0
8396.0,705.0
8396.0,705.0
8397.0,705.0
8397.0,705.0
8397.0,705.0
8397.0,705.0
8397.0,705.0
8397.0,705.0
8397.0,705.0
8397.0,705.0
8397.0,705.0
8397.0,705.0
8397.0,705.0
8397.0,705.0
8397.0,705.0
8397.0,705.0
8396.999999999998,705.0
8397.0,705.0
8397.0,705.0
8397.0,705.0
8421.714315532496,705.0000000000002
8414.817140746763,705.0
8397.0,705.0
8397.0,705.0
8397.0,705.0
8397.0,705.0
8469.483624043318,705.0
8487.963886120178,704.9999999999999
8491.409111150886,705.0
8502.593235194861,705.0
8524.53725880689,705.0
8524.53725880689,705.0
8539.166607881565,705.0
8589.0,705.0
8589.0,705.0
8593.0,705.0
8593.0,705.0
8603.125084691073,705.0000000000003
8607.971672850454,705.0000000000003
8613.279840834537,705.0
8613.279840834537,705.0
8626.0,705.0
8631.0,705.0
8631.0,705.0
8636.0,705.0
8642.0,705.0
8642.0,705.0
8652.0,705.0
8662.0,705.0
8662.0,705.0
8668.0,705.0
8678.0,705.0
8678.0,705.0
8683.0,705.0
8693.0,705.0
8693.0,705.0
8699.0,705.0
8709.0,705.0
8709.0,705.0
8714.0,705.0
8725.0,705.0
8725.0,705.0
8730.0,705.0
8740.0,705.0
8740.0,705.0
8745.0,705.0
8756.0,705.0
8756.0,705.0
8761.0,705.0
8771.0,705.0
8771.0,705.0
8777.0,705.0
8787.0,705.0
8787.0,705.0
8792.0,705.0
8802.0,705.0
8802.0,705.0
8808.0,705.0
8818.0,705.0
8818.0,705.0
8823.0,705.0
8834.0,705.0
8834.0,705.0
8839.0,705.0
8849.0,705.0
8849.0,705.0
8854.0,705.0
8865.0,705.0
8865.0,705.0
8870.0,705.0
8880.0,705.0
8880.0,705.0
8885.0,705.0
8896.0,705.0
8896.0,705.0
8901.0,705.0
8911.0,705.0
8911.0,705.0
8917.0,705.0
8927.0,705.0
8927.0,705.0
8932.0,705.0
8943.0,705.0
8943.0,705.0
8948.0,705.0
8958.0,705.0
8958.0,705.0
8963.0,705.0
8974.0,705.0
8974.0,705.0
8979.0,705.0
8989.0,705.0
8989.0,705.0
8994.0,705.0
9005.0,705.0
9005.0,705.0
9010.0,705.0
9020.0,705.0
9020.0,705.0
9026.0,705.0
9036.0,705.0
9036.0,705.0
9046.0,705.0
9052.0,705.0
9052.0,705.0
9057.0,705.0
9067.0,705.0
9067.0,705.0
9072.0,705.0
9083.0,705.0
9083.0,705.0
9088.0,705.0
9098.0,705.0
9098.0,705.0
9103.0,705.0
9114.0,705.0
9114.0,705.0
9119.0,705.0
9119.0,705.0
9130.069119286509,705.0
9135.392279821626,705.0
9141.222408026748,705.0
9141.222408026748,705.0
9150.0,705.0
9161.0,705.0
9161.0,705.0
9166.0,705.0
9176.0,705.0
9176.0,705.0
9181.0,705.0
9192.0,705.0
9192.0,705.0
9197.0,705.0
9207.0,705.0
9207.0,705.0
9212.0,705.0
9218.0,705.0
9223.0,705.0
9233.0,705.0
9238.0,705.0
9238.0,705.0
9244.0,705.0
9254.0,705.0
9254.0,705.0
9259.0,705.0
9270.0,705.0
9270.0,705.0
9275.0,705.0
9285.0,705.0
9285.0,705.0
9290.0,705.0
9301.0,705.0
9301.0,705.0
9306.0,705.0
9316.0,705.0
9316.0,705.0
9321.0,705.0
9332.0,705.0
9332.0,705.0
9337.0,705.0
9347.0,705.0
9347.0,705.0
9358.0,705.0
9363.0,705.0
9363.0,705.0
9368.0,705.0
9379.0,705.0
9379.0,705.0
9384.0,705.0
9394.0,705.0
9394.0,705.0
9399.0,705.0
9399.0,705.0
9409.416670018341,705.0
9414.454037848303,705.0
9419.971154995397,705.0
9419.971154995397,705.0
9430.0,705.0
9430.0,705.0
9440.46104895006,705.0
9446.0,705.0
9456.0,705.0
9456.0,705.0
9462.0,705.0
9462.0,705.0
9472.708472686754,705.0
9478.052118171703,705.0
9483.904682274251,705.0
9483.904682274251,705.0
9493.0,705.0
9503.0,723.0
9503.0,723.0
9508.0,731.0
9519.0,732.0
9519.0,732.0
9524.0,730.0
9529.0,727.0
9534.0,724.0
9545.0,715.0
9549.953522978944,719.7778890251302
9552.557144224324,721.9598076913062
9555.01523964846,724.0197710207176
9555.01523964846,724.0197710207176
9555.01523964846,724.0197710207176
9555.01523964846,724.0197710207176
9555.01523964846,724.0197710207176
9582.588166737654,747.5436830715225
9581.0,745.0
9596.0,760.0
9596.0,760.0
9602.0,763.0
9612.0,768.0
9612.0,768.0
9617.0,769.0
9628.0,768.0
9628.0,768.0
9633.0,767.0
9643.0,762.0
9643.0,762.0
9648.0,758.0
9659.0,749.0
9659.0,749.0
9664.0,743.0
9674.0,729.0
9674.0,729.0
9680.0,720.0
9690.0,705.0
9690.0,705.0
9695.0,705.0
9705.0,705.0
9705.0,705.0
9711.0,705.0
9711.0,705.0
9720.265731172263,704.9999999999999
9724.674025757284,704.9999999999999
9729.502157921834,705.0
9729.502157921834,705.0
9742.0,705.0
9742.0,705.0
9749.620032064538,704.9999999999998
9754.067523813317,704.9999999999998
9759.4413390676,705.0
9759.4413390676,705.0
9773.0,705.0
9773.0,705.0
9780.674201015692,705.0000000000001
9785.041896127186,705.0000000000001
9789.409591238677,705.0
9799.0,705.0
9804.0,705.0
9804.0,705.0
9814.570255247525,705.0
9819.741439108753,705.0
9825.720881181342,705.0
9825.720881181342,705.0
9835.0,705.0
9846.0,705.0
9846.0,705.0
9851.0,705.0
9861.0,705.0
9861.0,705.0
9866.0,705.0
9877.0,705.0
9877.0,705.0
9882.0,705.0
9892.0,705.0
9892.0,705.0
9897.0,705.0
9897.0,705.0
9907.008548779053,705.0000000000002
9911.46341648683,705.0000000000002
9916.342557309632,705.0
9916.342557309632,705.0
9929.0,705.0
9929.0,705.0
9938.169585590522,705.0
9943.608869422986,705.0
9950.181047199208,705.0
9950.181047199208,705.0
9960.0,705.0
9970.0,705.0
9970.0,705.0
9975.0,705.0
9986.0,705.0
9986.0,705.0
9991.0,705.0
10001.0,705.0
10001.0,705.0
10006.0,705.0
10017.0,705.0
10017.0,705.0
10022.0,705.0
10032.0,705.0
10032.0,705.0
10038.0,705.0
10043.0,705.0
10043.0,705.0
10048.0,705.0
10053.0,705.0
10053.0,705.0
10060.316722543423,704.9999999999999
10068.862074191446,705.0000000000001
10070.569923174935,705.0
10084.0,705.0
10084.0,705.0
10092.930010477083,705.0
10098.30284118436,705.0
10105.322800706426,705.0
10105.322800706426,705.0
10115.0,705.0
10126.0,708.0
10126.0,708.0
10131.0,708.0
10141.0,708.0
10141.0,708.0
10147.0,708.0
10157.0,708.0
10157.0,708.0
10167.0,708.0
10173.0,708.0
10173.0,708.0
10178.0,707.0
10185.0,706.0
10185.0,706.0
10185.0,705.0
10185.0,705.0
10185.0,705.0
10185.0,705.0
10185.0,705.0
10185.0,705.0
10185.0,705.0
10185.0,705.0
10185.0,705.0
10185.0,705.0
10185.0,705.0
10185.000000000004,705.0000000000001
10185.000000000002,705.0000000000001
10185.0,705.0
10185.0,705.0
10185.0,705.0
10185.0,705.0
10185.0,705.0
10185.0,705.0
10185.0,705.0
10185.0,705.0
10185.0,705.0
10185.0,705.0
10185.0,705.0
10185.0,705.0
10185.0,705.0
10185.0,705.0
10185.0,705.0
10185.0,705.0
10185.0,705.0
10185.0,705.0
10185.0,705.0
10185.0,705.0
10185.0,705.0
10185.0,705.0
10185.0,705.0000000000001
10185.000000000002,705.0000000000001
10185.0,705.0
10185.0,705.0
10185.0,705.0
10185.0,705.0
10185.000000000005,705.0000000000001
10185.000000000005,705.0000000000001
10185.0,705.0
10185.0,705.0
10185.0,705.0
10185.0,705.0
10185.0,705.0
10185.0,705.0
10185.0,705.0
10185.0,705.0
10185.0,705.0
10185.0,705.0
10185.0,705.0
10185.0,705.0
10185.0,705.0
10185.0,705.0
10185.0,705.0
10185.0,705.0
10185.0,705.0
10185.0,705.0
10185.0,705.0
10185.0,705.0
10185.0,705.0
10185.0,705.0
10185.0,705.0
10185.0,705.0
10185.0,705.0
10185.0,705.0
10185.0,705.0
10185.0,705.0
10185.000000000002,705.0000000000002
10185.0,705.0000000000002
10185.0,705.0
10185.0,705.0
10185.0,705.0
10185.0,705.0
10185.0,705.0
10185.0,705.0
10185.0,705.0
10185.0,705.0
10185.0,705.0
10185.0,705.0
10185.0,705.0
10185.0,705.0
10185.0,705.0
10185.0,705.0
10185.0,705.0
10185.0,705.0
10185.0,705.0
10185.0,705.0
10185.0,705.0
10185.0,705.0
10185.0,705.0
10185.0,705.0
10183.410463122855,704.9999999999999
10182.742129287515,704.9999999999999
10183.0,705.0
10181.0,705.0
10179.0,705.0
10179.0,705.0
10171.064993733902,704.9999999999998
10167.307028031963,704.9999999999998
10162.972778098858,705.0
10162.972778098858,705.0
10157.0,705.0
10147.0,705.0
10147.0,705.0
10142.0,705.0
10131.0,705.0
10131.0,705.0
10126.0,705.0
10116.0,705.0
10116.0,705.0
10105.0,705.0
10100.0,705.0
10100.0,705.0
10090.0,705.0
10085.0,705.0
10085.0,705.0
10080.0,705.0
10077.0,705.0
10077.0,705.0
10074.0,705.0
10074.0,705.0
10074.0,705.0
10074.0,705.0
10074.0,705.0
10074.0,705.0
10074.0,705.0
10074.0,723.0
10074.0,723.0
10074.0,731.0
10074.0,745.0
10074.0,745.0
10074.0,751.0
10074.0,756.0
10074.0,760.0
10074.0,763.0
10076.0,768.0
10076.0,768.0
10077.0,769.0
10082.0,768.0
10082.0,768.0
10085.0,767.0
10092.0,762.0
10092.0,762.0
10096.0,758.0
10101.0,749.0
10101.0,749.0
10103.0,743.0
10105.0,729.0
10105.0,729.0
10105.0,720.0
10105.0,705.0
10105.0,705.0
10106.0,705.0
10106.0,705.0
10106.0,705.0
10106.0,705.0
10106.0,705.0
10105.999999999998,704.9999999999998
10105.999999999996,704.9999999999998
10106.0,705.0
10106.0,705.0
10106.0,705.0
10105.0,705.0
10105.0,705.0
10105.0,705.0
10102.0,705.0
10102.0,705.0
10100.0,705.0
10094.0,705.0
10094.0,705.0
10091.0,705.0
10083.0,705.0
10083.0,705.0
10078.0,705.0
10070.0,705.0
10070.0,705.0
10069.0,705.0
10067.0,705.0
10067.0,705.0
10067.0,705.0
10067.0,705.0
10067.0,705.0
10067.0,705.0
10067.0,705.0
10067.0,705.0
10067.0,705.0
10067.0,705.0
10067.0,705.0
10067.0,705.0
10067.0,705.0
10067.0,705.0
10067.0,705.0
10067.0,705.0
10067.0,705.0
10067.0,705.0
10067.0,705.0
10067.0,705.0
10067.0,705.0
10067.0,705.0
10067.0,705.0
10067.0,705.0
10068.0,705.0
10068.0,705.0
10068.0,705.0
10069.0,705.0
10069.0,705.0
10071.0,705.0
10072.81149149648,705.0000000000001
10074.470195894544,705.0000000000001
10077.0,705.0
10076.61943798024,704.9999999999999
10076.61943798024,704.9999999999999
10076.61943798024,704.9999999999999
10076.61943798024,704.9999999999999
10076.61943798024,704.9999999999999
10077.464001494463,705.0000000000001
10077.552729536004,705.0000000000001
10077.641457577543,705.0000000000001
10077.730185619084,705.0000000000001
10077.818913660625,705.0000000000001
10077.907641702164,705.0000000000001
10078.0,705.0
10078.0,704.9999999999999
10078.0,704.9999999999999
10078.0,705.0
10078.0,705.0
10078.0,705.0
10078.0,705.0
10078.0,705.0
10078.0,705.0
10078.0,705.0
10077.999999999996,704.9999999999999
10078.0,705.0
10077.999999999996,704.9999999999999
10077.999999999996,704.9999999999999
10077.999999999996,704.9999999999999
10077.999999999996,704.9999999999999
10077.999999999996,704.9999999999999
10077.999999999996,705.0
10078.0,705.0
10078.0,705.0
10078.0,705.0
10078.0,705.0
10078.0,705.0
10078.0,705.0
10078.0,705.0
10078.0,705.0
10078.0,705.0
10078.0,705.0
10078.0,705.0
10078.0,705.0
10078.0,705.0
10078.0,705.0
10078.0,705.0
10078.0,705.0
10078.0,705.0
10078.0,705.0
10078.0,705.0
10078.0,705.0
10078.0,705.0
10078.0,705.0
10078.0,705.0
10078.0,705.0
10078.0,705.0
10078.0,705.0
10078.0,705.0
10078.0,705.0
10078.0,705.0
10078.0,705.0
10078.0,705.0
10078.0,705.0
10078.0,705.0
10077.999999999996,705.0
10077.999999999998,705.0
10078.0,705.0
10078.0,705.0
10078.0,705.0
10078.000000000004,704.9999999999999
10078.000000000004,704.9999999999999
10078.0,705.0
10078.0,705.0
10078.0,705.0
10078.0,705.0
10077.999999999996,705.0
10077.999999999996,705.0
10078.0,705.0
10078.0,705.0
10078.0,705.0
10078.0,705.0
10078.0,705.0
10078.0,705.0
10078.0,705.0
10078.0,705.0
10078.0,705.0
10078.0,705.0
10078.0,705.0
10078.0,705.0
10078.0,705.0
10077.999999999998,704.9999999999999
10078.0,705.0
10078.0,705.0
10078.0,705.0
10078.0,705.0
10078.0,705.0
10078.0,705.0
10078.0,705.0
10078.0,705.0
10078.0,705.0
10078.0,705.0
10078.0,705.0
10078.0,705.0
10078.0,705.0
10078.0,705.0
10078.0,705.0
10078.0,705.0
10078.0,705.0
10078.0,705.0
10078.0,705.0
10078.0,705.0
10078.0,705.0
10078.0,705.0
10078.0,705.0
10078.0,705.0
10078.0,705.0
10079.0,705.0
10079.0,705.0
10079.0,705.0
10080.0,705.0
10080.0,705.0
10079.0,705.0
10078.0,705.0
10078.0,705.0
10078.0,705.0
10079.0,705.0
10079.0,705.0
10080.0,705.0
10080.0,705.0
10078.925331068294,704.9999999999997
10078.725473919923,704.9999999999998
10078.0,705.0
10078.0,705.0
10078.0,705.0
10078.0,705.0
10078.0,705.0
10078.0,705.0
10078.0,705.0
10078.0,705.0
10078.0,705.0
10078.0,705.0
10078.0,705.0
10078.0,705.0
10078.0,705.0
10078.0,705.0
10078.0,705.0
10078.0,705.0
10078.0,705.0
10078.0,705.0
10078.0,705.0
10078.0,705.0
10078.0,705.0
10078.0,705.0
10078.0,705.0
10078.0,705.0
10078.0,705.0
10078.0,705.0
10078.0,705.0
10078.0,705.0
10078.0,705.0
10078.0,705.0
10078.0,705.0
10078.0,705.0
10078.0,705.0
10078.0,705.0
10078.0,705.0
10078.0,705.0
10078.0,705.0
10078.0,705.0
10078.0,705.0
10078.0,705.0
10078.0,705.0
10078.0,705.0
10078.0,705.0
10078.0,705.0
10078.0,705.0
10078.0,705.0
10077.999999999998,704.5962368274278
10077.999999999998,704.4043722664155
10078.0,703.6919353469766
10078.0,703.6919353469766
10078.0,703.0
10078.0,703.0
10077.999999999996,694.0770166033471
10077.999999999995,690.8269306244201
10078.0,686.7273740496785
10078.0,686.7273740496785
10078.0,679.0
10078.0,679.0
10077.999999999996,657.5220696487813
10077.999999999996,646.9511489958604
10078.0,634.3117661553188
10078.0,634.3117661553188
10078.0,621.4545623415979
10078.0,602.1687566210167
10078.0,602.1687566210167
10078.0,589.3115528073031
10078.0,565.6806336918235
10078.0,565.6806336918235
10078.0,550.0
10078.0,526.3177668744975
10078.0,526.3177668744975
10078.0,510.0
10078.0,491.1028630649671
10078.0,491.1028630649671
10078.0,469.0
10078.0,469.0
10077.999999999995,447.0856408457257
10077.999999999996,432.2790684594438
10078.0,416.0623463220836
10078.0,416.0623463220836
10078.0,399.1405493091952
10078.0,373.75785378985165
10078.0,373.75785378985165
10078.0,356.8360567769487
10078.0,331.45336125760514
10078.0,331.45336125760514
10078.0,314.53156424470944
10078.0,289.1488687253659
10078.0,273.91925141372485
10078.0,260.3818138034112
10078.0,246.84437619312666
10078.0,246.84437619312666
10078.0,229.9225791802237
10078.0,203.3343542558432
10078.0,203.3343542558432
10078.0,172.0
10078.0,159.0
10078.0,159.0
10078.0,145.0
10078.0,127.08823529410438
10078.0,127.08823529410438
10078.0,105.0
10078.0,105.0
10078.0,105.0
10078.0,105.0
10078.0,105.0
10077.999999999996,104.99999999999999
10077.999999999998,105.0
10078.0,105.0
10078.0,105.0
10078.0,105.0
10078.0,105.0
10078.000000000002,105.00000000000001
10078.000000000002,105.00000000000001
10078.0,105.0
10078.0,105.0
10078.0,105.0
10078.0,105.0
10077.999999999998,104.99999999999997
10077.999999999998,104.99999999999997
10078.0,105.0
10078.0,105.0
10078.0,105.0
10078.0,105.0
10078.0,105.0
10078.0,105.0
10078.0,105.0
10078.0,105.0
10078.0,105.0
10078.0,105.0
10078.0,105.0
10078.0,105.0
10078.0,105.0
10078.0,105.0
10078.0,105.0
10078.0,105.0
10078.0,105.0
10078.0,105.0
10078.0,105.0
10078.0,105.0
10078.0,105.0
10078.0,105.0
10078.0,105.0
10078.0,105.0
10078.0,105.0
10078.0,105.0
10078.0,105.0
10078.0,105.0
10078.0,104.99999999999999
10078.0,104.99999999999999
10078.0,105.0
10078.0,105.0
10078.0,105.0
10078.0,104.99999999999997
10077.999999999998,104.99999999999997
10078.0,105.0
10078.0,105.0
10078.0,105.0
10078.0,105.0
10078.0,105.0
10078.0,105.0
10078.0,105.0
10078.0,105.0
10078.0,105.0
10078.0,105.0
10078.0,105.0
10078.0,105.0
10078.0,105.0
10078.0,105.0
10078.0,105.0
10078.0,105.0
10078.0,105.0
10077.999999999996,104.99999999999993
10077.999999999996,104.99999999999993
10078.0,105.0
10078.0,105.0
10078.0,105.0
10078.0,105.0
10078.0,105.0
10078.0,104.99999999999997
10078.0,105.00000000000003
10078.0,105.0
10078.0,105.0
10078.0,105.0
10078.0,105.0
10078.0,105.0
10078.0,105.0
10078.0,105.0
10078.0,105.0
10078.0,105.0
10078.000000000002,104.99999999999997
10078.000000000002,104.99999999999997
10078.0,105.0
10078.0,105.0
10078.0,105.0
10078.0,105.0
10078.000000000002,104.99999999999997
10078.000000000002,104.99999999999997
10078.0,105.0
10078.0,105.0
10078.0,105.0
10078.0,105.0
10078.0,105.0
10077.999999999993,104.99999999999993
10077.999999999996,105.0
10078.0,105.0
10078.0,105.0
10078.0,105.0
10078.000000000002,105.00000000000006
10078.000000000004,105.00000000000004
10078.0,105.0
10078.0,105.0
10078.0,105.0
10078.0,105.0
10078.0,105.0
10078.0,105.0
10078.0,105.0
10078.0,105.0
10078.0,105.0
10078.0,105.0
10078.0,105.0
10078.0,105.0
10078.0,105.0
10078.0,105.0
10078.0,105.0
10078.0,105.0
10078.0,105.0
10078.0,105.0
10078.0,105.0
10078.0,105.0
10078.0,105.0
10078.0,105.0
10078.0,105.0
10078.0,105.0
10078.0,105.0
10078.0,105.0
10078.0,105.0
10077.999999999996,104.99999999999996
10077.999999999996,104.99999999999996
10077.999999999996,104.99999999999996
10077.999999999996,104.99999999999996
10077.999999999996,104.99999999999997
10078.0,105.0
10078.000000000002,104.99999999999996
10078.0,105.0
