Stupidboy, 9
42,225
42,225
42,225
49.0,225.0
51.0,225.0
51.0,225.0
56.0,225.0
60.0,225.0
60.0,225.0
68.0,225.0
73.0,225.0
78.0,225.0
83.0,225.0
88.0,225.0
88.0,225.0
99.0,225.0
104.0,225.0
104.0,225.0
114.0,225.0
119.0,225.0
119.0,225.0
130.0,225.0
135.0,225.0
135.0,225.0
145.0,225.0
151.0,225.0
151.0,225.0
161.0,225.0
166.0,225.0
166.0,225.0
177.0,225.0
182.0,225.0
182.0,225.0
192.0,225.0
197.0,225.0
197.0,225.0
208.0,225.0
213.0,225.0
213.0,225.0
223.0,225.0
228.0,225.0
228.0,225.0
234.0,225.0
239.0,235.0
244.0,243.0
249.0,251.0
254.0,259.0
254.0,259.0
270.0,269.5667009532348
275.0,280.0
275.0,280.0
286.0,286.0
291.0,288.0
291.0,288.0
301.0,289.0
306.0,288.0
306.0,288.0
317.0,285.0
322.0,282.0
322.0,282.0
332.0,274.0
337.0,269.0
337.0,269.0
348.0,256.0
353.0,249.0
353.0,249.0
363.0,231.0
369.0,225.0
369.0,225.0
379.0,225.0
384.0,225.0
384.0,225.0
395.0,225.0
400.0,225.0
400.0,225.0
410.0,225.0
415.0,225.0
415.0,225.0
426.0,225.0
431.0,225.0
431.0,225.0
441.0,225.0
446.0,225.0
446.0,225.0
457.0,225.0
462.0,225.0
462.0,225.0
472.0,225.0
478.0,225.0
478.0,225.0
488.0,225.0
493.0,225.0
493.0,225.0
504.0,225.0
509.0,235.0
509.0,235.0
519.0,251.0
524.0,259.0
524.0,259.0
535.0,271.0
540.0,276.0
540.0,276.0
550.0,283.0
555.0,284.2790567097136
561.0,288.0
566.0,289.0
571.0,289.0
571.0,289.0
581.0,287.0
587.0,285.0
587.0,285.0
597.0,278.0
602.0,274.0
602.0,274.0
613.0,263.0
618.0,256.0
618.0,256.0
628.0,240.0
633.0,231.0
633.0,231.0
644.0,225.0
649.0,225.0
654.0,225.0
654.0,225.0
664.0,243.0
664.0,243.0
675.0,259.0
680.0,265.0
680.0,265.0
690.0,276.0
696.0,280.0
701.0,283.0
706.0,286.0
711.0,288.0
711.0,288.0
721.0,289.0
727.0,288.0
732.0,287.0
737.0,285.0
742.0,282.0
742.0,282.0
753.0,274.0
758.0,269.0
758.0,269.0
768.0,256.0
773.0,249.0
779.0,240.0
784.0,231.0
789.0,227.0
789.0,227.0
799.0,245.0
805.0,253.0
810.0,261.0
815.0,267.0
820.0,273.0
820.0,273.0
830.0,282.0
836.0,285.0
836.0,285.0
846.0,290.0
851.0,291.0
851.0,291.0
862.0,290.0
867.0,289.0
872.0,287.0
877.0,284.0
882.0,280.0
882.0,280.0
893.0,271.0
898.0,265.0
898.0,265.0
908.0,251.0
914.0,242.0
914.0,242.0
924.0,224.0
929.0,234.0
929.0,234.0
939.0,251.0
945.0,259.0
945.0,259.0
955.0,271.0
960.0,276.0
960.0,276.0
971.0,284.0
976.0,287.0
976.0,287.0
986.0,290.0
991.0,290.0
991.0,290.0
1002.0,289.0
1007.0,287.0
1012.0,284.0
1017.0,281.0
1023.0,277.0
1023.0,277.0
1033.0,266.0
1038.0,259.0
1038.0,259.0
1048.0,244.0
1054.0,235.0
1054.0,235.0
1064.0,232.0
1069.0,242.0
1069.0,242.0
1080.0,258.0
1085.0,264.0
1085.0,264.0
1095.0,276.0
1100.0,280.0
1100.0,280.0
1111.0,287.0
1116.0,289.0
1116.0,289.0
1126.0,291.0
1131.0,291.0
1131.0,291.0
1140.6428571428569,289.0
1147.0,286.0
1147.0,286.0
1157.0,279.0
1163.0,274.0
1163.0,274.0
1168.0,268.0
1173.0,262.0
1178.0,255.0
1183.0,247.0
1189.0,238.0
1189.0,238.0
1204.0,225.0
1209.0,225.0
1209.0,225.0
1220.0,243.0
1225.0,251.0
1225.0,251.0
1235.0,265.0
1240.0,271.0
1240.0,271.0
1251.0,280.0
1256.0,283.0
1256.0,283.0
1266.0,288.0
1272.0,289.0
1272.0,289.0
1282.0,288.0
1287.0,287.0
1292.0,285.0
1298.0,282.0
1303.0,278.0
1303.0,278.0
1313.0,269.0
1318.0,263.0
1323.0,256.0
1329.0,249.0
1334.0,240.0
1334.0,240.0
1343.3109243697472,228.0
1349.0,237.0
1349.0,237.0
1360.0,254.0
1365.0,261.0
1365.0,261.0
1375.0,273.0
1381.0,278.0
1381.0,278.0
1391.0,286.0
1396.0,288.0
1396.0,288.0
1407.0,291.0
1412.0,291.0
1417.0,291.0
1422.0,723.6646025518203
1427.0,287.0
1427.0,287.0
1438.0,281.0
1423.0,276.0
1423.0,276.0
1453.0,265.0
1458.0,275.0
1458.0,275.0
1469.0,292.0
1473.890256424747,299.0
1479.0,305.0
1484.0,311.0
1484.0,311.0
1490.0,316.0
1495.0,320.0
1500.0,324.0
1500.0,324.0
1512.3301204665227,329.0
1521.0,329.0
1521.0,329.0
1531.0,327.0
1536.0,325.0
1536.0,325.0
1547.0,319.0
1552.0,314.0
1552.0,314.0
1562.0,303.0
1567.0,296.0
1567.0,296.0
1578.0,281.0
1583.0,279.0
1583.0,279.0
1593.0,297.0
1599.0,305.0
1599.0,305.0
1609.0,319.0
1614.0,324.0
1614.0,324.0
1624.0,333.0
1630.0,337.0
1635.0,339.0
1640.0,341.0
1625.0,342.0
1625.0,342.0
1652.153992055245,342.0
1661.0,341.0
1666.0,338.0
1671.0,336.0
1676.0,332.0
1676.0,332.0
1687.0,322.0
1692.0,316.0
1692.0,316.0
1702.0,302.0
1708.0,294.0
1708.0,294.0
1718.0,285.0
1723.0,285.0
1723.0,285.0
1733.0,285.0
1739.0,285.0
1739.0,285.0
1729.0,285.0
1750.5406162464985,285.0
1750.5406162464985,285.0
1765.0,285.0
1770.0,285.0
1770.0,285.0
1780.0,285.0
1785.0,285.0
1785.0,285.0
1796.0,285.0
1801.0,285.0
1801.0,285.0
1806.0,285.0
1806.0,285.0
1820.0,285.0
1827.0,285.0
1832.0,285.0
1832.0,285.0
1842.0,285.0
1848.0,285.0
1848.0,285.0
1858.0,285.0
1863.0,285.0
1863.0,285.0
1874.0,285.0
1879.0,285.0
1879.0,285.0
1889.0,285.0
1894.0,285.0
1894.0,285.0
1905.0,296.8067226890744
1910.0,303.0
1910.0,303.0
1920.0,319.0
1925.0,325.0
1925.0,325.0
1936.0,336.0
1941.0,340.0
1941.0,340.0
1951.0,346.0
1957.0,348.0
1957.0,348.0
1967.0,349.0
1972.0,348.0
1972.0,348.0
1983.0,345.0
1988.0,342.0
1988.0,342.0
1998.0,334.0
2003.0,329.0
2003.0,329.0
2014.0,315.7436974789912
2019.0,309.0
2019.0,309.0
2029.0,291.0
2034.0,287.0
2034.0,287.0
2045.0,306.0
2050.0,314.0
2050.0,314.0
2060.0,327.0
2066.0,333.0
2066.0,333.0
2076.0,342.0
2081.0,345.0
2081.0,345.0
2092.0,350.0
2097.0,351.0
2097.0,351.0
2107.0,351.0
2112.0,349.0
2112.0,349.0
2123.0,344.0
2128.0,341.0
2128.0,341.0
2138.0,331.0
2143.0,325.0
2143.0,325.0
2154.0,311.0
2159.0,302.0
2159.0,302.0
2169.0,284.40756302520913
2175.0,273.0
2175.0,273.0
2185.0,255.0
2190.0,254.0
2195.0,254.0
2201.0,254.0
2206.0,254.0
2211.0,254.0
2216.0,254.0
2221.0,252.0
2221.0,252.0
2232.0,270.0
2237.0,278.0
2237.0,278.0
2247.0,292.0
2252.0,298.0
2258.0,303.0
2263.0,307.0
2268.0,310.0
2273.0,313.0
2278.0,315.0
2284.0,316.0
2289.0,316.0
2294.0,315.0
2299.0,314.0
2304.0,312.0
2309.0,309.0
2315.0,305.0
2320.0,301.0
2325.0,296.0
2330.0,290.0
2335.0,283.0
2341.0,276.0
2346.0,267.0
2351.0,258.0
2356.0,259.0
2361.0,269.0
2367.0,277.0
2372.0,285.0
2377.0,292.0
2382.0,298.0
2387.0,304.0
2393.0,309.0
2398.0,313.0
2403.0,316.0
2408.0,318.0
2413.0,320.0
2418.0,321.0
2424.0,321.0
2429.0,320.0
2434.0,318.0
2439.0,316.0
2444.0,313.0
2450.0,309.0
2455.0,305.0
2460.0,299.0
2465.0,293.0
2470.0,286.0
2476.0,285.0
2481.0,285.0
2486.0,285.0
2491.0,285.0
2496.0,285.0
2502.0,295.0
2502.0,295.0
2512.0,311.0
2517.0,319.0
2517.0,319.0
2527.0,331.0
2533.0,336.0
2533.0,336.0
2543.0,343.0
2548.0,346.0
2548.0,346.0
2559.0,349.0
2564.0,349.0
2569.0,348.0
2574.0,347.0
2579.0,345.0
2579.0,345.0
2590.0,338.0
2595.0,334.0
2595.0,334.0
2605.0,323.0
2611.0,316.0
2611.0,316.0
2621.0,300.0
2626.0,291.0
2626.0,291.0
2636.0,285.0
2641.0,285.0
2644.0,285.0
2646.0,285.0
2647.0,285.0
2647.0,285.0
2647.0,285.0
2647.0,285.0
2647.0,285.0
2647.0,285.0
2647.0,285.0
2647.0,285.0
2647.0,285.0
2647.0,285.0
2647.0,285.0
2647.0,285.0
2647.0,285.0
2647.0,285.0
2647.0,285.0
6616.666666666628,285.0
6616.666666666628,285.0
3363.473389355757,285.159663865546
2647.0,286.0
2647.0,286.0
2648.0,285.0
2650.9928673323825,285.16666666666663
2650.9928673323825,285.16666666666663
2653.0,285.0
2656.0,285.0
2656.0,285.0
2662.0,285.0
2666.0,285.0
2666.0,285.0
2675.0,285.0
2680.0,285.0
2680.0,285.0
2691.0,285.0
2696.0,285.0
2696.0,285.0
2706.0,285.0
2712.0,285.0
2712.0,285.0
2722.0,285.0
2727.0,285.0
2727.0,285.0
2738.0,285.0
2743.0,285.0
2748.0,285.0
2753.0,285.0
2758.0,285.0
2758.0,285.0
2769.0,296.72219468287767
2774.0,303.0
2774.0,303.0
2784.0,319.0
2789.0,325.0
2789.0,325.0
2800.0,336.0
2805.0,340.0
2805.0,340.0
2815.0,346.0
2821.0,348.0
2821.0,348.0
2831.0,349.0
2836.0,348.0
2836.0,348.0
2846.0,345.0
2852.0,342.0
2852.0,342.0
2862.0,334.0
2867.0,329.0
2867.0,329.0
2878.0,316.0
2883.0,309.0
2883.0,309.0
2893.0,291.0
2898.0,285.0
2898.0,285.0
2904.0,295.0
2909.0,304.0
2914.0,312.0
2919.0,319.0
2924.0,326.0
2924.0,326.0
2936.0275277687597,341.0
2945.0,345.0
2945.0,345.0
2955.0,350.0
2961.0,351.0
2961.0,351.0
2971.0,351.0
2976.0,350.0
2976.0,350.0
2987.0,345.0
2992.0,342.0
2992.0,342.0
2997.0,338.0
3007.0,327.0
3007.0,327.0
3018.0,313.0
3023.0,305.0
3023.0,305.0
3033.0,303.16806722689046
3038.0,292.0
3038.0,292.0
3049.0,310.0
3054.0,318.0
3059.0,324.0
3064.0,331.0
3070.0,336.0
3070.0,336.0
3080.0,344.0
3085.0,347.0
3085.0,347.0
3096.0,351.0
3101.0,351.0
3101.0,351.0
3111.0,350.0
3116.0,349.0
3116.0,349.0
3127.0,343.0
3132.0,339.0
3132.0,339.0
3142.0,328.0
3147.0,322.0
3147.0,322.0
3158.0,307.0
3163.0,298.0
3163.0,298.0
3173.0,285.0
3179.0,285.0
3179.0,285.0
3189.0,285.0
3194.0,285.0
3194.0,285.0
3205.0,285.0
3210.0,285.0
3210.0,285.0
3220.0,285.0
3225.0,285.0
3225.0,285.0
3236.0,285.0
3241.0,285.0
3241.0,285.0
3251.0,285.0
3256.0,285.0
3256.0,285.0
3267.0,285.0
3272.0,285.0
3272.0,285.0
3282.0,285.0
3288.0,285.0
3288.0,285.0
3298.0,285.0
3303.0,285.0
3303.0,285.0
3314.0,285.0
3319.0,295.0
3319.0,295.0
3329.0,311.0
3334.0,319.0
3334.0,319.0
3345.0,331.0
3350.0,336.0
3350.0,336.0
3360.0,343.0
3365.0,346.0
3365.0,346.0
3376.0,349.0
3381.0,349.0
3381.0,349.0
3391.0,347.0
3397.0,345.0
3397.0,345.0
3405.0,338.0
3408.0,334.0
3408.0,334.0
3411.0,344.67226890756274
3412.0,349.0
3412.0,349.0
3412.0,365.0
3411.0,371.0
3411.0,371.0
3408.0,382.0
3405.0,386.0
3405.0,386.0
3400.0,392.0
3396.0,394.0
3396.0,394.0
3387.0,401.0
3383.0,407.0
3383.0,407.0
3372.0,417.0
3367.0,421.0
3367.0,421.0
3362.0,425.0
3357.0,426.0
3351.0,427.0
3321.0,440.0
3332.542970411431,445.0
3332.542970411431,445.0
3325.0,453.0
3325.0,453.0
3320.0,456.0
3312.0,459.0
3309.0,460.0
3309.0,460.0
3306.0,458.0
3305.0,457.0
3305.0,457.0
3305.0,451.0
3306.0,461.0
3306.0,461.0
3310.0,478.0
3312.0,485.0
3312.0,485.0
3318.0,493.0
3321.0,503.0
3321.0,503.0
3330.0,511.0
3335.0,512.0
3335.0,512.0
3345.0,517.0
3350.0,520.0
3350.0,520.0
3361.0,538.0
3366.0,546.0
3366.0,546.0
3376.0,559.0
3381.0,564.0
3381.0,564.0
3392.0,573.0
3397.0,576.0
3397.0,576.0
3407.0,580.0
3413.0,581.0
3413.0,581.0
3423.0,580.0
3428.0,579.0
3428.0,579.0
3439.0,574.0
3444.0,570.0
3444.0,570.0
3454.0,560.0
3459.0,554.0
3459.0,554.0
3470.0,539.0
3475.0,530.0
3475.0,530.0
3485.0,537.0
3490.0,546.0
3490.0,546.0
3501.0,561.0
3506.0,568.0
3506.0,568.0
3516.0,578.0
3522.0,582.0
3522.0,582.0
3532.0,588.0
3537.0,590.0
3537.0,590.0
3546.4705882352955,591.0
3553.0,591.0
3553.0,591.0
3563.0,587.0
3568.0,585.0
3568.0,585.0
3579.0,576.0
3584.0,571.0
3584.0,571.0
3594.0,559.0
3599.0,551.0
3599.0,551.0
3610.0,534.0
3615.0,525.0
3615.0,525.0
3625.0,544.0
3631.0,552.0
3631.0,552.0
3641.0,566.0
3646.0,572.0
3646.0,572.0
3656.0,581.0
3662.0,585.0
3662.0,585.0
3672.0,590.0
3677.0,591.0
3682.0,591.0
3688.0,591.0
3693.0,590.0
3693.0,590.0
3703.0,585.0
3708.0,582.0
3708.0,582.0
3719.0,573.0
3724.0,567.0
3724.0,567.0
3734.0,553.0
3740.0,545.0
3740.0,545.0
3750.0,535.8025210084033
3755.0,525.0
3755.0,525.0
3765.0,525.0
3771.0,525.0
3771.0,525.0
3781.0,525.0
3786.0,525.0
3786.0,525.0
3797.0,525.0
3802.0,525.0
3802.0,525.0
3812.0,525.0
3817.0,525.0
3817.0,525.0
3828.0,525.0
3833.0,525.0
3833.0,525.0
3843.0,525.0
3848.0,525.0
3848.0,525.0
3859.0,525.0
3864.0,525.0
3864.0,525.0
3874.0,536.8067226890771
3880.0,543.0
3880.0,543.0
3890.0,559.0
3895.0,565.0
3895.0,565.0
3906.0,576.0
3911.0,580.0
3911.0,580.0
3921.0,586.0
3926.0,588.0
3926.0,588.0
3937.0,589.0
3942.0,588.0
3942.0,588.0
3952.0,585.0
3957.0,582.0
3957.0,582.0
3968.0,574.0
3973.0,569.0
3973.0,569.0
3983.0,556.0
3989.0,549.0
3994.0,540.0
3999.0,531.0
4004.0,528.0
4004.0,528.0
4015.0,546.0
4020.0,554.0
4020.0,554.0
4030.0,568.0
4035.0,573.0
4035.0,573.0
4046.0,582.0
4051.0,586.0
4051.0,586.0
4061.0,590.0
4066.0,591.0
4066.0,591.0
4077.0,591.0
4082.0,590.0
4082.0,590.0
4092.0,585.0
4098.0,581.0
4098.0,581.0
4108.0,571.0
4113.0,565.0
4113.0,565.0
4124.0,551.0
4129.0,543.0
4129.0,543.0
4139.0,525.0
4144.0,525.0
4144.0,525.0
4155.0,525.0
4160.0,525.0
4160.0,525.0
4170.0,525.0
4175.0,525.0
4175.0,525.0
4186.0,525.0
4191.0,525.0
4191.0,525.0
4201.0,525.0
4207.0,525.0
4207.0,525.0
4217.0,525.0
4222.0,525.0
4222.0,525.0
4233.0,525.0
4238.0,525.0
4238.0,525.0
4248.0,525.0
4253.0,525.0
4253.0,525.0
4264.0,525.0
4269.0,525.0
4269.0,525.0
4279.0,543.0
4284.0,551.0
4284.0,551.0
4295.0,565.0
4300.0,571.0
4305.0,576.0
4310.0,580.0
4316.0,583.0
4316.0,583.0
4326.0,588.0
4331.0,589.0
4331.0,589.0
4342.0,588.0
4347.0,587.0
4347.0,587.0
4357.0,582.0
4362.0,578.0
4362.0,578.0
4373.0,569.0
4378.0,563.0
4378.0,563.0
4388.0,549.0
4393.0,540.0
4393.0,540.0
4404.0,525.0
4409.0,525.0
4409.0,525.0
4419.0,525.0
4425.0,525.0
4425.0,525.0
4435.0,525.0
4440.0,525.0
4440.0,525.0
4450.0,525.0
4456.0,525.0
4456.0,525.0
4466.0,525.0
4471.0,525.0
4471.0,525.0
4482.0,525.0
4487.0,525.0
4487.0,525.0
4497.0,543.0
4502.0,551.0
4502.0,551.0
4513.0,565.0
4518.0,571.0
4518.0,571.0
4528.0,580.0
4534.0,583.0
4534.0,583.0
4539.630252100841,588.0
4529.0,589.0
4529.0,589.0
4559.0,588.0
4565.0,587.0
4565.0,587.0
4575.0,582.0
4580.0,578.0
4580.0,578.0
4591.0,569.0
4596.0,563.0
4601.0,556.0
4606.0,549.0
4611.0,540.0
4611.0,540.0
4622.0,525.0
4627.0,525.0
4627.0,525.0
4637.0,525.0
4642.0,525.0
4642.0,525.0
4653.0,525.0
4658.0,525.0
4658.0,525.0
4668.0,525.0
4674.0,525.0
4679.0,525.0
4684.0,525.0
4689.0,525.0
4689.0,525.0
4700.0,525.0
4705.0,525.0
4705.0,525.0
4715.0,525.0
4720.0,525.0
4720.0,525.0
4731.0,525.0
4736.0,525.0
4736.0,525.0
4746.0,525.0
4751.0,525.0
4757.0,525.0
4762.0,525.0
4767.0,525.0
4767.0,525.0
4777.0,525.0
4783.0,525.0
4783.0,525.0
4793.0,525.0
4798.0,525.0
4798.0,525.0
4809.0,525.0
4814.0,525.0
4814.0,525.0
4824.0,525.0
4829.0,525.0
4834.0,525.0
4840.0,525.0
4845.0,525.0
4845.0,525.0
4855.0,525.0
4860.0,525.0
4860.0,525.0
4871.0,525.0
4876.0,525.0
4876.0,525.0
4886.0,525.0
4892.0,525.0
4892.0,525.0
4902.0,525.0
4907.0,525.0
4907.0,525.0
4918.0,525.0
4923.0,525.0
4928.0,525.0
4933.0,525.0
4933.0,525.0
4933.0,525.0
4943.923078053007,524.9999999999999
4949.361792413092,524.9999999999999
4954.800506773177,524.9999999999999
4959.830939517724,524.9999999999998
4965.980366319674,525.0
4965.980366319674,525.0
4980.0,525.0
4985.0,525.0
4985.0,525.0
4995.0,525.0
5001.0,525.0
5001.0,525.0
5011.0,525.0
5016.0,525.0
5016.0,525.0
5026.0,525.0
5029.0,525.0
5029.0,525.0
5032.0,525.0
5032.0,525.0
5032.0,525.0
5032.0,525.0
5032.0,525.0
5032.0,525.0
5032.0,525.0
5032.0,525.0
5032.0,525.0
5032.0,525.0
5032.0,525.0
5032.0,525.0
5032.0,525.0
5032.0,525.0
5032.0,525.0
5032.0,525.0
5032.0,525.0
5032.0,525.0
5033.0,525.0
5035.0,525.0
5035.0,525.0
5038.0,525.0
5041.0,525.0
5041.0,525.0
5047.0,525.0
5051.0,525.0
5051.0,525.0
5060.0,525.0
5065.0,525.0
5065.0,525.0
5076.0,525.0
5081.0,525.0
5081.0,525.0
5091.0,525.0
5097.0,525.0
5097.0,525.0
5107.0,525.0
5112.0,525.0
5112.0,525.0
5122.0,525.0
5128.0,525.0
5128.0,525.0
5138.0,525.0
5143.0,525.0
5143.0,525.0
5154.0,525.0
5159.0,525.0
5159.0,525.0
5169.0,525.0
5174.0,525.0
5174.0,525.0
5185.0,525.0
5190.0,525.0
5190.0,525.0
5200.0,525.0
5205.0,525.0
5205.0,525.0
5216.0,543.0
5221.0,551.0
5221.0,551.0
5231.0,565.0
5237.0,571.0
5237.0,571.0
5247.0,580.0
5252.0,583.0
5252.0,583.0
5263.0,588.0
5268.0,589.0
5268.0,589.0
5278.0,588.0
5283.0,587.0
5283.0,587.0
5294.0,582.0
5299.0,578.0
5299.0,578.0
5309.0,569.0
5314.0,566.0
5314.0,566.0
5324.0,569.0
5329.0,571.0
5329.0,571.0
5339.0,574.0
5344.0,575.0
5344.0,575.0
5355.0,586.0
5360.0,595.0
5360.0,595.0
5370.0,610.0
5375.0,617.0
5375.0,617.0
5386.0,627.0
5391.0,632.0
5391.0,632.0
5401.0,638.0
5406.0,639.0
5406.0,639.0
5417.0,641.0
5422.0,640.0
5427.0,639.0
5432.0,637.0
5432.0,637.0
5432.0,637.0
5432.0,637.0
5432.0,637.0
5432.0,637.0
5443.0,630.0
5443.0,630.0
5448.0,626.0
5448.0,626.0
5453.0,621.0
5453.0,621.0
5458.0,615.0
5458.0,615.0
5464.0,608.0
5468.858418583577,257.9004235652974
5476.814637014759,841.9183297635755
5476.814637014759,841.9183297635755
5476.814637014759,841.9183297635755
5476.814637014759,841.9183297635755
5476.814637014759,841.9183297635755
5476.814637014759,841.9183297635755
5476.814637014759,841.9183297635755
5476.814637014759,841.9183297635755
5476.814637014759,841.9183297635755
5548.6166705350715,844.7374976124265
5548.6166705350715,844.7374976124265
5569.0,594.0
5574.0,598.0
5574.0,598.0
5582.0,602.0
5590.0,603.0
5590.0,603.0
5600.0,603.0
5605.0,601.0
5605.0,601.0
5616.0,596.0
5621.0,593.0
5621.0,593.0
5631.0,586.0
5637.0,588.0
5637.0,588.0
5628.0,591.0
5647.333333333338,592.0
5647.333333333338,592.0
5665.0,595.0
5671.0,597.0
5677.0,598.0
5682.0,599.0
5688.0,601.0
5688.0,601.0
5700.0,604.0
5705.0,613.0
5705.0,613.0
5715.0,630.0
5721.0,637.0
5721.0,637.0
5731.0,650.0
5736.0,655.0
5736.0,655.0
5747.0,662.0
5752.0,665.0
5752.0,665.0
5762.0,667.0
5767.0,668.0
5767.0,668.0
5773.0,667.0
5778.0,666.0
5783.0,664.0
5793.0,657.0
5798.0,653.0
5798.0,653.0
5810.0,647.0
5817.0,646.0
5817.0,646.0
5830.0,644.0
5836.0,643.0
5836.0,643.0
5826.0,661.0
5844.833333333337,670.0
5844.833333333337,670.0
5862.0,683.0
5867.0,689.0
5867.0,689.0
5877.0,698.0
5883.0,701.0
5883.0,701.0
5893.0,706.0
5898.0,707.0
5905.0,707.0
5909.0,706.0
5914.0,705.0
5914.0,705.0
5919.0,703.0
5924.0,700.0
5924.0,700.0
5920.0,687.5854770716496
5925.0,681.0
5925.0,681.0
5955.0,667.0
5960.0,658.0
5960.0,658.0
5971.0,639.0
5976.0,629.0
5976.0,629.0
5986.0,605.9411764705856
5992.0,592.0
5992.0,592.0
6002.0,576.9846762234301
6008.0,559.0
6008.0,559.0
6022.0,558.0
6028.0,557.7434367541766
6028.0,557.7434367541766
6042.0,557.2243436754177
6049.0,556.8782816229118
6049.0,556.8782816229118
6062.0,556.0
6069.0,556.0
6069.0,556.0
6082.0,556.0
6089.0,555.0
6089.0,555.0
6103.0,555.0
6109.0,555.0
6109.0,555.0
6121.0,554.0
6127.0,564.0
6127.0,564.0
6137.0,581.0
6142.0,588.0
6142.0,588.0
6152.0,600.0
6158.0,605.0
6158.0,605.0
6168.0,613.0
6173.0,615.0
6173.0,615.0
6184.0,618.0
6189.0,618.0
6189.0,618.0
6199.0,616.0
6204.0,614.0
6204.0,614.0
6215.0,608.0
6220.0,603.0
6220.0,603.0
6230.0,605.0
6233.0,615.0
6233.0,615.0
6238.0,631.0
6220.0,638.0
6220.0,638.0
6241.0,650.0
6242.0,655.0
6242.0,655.0
6242.0,662.0
6242.0,664.0
6242.0,664.0
6242.0,667.0
6242.0,667.0
6242.0,667.0
6242.0,664.0
6242.0,662.0
6242.0,662.0
6242.0,672.0
6243.0,681.0
6243.0,681.0
6246.0,696.0
6248.0,703.0
6248.0,703.0
6254.0,714.0
6257.0,718.0
6257.0,718.0
6265.0,724.0
6270.0,725.0
6270.0,725.0
6280.0,727.0
6286.0,726.0
6291.0,725.0
6296.0,725.0
6301.0,720.0
6301.0,720.0
6312.0,712.0
6317.0,707.0
6317.0,707.0
6327.0,719.0
6332.0,728.0
6332.0,728.0
6343.0,743.0
6348.0,749.0
6348.0,749.0
6358.0,759.0
6363.0,763.0
6363.0,763.0
6374.0,769.0
6379.0,770.0
6379.0,770.0
6389.0,771.0
6395.0,771.0
6395.0,771.0
6405.0,767.0
6410.0,764.0
6410.0,764.0
6420.0,755.0
6426.0,750.0
6426.0,750.0
6436.0,737.0
6441.0,729.0
6441.0,729.0
6452.0,711.0
6457.0,708.0
6457.0,708.0
6467.0,726.0
6472.0,734.0
6472.0,734.0
6483.0,748.0
6488.0,753.0
6488.0,753.0
6498.0,762.0
6504.0,766.0
6504.0,766.0
6514.0,770.0
6519.0,771.0
6519.0,771.0
6529.0,771.0
6535.0,770.0
6535.0,770.0
6545.0,765.0
6550.0,761.0
6550.0,761.0
6561.0,751.0
6566.0,745.0
6566.0,745.0
6576.0,731.0
6581.0,723.0
6581.0,723.0
6592.0,705.0
6597.0,715.0
6597.0,715.0
6607.0,732.0
6612.0,739.0
6612.0,739.0
6623.0,752.0
6628.0,757.0
6628.0,757.0
6638.0,765.0
6624.0,768.0
6624.0,768.0
6654.0,771.0
6659.0,771.0
6659.0,771.0
6670.0,770.0
6675.0,768.0
6675.0,768.0
6685.0,762.0
6690.0,758.0
6690.0,758.0
6701.0,747.0
6706.0,740.0
6706.0,740.0
6716.0,725.0
6721.0,716.0
6721.0,716.0
6732.0,712.0
6737.0,722.0
6737.0,722.0
6747.0,738.0
6753.0,744.0
6753.0,744.0
6763.0,756.0
6768.0,760.0
6768.0,760.0
6779.0,767.0
6784.0,769.0
6784.0,769.0
6794.0,771.0
6799.0,771.0
6799.0,771.0
6810.0,769.0
6810.0,769.0
6815.0,766.0
6825.0,759.0
6830.0,754.0
6830.0,754.0
6841.0,742.0
6846.0,735.0
6846.0,735.0
6856.0,718.0
6862.0,709.0
6862.0,709.0
6872.0,719.0
6877.0,728.0
6882.0,736.0
6888.0,743.0
6893.0,749.0
6898.0,755.0
6903.0,759.0
6908.0,763.0
6913.0,766.0
6919.0,769.0
6924.0,770.0
6924.0,770.0
6934.0,771.0
6939.0,771.0
6939.0,771.0
6950.0,767.0
6955.0,764.0
6955.0,764.0
6965.0,755.0
6971.0,750.0
6971.0,750.0
6981.0,737.0
6986.0,729.0
6986.0,729.0
6997.0,711.0
7002.0,705.0
7002.0,705.0
7012.0,705.0
7017.0,705.0
7017.0,705.0
7028.0,716.8067226890735
7033.0,723.0
7033.0,723.0
7043.0,739.0
7048.0,745.0
7048.0,745.0
7059.0,756.0
7064.0,760.0
7064.0,760.0
7074.0,766.0
7080.0,768.0
7080.0,768.0
7090.0,769.0
7095.0,768.0
7095.0,768.0
7105.0,765.0
7111.0,762.0
7111.0,762.0
7121.0,754.0
7126.0,749.0
7126.0,749.0
7137.0,736.0
7142.0,729.0
7142.0,729.0
7152.0,711.0
7157.0,705.0
7157.0,705.0
7168.0,705.0
7173.0,705.0
7173.0,705.0
7183.0,705.0
7189.0,705.0
7189.0,705.0
7199.0,705.0
7204.0,705.0
7204.0,705.0
7214.0,705.0
7220.0,705.0
7225.0,705.0
7230.0,705.0
7235.0,705.0
7235.0,705.0
7246.0,705.0
7251.0,705.0
7251.0,705.0
6952.961625281954,705.0
6662.251432540128,705.0
6662.251432540128,705.0
7277.0,705.0
7178.4262291486375,705.0
7178.4262291486375,705.0
7292.0,705.0
7298.0,705.0
7298.0,705.0
7308.0,705.0
7313.0,705.0
7313.0,705.0
7323.0,705.0
7329.0,705.0
7329.0,705.0
7339.0,705.0
7344.0,705.0
7344.0,705.0
7355.0,705.0
7360.0,705.0
7360.0,705.0
7370.0,705.0
7375.0,705.0
7375.0,705.0
7386.0,705.0
7391.0,705.0
7391.0,705.0
7401.0,705.0
7407.0,705.0
7407.0,705.0
7417.0,705.0
7422.0,705.0
7422.0,705.0
7432.0,705.0
7438.0,705.0
7438.0,705.0
7428.0,705.0
7450.376470588234,705.0
7450.376470588234,705.0
7464.0,705.0
7469.0,705.0
7469.0,705.0
7479.0,705.0
7484.0,705.0
7484.0,705.0
7495.0,705.0
7500.0,705.0
7500.0,705.0
7510.0,705.0
7515.0,705.0
7515.0,705.0
7526.0,705.0
7531.0,705.0
7531.0,705.0
7541.0,705.0
7547.0,705.0
7547.0,705.0
7557.0,705.0
7562.0,705.0
7562.0,705.0
7573.0,705.0
7578.0,705.0
7578.0,705.0
7588.0,705.0
7593.0,705.0
7593.0,705.0
7604.0,705.0
7609.0,705.0
7609.0,705.0
7619.0,705.0
7624.0,705.0
7624.0,705.0
7635.0,705.0
7640.0,705.0
7640.0,705.0
7645.639087018548,705.0
7652.543509272471,705.0
7652.543509272471,705.0
7666.0,705.0
7671.0,705.0
7671.0,705.0
7682.0,705.0
7687.0,705.0
7687.0,705.0
7697.0,705.0
7702.0,705.0
7702.0,705.0
7713.0,705.0
7718.0,705.0
7718.0,705.0
7728.0,705.0
7728.0,705.0
7728.0,705.0
9850.636554620462,705.0
7749.0,705.0
7749.0,705.0
7759.0,705.0
7765.0,705.0
7765.0,705.0
7775.0,705.0
7780.0,705.0
7780.0,705.0
7791.0,705.0
7796.0,705.0
7796.0,705.0
7806.0,705.0
7811.0,705.0
7811.0,705.0
7822.0,705.0
7827.0,705.0
7827.0,705.0
7837.0,705.0
7842.0,705.0
7848.0,705.0
7853.0,705.0
7858.0,705.0
7863.0,705.0
7868.0,705.0
7874.0,705.0
7874.0,705.0
7884.0,705.0
7889.0,705.0
7894.0,705.0
7900.0,705.0
7905.0,705.0
7905.0,705.0
7915.0,705.0
7920.0,705.0
7920.0,705.0
7931.0,705.0
7936.0,705.0
7936.0,705.0
7946.0,705.0
7951.0,705.0
7951.0,705.0
7962.0,705.0
7967.0,705.0
7967.0,705.0
7977.0,705.0
7983.0,705.0
7983.0,705.0
7993.0,705.0
7998.0,705.0
7998.0,705.0
8008.0,705.0
8014.0,705.0
8014.0,705.0
8024.0,705.0
8029.0,705.0
8029.0,705.0
8040.0,705.0
8045.0,705.0
8045.0,705.0
8055.0,705.0
8060.0,705.0
8060.0,705.0
8071.0,705.0
8076.0,705.0
8076.0,705.0
8086.0,705.0
8091.0,705.0
8091.0,705.0
8102.0,705.0
8107.0,705.0
8107.0,705.0
8117.0,705.0
8123.0,705.0
8123.0,705.0
8133.0,705.0
8138.0,705.0
8138.0,705.0
8149.0,705.0
8154.0,705.0
8154.0,705.0
8164.0,705.0
8169.0,705.0
8169.0,705.0
8180.0,705.0
8184.0,709.0
8184.0,709.0
8189.0,709.0
8190.0,709.0
8190.0,709.0
8191.0,709.0
8191.0,709.0
8191.0,709.0
8191.0,709.0
8191.0,709.0
8191.0,709.0
8191.0,709.0
8191.0,709.0
8191.0,709.0
8191.0,709.0
8191.0,709.0
8191.0,709.0
8191.0,709.0
8191.0,709.0
8191.0,709.0
8191.0,709.0
8191.0,709.0
8191.0,709.0
8191.0,709.0
8191.0,709.0
8191.0,709.0
8191.0,709.0
8191.0,709.0
8191.0,709.0
8191.0,709.0
8191.0,709.0
8191.0,709.0
8191.0,709.0
8191.0,709.0
8191.0,709.0
8191.0,709.0
8191.0,709.0
8191.0,709.0
8191.0,709.0
8191.0,709.0
8191.0,709.0
8191.0,709.0
8191.0,709.0
8191.0,709.0
8191.0,709.0
8191.0,709.0
8191.0,709.0
8191.0,709.0
8191.0,709.0
8191.0,709.0
8191.0,709.0
8191.0,709.0
8191.0,709.0
8191.0,709.0
8191.0,709.0
8191.0,709.0
8191.0,709.0
8191.0,709.0
8191.0,709.0
8191.0,708.0
8191.0,708.0
8191.0,708.0
8191.0,708.0
8191.0,708.0
8191.0,708.0
8191.0,708.0
8191.0,708.0
8191.0,708.0
8191.0,708.0
8191.0,708.0
8191.0,708.0
8191.0,708.0
8191.0,708.0
8191.0,708.0
8191.0,708.0
8191.0,708.0
8191.0,708.0
8191.0,708.0
8191.0,708.0
8191.0,708.0
8191.0,708.0
8191.0,708.0
8191.0,708.0
8191.0,708.0
8191.0,708.0
8191.0,708.0
8191.0,708.0
8191.0,708.0
8191.0,708.0
8191.0,708.0
8191.0,708.0
8191.0,708.0
8191.0,707.0
8191.0,707.0
8191.0,707.0
8191.0,707.0
8191.0,707.0
8191.0,707.0
8191.0,707.0
8191.0,707.0
8191.0,707.0
8191.0,707.0
8191.0,707.0
8191.0,707.0
8191.0,707.0
8191.0,707.0
8191.0,707.0
8191.0,706.0
8191.0,706.0
8191.0,706.0
8191.0,706.0
8191.0,706.0
8191.0,706.0
8191.0,706.0
8191.0,706.0
8191.0,706.0
8191.0,706.0
8191.0,706.0
8191.0,706.0
8191.0,705.0
8191.0,705.0
8191.0,705.0
8191.0,705.0
8191.0,705.0
8191.0,705.0
8191.0,705.0
8191.0,705.0
8191.0,705.0
8191.0,705.0
8191.0,705.0
8191.0,705.0
8191.0,705.0
8191.0,705.0
8191.0,705.0
8191.0,705.0
8191.0,705.0
8191.0,705.0
8191.0,705.0
8191.0,705.0
8191.0,705.0
8191.0,705.0
8191.0,705.0
8191.0,705.0
8191.0,705.0
8191.0,705.0
8191.0,705.0
8191.0,705.0
8191.0,705.0
8191.0,705.0
8191.0,705.0
8191.0,705.0
8191.0,705.0
8191.0,705.0
8191.0,705.0
8191.0,705.0
8191.0,705.0
8191.0,705.0
8191.0,705.0
8191.0,705.0
8191.0,705.0
8191.0,705.0
8191.0,705.0
8191.0,705.0
8191.0,705.0
8191.0,705.0
8191.0,705.0
8191.0,705.0
8191.0,705.0
8191.0,705.0
8191.0,705.0
8191.0,705.0
8191.0,705.0
8191.0,705.0
8191.0,705.0
8191.0,705.0
8191.0,705.0
8191.0,705.0
8191.0,705.0
8191.0,705.0
8191.0,705.0
8191.0,705.0
8191.0,705.0
8191.0,705.0
8191.0,705.0
8191.0,705.0
8191.0,705.0
8191.0,705.0
8191.0,705.0
8191.0,705.0
8191.0,705.0
8191.0,705.0
8191.0,705.0
8191.0,705.0
8191.0,705.0
8191.0,705.0
8191.0,705.0
8191.0,705.0
8191.0,705.0
8191.0,705.0
8191.0,705.0
8191.0,705.0
8191.0,705.0
8191.0,705.0
8191.0,705.0
8191.0,705.0
8191.0,705.0
8191.0,705.0
8191.0,705.0
8191.0,705.0
8191.0,705.0
8191.0,705.0
8191.0,705.0
8191.0,705.0
8191.0,705.0
8191.0,705.0
8191.0,705.0
8191.0,705.0
8191.0,705.0
8191.0,705.0
8191.0,705.0
8191.0,705.0
8191.0,705.0
8191.0,705.0
8191.0,705.0
8191.0,705.0
8191.0,705.0
8191.0,705.0
8191.0,705.0
8191.0,705.0
8191.0,705.0
8191.0,705.0
8191.0,705.0
8191.0,705.0
8191.0,705.0
8191.0,705.0
8191.0,705.0
8191.0,705.0
8191.0,705.0
8191.0,705.0
8191.0,705.0
8191.0,705.0
8191.0,705.0
8191.0,705.0
8191.0,705.0
8191.0,705.0
8191.0,705.0
8191.0,705.0
8191.0,705.0
8191.0,705.0
8191.0,705.0
8191.0,705.0
8191.0,705.0
8191.0,705.0
8191.0,705.0
8191.0,705.0
8191.0,705.0
8191.0,705.0
8191.0,705.0
8191.0,705.0
8191.0,705.0
8191.0,705.0
8191.0,705.0
8191.0,705.0
8191.0,705.0
8191.0,705.0
8191.0,705.0
8191.0,705.0
8191.0,705.0
8191.0,705.0
8191.0,705.0
8191.0,705.0
8191.0,705.0
8191.0,705.0
8191.0,705.0
8191.0,705.0
8191.0,705.0
8191.0,705.0
8191.0,705.0
8191.0,705.0
8191.0,705.0
8191.0,705.0
8191.0,705.0
8191.0,705.0
8191.0,705.0
8191.0,705.0
8191.0,705.0
8191.0,705.0
8191.0,705.0
8191.0,705.0
8191.0,705.0
8191.0,705.0
8191.0,705.0
8191.0,705.0
8191.0,705.0
8191.0,705.0
8191.0,705.0
8191.0,705.0
8191.0,705.0
8191.0,705.0
8191.0,705.0
8191.0,704.9999999999999
8191.0,704.9999999999999
8191.0,705.0
8190.999999999999,705.0
8191.0,705.0
8191.0,705.0
8191.0,705.0
8191.0,705.0
8191.0,705.0
8191.0,705.0
8191.0,705.0
8191.0,705.0
8191.0,705.0
8191.0,705.0
8191.0,705.0
8191.0,705.0
8191.0,705.0
8191.0,705.0
8191.0,705.0
8191.0,705.0
8191.0,705.0
8191.0,705.0
8191.0,705.0
8191.0,705.0
8191.0,705.0
8191.0,705.0
8191.0,705.0
8191.0,705.0
8191.0,705.0
8191.0,705.0
8191.0,705.0
8191.0,705.0
8191.0,705.0
8191.0,705.0
8191.0,705.0
8191.0,705.0
8191.0,705.0
8191.0,705.0
8191.0,705.0
8191.0,705.0
8191.0,705.0
8191.0,705.0
8191.0,705.0
8191.0,705.0
8191.0,705.0
8191.0,705.0
8191.0,705.0
8191.0,705.0
8191.0,705.0
8191.0,705.0
8191.0,705.0
8191.0,705.0
8191.0,705.0
8191.0,705.0
8191.0,705.0
8191.0,705.0
8191.0,705.0
8191.0,705.0
8191.0,705.0
8191.0,705.0
8191.0,705.0
8191.0,705.0
8191.0,705.0
8191.0,705.0
8191.0,705.0
8191.0,705.0
8191.0,705.0
8191.0,705.0
8191.0,705.0
8191.0,705.0
8191.0,705.0
8191.0,705.0
8191.0,705.0
8191.0,705.0
8191.0,705.0
8191.0,705.0
8191.0,705.0
8191.0,705.0
8191.0,705.0
8191.0,705.0
8191.0,705.0
8191.0,705.0
8191.0,705.0
8191.0,705.0
8191.0,705.0
8191.0,705.0
8191.0,705.0
8191.0,705.0
8191.0,705.0
8191.0,705.0
8191.0,705.0
8191.0,705.0
8191.0,705.0
8191.0,705.0
8191.0,705.0
8191.0,705.0
8191.0,705.0
8191.0,705.0
8191.0,705.0
8191.0,705.0
8191.0,705.0
8191.0,705.0
8191.0,705.0
8191.0,705.0
8191.0,705.0
8191.0,705.0
8191.0,705.0
8191.0,705.0
8191.0,705.0
8191.0,705.0
8191.0,705.0
8191.0,705.0
8191.0,705.0
8191.0,705.0
8191.0,705.0
8191.0,705.0
8191.0,705.0
8191.0,705.0
8191.0,705.0
8191.0,705.0
8191.0,705.0
8191.0,705.0
8191.0,705.0
8191.0,705.0
8191.0,705.0
8191.0,705.0
8191.0,705.0
8191.0,705.0
8191.0,705.0
8191.0,705.0
8191.0,705.0
8191.0,705.0
8191.0,705.0
8191.0,705.0
8191.0,705.0
8191.0,705.0
8191.0,705.0
8191.0,705.0
8191.0,705.0
8191.0,705.0
8191.0,705.0
8191.0,705.0
8191.0,705.0
8191.0,705.0
8191.0,705.0
8191.0,705.0
8191.0,705.0
8191.0,705.0
8191.0,705.0
8191.0,705.0
8191.0,705.0
8191.0,705.0
8191.0,705.0
8191.0,705.0
8191.0,705.0
8191.0,705.0
8191.0,705.0
8191.0,705.0
8191.0,705.0
8191.0,705.0
8191.0,705.0
8191.0,705.0
8191.0,705.0
8191.0,705.0
8191.0,705.0
8191.0,705.0
8191.0,705.0
8191.0,705.0
8191.0,705.0
8191.0,705.0
8191.0,705.0
8191.0,705.0
8191.0,705.0
8191.0,705.0
8191.0,705.0
8191.0,705.0
8191.0,705.0
8191.0,705.0
8191.0,705.0
8191.0,705.0
8191.0,705.0
8191.0,705.0
8191.0,705.0
8191.0,705.0
8191.0,705.0
8191.0,705.0
8191.0,705.0
8191.0,705.0
8191.0,705.0
8191.0,705.0
8191.0,705.0
8191.0,705.0
8191.0,705.0
8191.0,705.0
8191.0,705.0
8191.0,705.0
8191.0,705.0
8191.0,705.0
8191.0,705.0
8191.0,705.0
8191.0,705.0
8191.0,705.0
8191.0,705.0
8191.0,705.0
8191.0,705.0
8191.0,705.0
8191.0,705.0
8191.0,705.0
8191.0,705.0
8191.0,705.0
8191.0,705.0
8191.0,705.0
8191.0,705.0
8191.0,705.0
8191.0,705.0
8191.0,705.0
8191.0,705.0
8191.0,705.0
8191.0,705.0
8191.0,705.0
8191.0,705.0
8191.0,705.0
8191.0,705.0
8191.0,705.0
8191.0,705.0
8191.0,705.0
8191.0,705.0
8191.0,705.0
8191.0,705.0
8191.0,705.0
8191.0,705.0
8191.0,705.0
8191.0,705.0
8191.0,705.0
8191.0,705.0
8191.0,705.0
8191.0,705.0
8191.0,705.0
8191.0,705.0
8190.999999999999,704.9999999999998
8190.999999999998,704.9999999999998
8190.999999999998,704.9999999999998
8191.0,705.0
8191.0,705.0
8191.0,705.0
8191.0,705.0
8191.0,705.0
8191.0,705.0
8191.0,705.0
8191.0,705.0
8191.0,705.0
8191.0,705.0
8191.0,705.0
8191.0,705.0
8191.0,705.0
8191.0,705.0
8191.0,705.0
8191.0,705.0
8191.0,705.0
8191.0,705.0
8191.0,705.0
8191.0,705.0
8191.0,705.0
8191.0,705.0
8190.999999999997,704.9999999999999
8191.0,705.0
8191.000000000001,705.0000000000001
8191.000000000001,705.0000000000001
8191.000000000001,705.0000000000001
8191.000000000001,705.0000000000001
8191.000000000001,705.0000000000001
8191.000000000002,705.0000000000001
8191.0,705.0
8191.0,705.0
8191.0,705.0
8191.0,705.0
8191.0,705.0
8191.0,705.0
8191.0,705.0
8191.0,705.0
8191.0,705.0
8191.0,705.0
8191.0,705.0
8191.0,705.0
8191.0,705.0
8191.0,705.0
8191.0,705.0
8191.0,705.0
8191.0,705.0
8191.0,705.0
8191.0,705.0
8191.0,705.0
8191.0,705.0
8191.0,705.0
8191.0,705.0
8191.0,705.0
8191.0,705.0
8191.0,705.0
8191.0,705.0
8191.0,705.0
8191.0,705.0
8191.0,705.0
8191.0,705.0
8191.0,705.0
8191.0,705.0
8191.0,705.0
8191.0,705.0
8191.0,705.0
8191.0,705.0
8191.0,705.0
8191.0,705.0
8191.0,705.0
8191.0,705.0
8191.0,705.0
8191.0,705.0
8191.0,705.0
8191.0,705.0
8191.0,705.0
8191.0,705.0
8191.0,705.0
8191.0,705.0
8191.0,705.0
8191.0,705.0
8191.0,705.0
8191.0,705.0
8191.0,705.0
8191.0,705.0
8191.0,705.0
8191.0,705.0
8191.0,705.0
8191.0,705.0
8191.0,705.0
8191.0,705.0
8191.0,705.0
8191.0,705.0
8191.0,705.0
8191.0,705.0
8191.0,705.0
8191.0,705.0
8191.0,705.0
8191.0,705.0
8191.0,705.0
8191.0,705.0
8191.0,705.0
8191.0,705.0
8191.0,705.0
8191.0,705.0
8191.0,705.0
8191.0,705.0
8191.0,705.0
8191.0,705.0
8191.0,705.0
8191.0,705.0
8191.0,705.0
8191.0,705.0
8191.0,705.0
8191.0,705.0
8191.0,705.0
8191.0,705.0
8191.0,705.0
8191.0,705.0
8191.0,705.0
8191.0,705.0
8191.0,705.0
8191.0,705.0
8191.0,705.0
8191.0,705.0
8191.0,705.0
8191.0,705.0
8191.0,705.0
8191.0,705.0
8191.0,705.0
8191.0,705.0
8191.0,705.0
8191.0,705.0
8191.0,705.0
8191.0,705.0
8191.0,705.0
8191.0,705.0
8191.0,705.0
8191.0,705.0
8191.0,705.0
8191.0,705.0
8191.0,705.0
8191.0,705.0
8191.0,705.0
8191.0,705.0
8191.0,705.0
8191.0,705.0
8191.0,705.0
8191.0,705.0
8191.0,705.0
8191.0,705.0
8191.0,705.0
8191.0,705.0
8191.0,705.0
8191.0,705.0
8191.0,705.0
8191.0,705.0
8191.0,705.0
8191.0,705.0
8191.0,705.0
8191.0,705.0
8191.0,705.0
8191.0,705.0
8191.0,705.0
8191.0,705.0
8191.0,705.0
8191.0,705.0
8191.0,705.0
8191.0,705.0
8191.0,705.0
8191.0,705.0
8191.0,705.0
8191.0,705.0
8191.0,705.0
8191.0,705.0
8191.0,705.0
8191.0,705.0
8191.0,705.0
8191.0,705.0
8191.0,705.0
8191.0,705.0
8191.0,705.0
8191.0,705.0
8191.0,705.0
8191.0,705.0
8191.0,705.0
8191.0,705.0
8191.0,705.0
8191.0,705.0
8191.0,705.0
8191.0,705.0
8191.0,705.0
8191.0,705.0
8191.0,705.0
8191.0,705.0
8191.0,705.0
8191.0,705.0
8191.0,705.0
8191.0,705.0
8191.0,705.0
8191.0,705.0
8191.0,705.0
8191.0,705.0
8191.0,705.0
8191.0,705.0
8191.0,705.0
8191.0,705.0
8191.0,705.0
8191.0,705.0
8191.0,705.0
8191.0,705.0
8191.0,705.0
8191.0,705.0
8191.0,705.0
8191.0,705.0
8191.0,705.0
8191.0,705.0
8191.0,705.0
8191.0,705.0
8191.0,705.0
8191.0,705.0
8191.0,705.0
8191.0,705.0
8191.0,705.0
8191.0,705.0
8191.0,705.0
8191.0,705.0
8191.0,705.0
8191.0,705.0
8191.0,705.0
8191.0,705.0
8191.0,705.0
8191.0,705.0
8191.0,705.0
8191.0,705.0
8191.0,705.0
8191.0,705.0
8191.0,705.0
8191.0,705.0
8191.0,705.0
8191.0,705.0
8191.0,705.0
8191.0,705.0
8191.0,705.0
8191.0,705.0
8191.0,705.0
8191.0,705.0
8191.0,705.0
8191.0,705.0
8191.0,705.0
8191.0,705.0
8191.0,705.0
8191.0,705.0
8191.0,705.0
8191.0,705.0
8191.0,705.0
8191.0,705.0
8191.0,705.0
8191.0,705.0
8191.0,705.0
8191.0,705.0
8191.0,705.0
8191.0,705.0
8191.0,705.0
8191.0,705.0
8191.0,705.0
8191.0,705.0
8191.0,705.0
8191.0,705.0
8191.0,705.0
8191.0,705.0
8191.0,705.0
8191.0,705.0
8191.0,705.0
8191.0,705.0
8191.0,705.0
8191.0,705.0
8191.0,705.0
8191.0,705.0
8191.0,705.0
8191.0,705.0
8191.0,705.0
8191.0,705.0
8191.0,705.0
8191.0,705.0
8191.0,705.0
8191.0,705.0
8191.0,705.0
8191.0,705.0
8191.0,705.0
8191.0,705.0
8191.0,705.0
8191.0,705.0
8191.0,705.0
8191.0,705.0
8191.0,705.0
8191.0,705.0
8191.0,705.0
8191.0,705.0
8191.0,705.0
8191.0,705.0
8191.0,705.0
8191.0,705.0
8191.0,705.0
8191.0,705.0
8191.0,705.0
8191.0,705.0
8191.0,705.0
8191.0,705.0
8191.0,705.0
8191.0,705.0
8191.0,705.0
8191.0,705.0
8191.0,705.0
8191.0,705.0
8191.0,705.0
8191.0,705.0
8191.0,705.0
8191.0,705.0
8191.0,705.0
8191.0,705.0
8191.0,705.0
8191.0,705.0
8191.0,705.0
8191.0,705.0
8191.0,705.0
8191.0,705.0
8191.0,705.0
8191.0,705.0
8191.0,705.0
8191.0,705.0
8191.0,705.0
8191.0,705.0
8191.0,705.0
8191.0,705.0
8191.0,705.0
8191.0,705.0
8191.0,705.0
8191.0,705.0
8191.0,705.0
8191.0,705.0
8191.0,705.0
8191.0,705.0
8191.0,705.0
8191.0,705.0
8191.0,705.0
8191.0,705.0
8191.0,705.0
8191.0,705.0
8191.0,705.0
8191.0,705.0
8191.0,705.0
8191.0,705.0
8191.0,705.0
8191.0,705.0
8191.0,705.0
8191.0,705.0
8191.0,705.0
8191.0,705.0
8191.0,705.0
8191.0,705.0
8191.0,705.0
8191.0,705.0
8191.0,705.0
8191.0,705.0
8191.0,705.0
8191.0,705.0
8191.0,705.0
8191.0,705.0
8191.0,705.0
8191.0,705.0
8191.0,705.0
8191.0,705.0
8191.0,705.0
8191.0,705.0
8191.0,705.0
8191.0,705.0
8191.0,705.0
8191.0,705.0
8191.0,705.0
8191.0,705.0
8191.0,705.0
8191.0,705.0
8191.0,705.0
8191.0,705.0
8191.0,705.0
8191.0,705.0
8191.0,705.0
8191.0,705.0
8191.0,705.0
8191.0,705.0
8191.0,705.0
8191.0,705.0
8191.0,705.0
8191.0,705.0
8191.0,705.0
8191.0,705.0
8191.0,705.0
8191.0,705.0
8191.0,705.0
8191.0,705.0
8191.0,705.0
8191.0,705.0
8191.0,705.0
8191.0,705.0
8191.0,705.0
8191.0,705.0
8191.0,705.0
8191.0,705.0
8191.0,705.0
8191.0,705.0
8191.0,705.0
8191.0,705.0
8191.0,705.0
8191.0,705.0
8191.0,705.0
8191.0,705.0
8191.0,705.0
8191.0,705.0
8191.0,705.0
8191.0,705.0
8191.0,705.0
8191.0,705.0
8191.0,705.0
8191.0,705.0
8191.0,705.0
8191.0,705.0
8191.0,705.0
8191.0,705.0
8191.0,705.0
8191.0,705.0
8191.0,705.0
8191.0,705.0
8191.0,705.0
8191.0,705.0
8191.0,705.0
8191.0,705.0
8191.0,705.0
8191.0,705.0
8191.0,705.0
8191.0,705.0
8191.0,705.0
8191.000000000001,705.0000000000001
8191.0,705.0
8191.000000000003,705.0000000000001
8191.000000000003,705.0000000000001
8191.000000000003,705.0000000000001
8191.000000000003,705.0000000000001
8191.000000000003,705.0000000000001
8191.000000000004,705.0000000000001
8191.0,705.0
8191.0,705.0
8191.0,705.0
8191.0,705.0
8191.0,705.0
8191.0,705.0
8191.0,705.0
8191.0,705.0
8191.0,705.0
8191.0,705.0
8191.0,705.0
8191.0,705.0
8191.0,705.0
8191.0,705.0
8191.0,705.0
8191.0,705.0
8191.0,705.0
8191.0,705.0
8191.0,705.0
8191.0,705.0
8191.0,705.0
8191.0,705.0
8191.0,705.0
8191.0,705.0
8191.0,705.0
8191.0,705.0
8191.0,705.0
8191.000000000002,705.0
8191.000000000002,705.0000000000001
8191.000000000002,705.0000000000001
8191.0,705.0
8191.0,705.0
8191.0,705.0
8191.0,705.0
8191.0,705.0
8191.0,705.0
8191.0,705.0
8191.0,705.0
8191.0,705.0
8191.0,705.0
8191.0,705.0
8191.0,705.0
8191.0,705.0
8191.0,705.0
8191.0,705.0
8191.0,705.0
8191.0,705.0
8191.0,705.0
8191.0,705.0
8191.0,705.0
8191.0,705.0
8191.0,705.0
8190.999999999997,705.0
8191.0,705.0
8191.000000000001,705.0
8191.000000000001,705.0
8191.000000000001,705.0
8191.000000000001,705.0
8191.0,705.0
8191.0,705.0
8191.0,705.0
8191.0,705.0
8191.0,705.0
8191.0,705.0
8191.0,705.0
8191.0,705.0
8191.0,705.0
8191.0,705.0
8191.0,705.0
8191.0,705.0
8191.0,705.0
8191.0,705.0
8191.0,705.0
8191.0,705.0
8191.0,705.0
8191.0,705.0
8191.0,705.0
8191.0,705.0
8191.0,705.0
8191.0,705.0
8191.0,705.0
8191.0,705.0
8191.0,705.0
8191.0,705.0
8191.0,705.0
8191.0,705.0
8191.0,705.0
8191.0,705.0
8191.0,705.0
8191.0,705.0
8191.0,705.0
8191.0,705.0
8191.0,705.0
8191.0,705.0
8191.0,705.0
8191.0,705.0
8191.0,705.0
8191.0,705.0
8191.0,705.0
8191.0,705.0
8191.0,705.0
8191.0,705.0
8191.0,705.0
8191.0,705.0
8191.0,705.0
8191.0,705.0
8191.0,705.0
8191.0,705.0
8191.0,705.0
8191.0,705.0
8191.0,705.0
8191.0,705.0
8191.0,705.0
8191.0,705.0
8191.0,705.0
8191.0,705.0
8191.0,705.0
8191.0,705.0
8191.0,705.0
8191.0,705.0
8191.0,705.0
8191.0,705.0
8191.0,705.0
8191.0,705.0
8191.0,705.0
8191.0,705.0
8191.0,705.0
8191.0,705.0
8191.0,705.0
8191.0,705.0
8191.0,705.0
8191.0,705.0
8191.0,705.0
8191.0,705.0
8191.0,705.0
8191.0,705.0
8191.0,705.0
8191.0,705.0
8191.0,705.0
8191.0,705.0
8191.0,705.0
8191.0,705.0
8191.0,705.0
8191.0,705.0
8191.0,705.0
8190.0,705.0
8189.0,705.0
8187.0,705.0
8185.0,705.0
8185.0,705.0
8183.0,705.0
8181.0,705.0
8181.0,705.0
8180.0,705.0
8180.0,705.0
8180.0,705.0
8180.0,705.0
8180.0,705.0
8180.0,705.0
8180.0,705.0
8180.0,705.0
8180.0,705.0
8180.0,705.0
8180.0,705.0
8180.0,705.0
8180.0,705.0
8180.0,705.0
8180.0,705.0
8180.0,705.0
8182.0,705.0
8182.0,705.0
8184.0,705.0
8184.548157656747,705.0000000000005
8185.0,705.0
8185.0,705.0000000000003
8185.0,705.0000000000003
8185.0,705.0000000000003
8185.0,705.0000000000003
8185.0,705.0000000000003
8185.000000000002,705.0000000000001
8185.0,705.0
8185.0,705.0
8185.0,705.0
8185.0,705.0
8185.0,705.0
8185.0,705.0
8185.0,705.0
8185.0,705.0
8185.0,705.0
8185.0,705.0
8185.0,705.0
8185.0,705.0
8185.0,705.0
8185.0,705.0
8185.0,705.0
8185.0,705.0
8185.0,705.0
8185.0,705.0
8185.0,705.0
8185.0,705.0
8185.0,705.0
8185.0,705.0
8185.0,705.0
8185.0,705.0
8185.0,705.0
8185.0,705.0
8185.0,705.0
8185.0,705.0
8185.0,705.0
8185.0,705.0
8185.0,705.0
8185.0,705.0
8185.0,705.0
8185.0,705.0
8185.0,705.0
8185.0,705.0
8185.0,705.0
8185.0,705.0
8185.0,705.0
8185.0,705.0
8185.0,705.0
8185.0,705.0
8185.0,705.0
8185.0,705.0
8185.0,705.0
8185.0,705.0
8185.0,705.0
8185.0,705.0
8185.0,705.0
8185.0,705.0
8185.0,705.0
8185.0,705.0
8184.999999999996,704.9999999999999
8185.0,705.0
8184.999999999997,704.9999999999997
8184.999999999997,704.9999999999997
8184.999999999997,704.9999999999997
8184.999999999997,704.9999999999997
8185.0,705.0
8185.0,705.0
8185.0,705.0
8185.0,705.0
8185.0,705.0
8185.0,705.0
8185.0,705.0
8185.0,705.0
8185.0,705.0
8185.0,705.0
8185.0,705.0
8185.0,705.0
8185.0,705.0
8185.0,705.0
8185.0,705.0
8185.0,705.0
8185.0,705.0
8185.0,705.0
8185.0,705.0
8185.0,705.0
8186.0,705.0
8187.0,715.0
8187.0,715.0
8189.0,723.0
8194.0,739.0
8197.0,745.0
8200.0,751.0
8204.0,756.0
8208.0,760.0
8208.0,760.0
8218.0,766.0
8218.0,766.0
8223.0,768.0
8234.0,769.0
8234.0,769.0
8239.0,768.0
8249.0,765.0
8249.0,765.0
8255.0,762.0
8265.0,754.0
8265.0,754.0
8270.0,756.0
8280.0,755.0
8280.0,755.0
8286.0,755.0
8296.0,754.0
8296.0,754.0
8306.0,754.0
8312.0,754.0
8312.0,754.0
8317.0,753.0
8327.0,753.0
8327.0,753.0
8332.0,752.0
8343.0,749.0
8343.0,749.0
8348.0,746.0
8353.0,742.0
8364.0,732.0
8369.0,726.0
8374.0,719.0
8374.0,719.0
8379.0,711.0
8389.0,705.0
8389.0,705.0
8393.0,705.0
8396.0,705.0
8396.0,705.0
8396.0,705.0
8397.0,705.0
8397.0,705.0
8397.0,705.0
8397.0,705.0
8397.0,705.0
8397.0,705.0
8397.0,705.0
8397.0,705.0
8397.0,705.0
8397.0,705.0
8397.0,705.0
8397.0,705.0
8397.0,705.0
8397.0,705.0
8397.0,705.0
8397.0,705.0
8397.0,705.0
8397.0,705.0
8397.0,705.0
8397.0,705.0
8418.874309262537,704.9999999999998
8431.545638909178,704.9999999999999
8431.545638909178,704.9999999999999
8444.216968555818,705.0
8464.585964022684,705.0
8464.585964022684,705.0
8488.098424557975,705.0
8499.700951686013,705.0
8499.700951686013,705.0
8513.746946751344,705.0
8534.81593934934,705.0
8534.81593934934,705.0
8548.86193441468,705.0
8569.930927012669,705.0
8569.930927012669,705.0
8583.976922078007,705.0
8612.0,705.0
8612.0,705.0
8617.0,715.0
8627.0,731.0
8627.0,731.0
8633.0,739.0
8643.0,751.0
8643.0,751.0
8648.0,756.0
8658.0,763.0
8658.0,763.0
8669.0,768.0
8674.0,769.0
8674.0,769.0
8679.0,769.0
8684.0,768.0
8684.0,768.0
8695.0,765.0
8705.0,758.0
8705.0,758.0
8710.0,754.0
8721.0,743.0
8721.0,743.0
8726.0,736.0
8736.0,720.0
8736.0,720.0
8741.0,711.0
8752.0,717.0
8752.0,717.0
8757.0,726.0
8767.0,741.0
8767.0,741.0
8773.0,748.0
8783.0,758.0
8783.0,758.0
8788.0,762.0
8799.0,768.0
8799.0,768.0
8804.0,770.0
8814.0,771.0
8814.0,771.0
8819.0,771.0
8830.0,767.0
8830.0,767.0
8835.0,765.0
8845.0,756.0
8845.0,756.0
8850.0,751.0
8861.0,739.0
8861.0,739.0
8866.0,731.0
8876.0,714.0
8876.0,714.0
8882.0,705.0
8892.0,724.0
8892.0,724.0
8897.0,732.0
8908.0,746.0
8908.0,746.0
8913.0,752.0
8923.0,761.0
8923.0,761.0
8928.0,765.0
8939.0,770.0
8939.0,770.0
8944.0,771.0
8954.0,771.0
8954.0,771.0
8959.0,770.0
8970.0,765.0
8970.0,765.0
8975.0,762.0
8985.0,753.0
8985.0,753.0
8991.0,747.0
9001.0,733.0
9001.0,733.0
9006.0,725.0
9017.0,723.1680672268913
9017.0,723.1680672268913
9022.0,712.0
9032.0,730.0
9032.0,730.0
9037.0,738.0
9048.0,751.0
9048.0,751.0
9053.0,756.0
9063.0,764.0
9063.0,764.0
9068.0,767.0
9079.0,771.0
9079.0,771.0
9084.0,771.0
9094.0,770.0
9094.0,770.0
9100.0,769.0
9110.0,763.0
9110.0,763.0
9115.0,759.0
9125.0,748.0
9125.0,748.0
9131.0,742.0
9141.0,727.0
9141.0,727.0
9146.0,718.0
9157.0,710.0
9157.0,710.0
9162.0,719.0
9172.0,736.0
9172.0,736.0
9177.0,743.0
9188.0,755.0
9188.0,755.0
9193.0,759.0
9203.0,766.0
9203.0,766.0
9209.0,769.0
9219.0,771.0
9219.0,771.0
9224.0,771.0
9234.0,769.0
9234.0,769.0
9240.0,767.0
9250.0,760.0
9250.0,760.0
9255.0,755.0
9266.0,744.0
9266.0,744.0
9271.0,737.0
9281.0,721.0
9281.0,721.0
9286.0,711.0
9297.0,705.0
9297.0,705.0
9302.0,705.0
9312.0,705.0
9312.0,705.0
9318.0,705.0
9328.0,705.0
9328.0,705.0
9333.0,705.0
9343.0,705.0
9343.0,705.0
9349.0,705.0
9359.0,705.0
9359.0,705.0
9364.0,705.0
9375.0,705.0
9375.0,705.0
9380.0,705.0
9390.0,705.0
9390.0,705.0
9395.0,705.0
9406.0,705.0
9406.0,705.0
9411.0,705.0
9421.0,705.0
9421.0,705.0
9427.0,705.0
9437.0,705.0
9437.0,705.0
9442.0,705.0
9452.0,705.0
9452.0,705.0
9458.0,705.0
9468.0,705.0
9468.0,705.0
9473.0,705.0
9484.0,705.0
9484.0,705.0
9489.0,705.0
9499.0,705.0
9499.0,705.0
9504.0,705.0
9515.0,705.0
9515.0,705.0
9520.0,715.0
9530.0,731.0
9530.0,731.0
9536.0,733.0
9546.0,730.0
9546.0,730.0
9551.0,727.0
9561.0,720.0
9561.0,720.0
9567.0,715.0
9577.0,705.0
9577.0,705.0
9582.0,705.0
9593.0,705.0
9593.0,705.0
9598.0,705.0
9608.0,705.0
9608.0,705.0
9613.0,705.0
9624.0,705.0
9624.0,705.0
9629.0,705.0
9639.0,705.0
9639.0,705.0
9644.0,705.0
9655.0,705.0
9655.0,705.0
9660.0,705.0
9670.0,705.0
9670.0,705.0
9676.0,705.0
9686.0,705.0
9686.0,705.0
9691.0,705.0
9702.0,705.0
9702.0,705.0
9707.0,705.0
9717.0,705.0
9717.0,705.0
9722.0,705.0
9733.0,705.0
9733.0,705.0
9738.0,705.0
9748.0,705.0
9748.0,705.0
9753.0,705.0
9764.0,705.0
9764.0,705.0
9769.0,705.0
9779.0,705.0
9779.0,705.0
9785.0,705.0
9795.0,705.0
9795.0,705.0
9800.0,705.0
9811.0,705.0
9811.0,705.0
9816.0,705.0
9826.0,705.0
9826.0,705.0
9831.0,705.0
9842.0,705.0
9842.0,705.0
9847.0,705.0
9857.0,705.0
9857.0,705.0
9862.0,705.0
9873.0,705.0
9873.0,705.0
9878.0,705.0
9888.0,705.0
9888.0,705.0
9894.0,705.0
9907.521943021173,705.0000000000003
9912.36769174958,705.0
9916.00352337821,705.0000000000003
9916.00352337821,705.0000000000003
9916.00352337821,705.0000000000003
9916.00352337821,705.0000000000003
9916.00352337821,705.0000000000003
9939.845236276204,705.0000000000001
9935.0,705.0
9951.0,705.0
9951.0,705.0
9956.0,705.0
9966.0,705.0
9966.0,705.0
9971.0,705.0
9982.0,705.0
9982.0,705.0
9987.0,705.0
9997.0,705.0
9997.0,705.0
10003.0,705.0
10013.0,705.0
10013.0,705.0
10018.0,705.0
10029.0,705.0
10029.0,705.0
10034.0,705.0
10044.0,705.0
10044.0,705.0
10049.0,705.0
10060.0,705.0
10060.0,705.0
10065.0,705.0
10075.0,705.0
10075.0,705.0
10086.0,705.0
10091.0,705.0
10091.0,705.0
10096.0,705.0
10106.0,705.0
10106.0,705.0
10112.0,705.0
10122.0,705.0
10122.0,705.0
10127.0,708.0
10137.0,708.0
10137.0,708.0
10143.0,708.0
10153.0,708.0
10153.0,708.0
10158.0,708.0
10169.0,708.0
10169.0,708.0
10174.0,708.0
10184.0,707.0
10184.0,707.0
10185.0,706.0
10185.0,705.0
10185.0,705.0
10185.0,705.0
10185.0,705.0
10185.0,705.0
10185.0,705.0
10185.0,705.0
10185.0,705.0
10185.0,705.0
10185.0,705.0
10185.0,705.0
10185.0,705.0
10185.0,705.0
10185.0,705.0
10185.0,705.0
10185.0,705.0
10185.0,705.0
10185.0,705.0
10185.0,705.0
10185.0,705.0
10185.0,705.0
10185.0,705.0
10185.0,705.0
10185.0,705.0
10185.0,705.0
10185.0,705.0
10185.0,705.0
10185.0,705.0
10185.0,705.0
10185.0,705.0
10185.0,705.0
10185.0,705.0
10185.0,705.0
10185.0,705.0
10185.0,705.0
10185.0,705.0
10185.0,705.0
10185.0,705.0
10185.0,705.0
10185.0,705.0
10185.0,705.0
10185.0,705.0
10185.0,705.0
10185.0,705.0
10185.0,705.0
10185.0,705.0
10185.0,705.0
10185.0,705.0
10185.0,705.0
10185.0,705.0
10185.0,705.0
10185.0,705.0
10185.0,705.0
10185.0,705.0
10185.0,705.0
10185.0,705.0
10185.0,705.0
10185.0,705.0
10185.0,705.0
10185.0,705.0
10185.0,705.0
10185.0,705.0
10185.0,705.0
10185.0,705.0
10185.0,705.0
10185.0,705.0
10185.0,705.0
10185.0,705.0
10185.0,705.0
10185.0,705.0
10185.0,705.0
10185.0,705.0
10185.0,705.0
10185.0,705.0
10185.0,705.0
10185.0,705.0
10185.0,705.0
10185.0,705.0
10185.0,705.0
10185.0,705.0
10185.0,705.0
10185.0,705.0
10185.0,705.0
10185.0,705.0
10185.0,705.0
10185.0,705.0
10185.0,705.0
10185.0,705.0
10185.0,705.0
10185.0,705.0
10185.0,705.0
10185.0,705.0
10185.0,705.0
10185.0,705.0
10185.0,705.0
10185.0,705.0
10185.0,705.0
10185.0,705.0
10185.0,705.0
10185.0,705.0
10185.0,705.0
10185.0,705.0
10185.0,705.0
10185.0,705.0
10185.0,705.0
10185.0,705.0
10185.0,705.0
10185.0,705.0
10185.0,705.0
10185.0,705.0
10185.0,705.0
10185.0,705.0
10185.0,705.0
10185.0,705.0
10185.0,705.0
10185.0,705.0
10185.0,705.0
10185.0,705.0
10185.0,705.0
10185.0,705.0
10185.0,705.0
10185.0,705.0
10185.0,705.0
10185.0,705.0
10185.0,705.0
10185.0,705.0
10185.0,705.0
10185.0,705.0
10185.0,705.0
10185.0,705.0
10185.0,705.0
10185.0,705.0
10185.0,705.0
10185.0,705.0
10185.0,705.0
10185.0,705.0
10185.0,705.0
10185.0,705.0
10185.0,705.0
10185.0,705.0
10185.0,705.0
10185.0,705.0
10185.0,705.0
10185.0,705.0
10185.0,705.0
10185.0,705.0
10185.0,705.0
10185.0,705.0
10185.0,705.0
10185.0,705.0
10185.0,705.0
10185.0,705.0
10185.0,705.0
10185.0,705.0
10185.0,705.0
10185.0,705.0
10185.0,705.0
10185.0,705.0
10185.0,705.0
10185.0,705.0
10185.0,705.0
10185.0,705.0
10185.0,705.0
10185.0,705.0
10185.0,705.0
10185.0,705.0
10185.0,705.0
10185.0,705.0
10185.0,705.0
10185.0,705.0
10185.0,705.0
10185.0,705.0
10185.0,705.0
10185.0,705.0
10185.0,705.0
10185.0,705.0
10185.0,705.0
10185.0,705.0
10185.0,705.0
10185.0,705.0
10185.0,705.0
10185.0,705.0
10185.0,705.0
10185.0,705.0
10185.0,705.0
10185.0,705.0
10185.0,705.0
10185.0,705.0
10185.0,705.0
10185.0,705.0
10185.0,705.0
10185.0,705.0
10185.0,705.0
10185.0,705.0
10185.0,705.0
10185.0,705.0
10185.0,705.0
10185.0,705.0
10185.0,705.0
10185.0,705.0
10185.0,705.0
10185.0,705.0
10185.0,705.0
10185.0,705.0
10185.0,705.0
10185.0,705.0
10185.0,705.0
10185.0,705.0
10185.0,705.0
10185.0,705.0
10185.0,705.0
10185.0,705.0
10185.0,705.0
10185.0,705.0
10185.0,705.0
10185.0,705.0
10185.0,705.0
10185.0,705.0
10184.999999999996,704.9999999999997
10184.999999999996,704.9999999999997
10184.999999999996,704.9999999999997
10185.0,705.0
10185.0,705.0
10185.0,705.0
10185.0,705.0
10185.0,705.0
10185.0,705.0
10185.000000000002,705.0000000000001
10185.000000000002,705.0
10185.000000000002,705.0
10185.000000000002,705.0
10185.000000000002,705.0
10185.000000000002,705.0
10185.0,705.0
10185.0,704.9999999999999
10185.0,705.0
10185.0,705.0
10185.0,705.0
10185.0,705.0
10185.0,705.0
10185.000000000002,705.0000000000005
10185.000000000002,705.0000000000005
10185.000000000002,705.0000000000003
10185.000000000002,705.0000000000003
10185.000000000002,705.0000000000003
10185.0,705.0
10185.0,705.0
10185.0,705.0
10185.0,705.0
10185.0,705.0
10185.0,705.0
10185.0,705.0
10185.0,705.0
10185.0,705.0
10185.0,705.0
10185.0,705.0
10185.0,705.0
10185.0,705.0
10185.0,705.0
10185.0,705.0
10185.0,705.0
10185.0,705.0
10185.0,705.0
10185.0,705.0
10185.0,705.0
10185.0,705.0
10185.0,705.0
10185.0,705.0
10185.0,705.0
10185.0,705.0
10185.0,705.0
10185.0,705.0
10185.0,705.0
10185.0,705.0
10185.0,705.0
10185.0,705.0
10185.0,705.0
10185.0,705.0
10185.0,705.0000000000001
10185.0,705.0000000000001
10185.0,705.0000000000001
10185.0,705.0
10185.0,705.0
10185.0,705.0
10185.0,705.0
10185.0,705.0
10185.0,705.0
10185.0,705.0
10185.0,705.0
10185.0,705.0
10185.0,705.0
10185.0,705.0
10185.0,705.0
10185.0,705.0
10185.0,705.0
10185.0,705.0
10185.0,705.0
10185.0,705.0
10185.0,705.0
10185.0,705.0
10185.0,705.0
10185.0,705.0
10185.0,705.0
10185.000000000007,705.0000000000001
10185.0,705.0
10185.000000000004,705.0000000000001
10185.000000000004,705.0000000000001
10185.000000000004,705.0000000000001
10185.000000000004,705.0000000000001
10185.000000000004,705.0000000000001
10184.999999999998,704.9999999999998
10185.0,705.0
10185.0,705.0
10185.0,705.0
10185.0,705.0
10185.0,705.0
10185.0,705.0
10185.0,705.0
10185.0,705.0
10185.0,705.0
10185.0,705.0
10185.0,705.0
10185.0,705.0
10185.0,705.0
10185.0,705.0
10185.0,705.0
10185.0,705.0
10185.0,705.0
10185.0,705.0
10185.0,705.0
10185.0,705.0
10185.0,705.0
10184.0,705.0
10183.0,705.0
10183.0,705.0
10183.0,705.0
10184.0,705.0
10184.0,705.0
10185.0,705.0
10184.0,705.0
10184.0,705.0
10184.0,705.0
10183.0,705.0
10183.0,705.0
10183.0,705.0
10183.0,705.0
10183.0,705.0
10183.0,705.0
10183.0,705.0
10183.0,705.0
10183.0,705.0
10183.0,705.0
10183.0,705.0
10183.0,705.0
10183.0,705.0
10183.0,705.0
10183.0,705.0
10183.0,705.0
10183.0,705.0
10183.0,705.0
10183.0,705.0
10183.0,705.0
10183.0,705.0
10183.0,705.0
10183.0,705.0
10183.0,705.0
10183.0,705.0
10183.0,705.0
10183.0,705.0
10183.0,705.0
10183.0,705.0
10183.0,705.0
10183.0,705.0
10183.0,705.0
10183.0,705.0
10183.0,705.0
10183.0,705.0
10183.0,705.0
10183.0,705.0
10183.0,705.0
10183.0,705.0
10183.0,705.0
10183.0,705.0
10183.0,705.0
10183.0,705.0
10183.0,705.0
10183.0,705.0
10183.0,705.0
10183.0,705.0
10183.0,705.0
10183.0,705.0
10183.0,705.0
10183.0,704.0
10183.0,700.0
10183.0,700.0
10183.0,697.0
10183.0,689.0
10183.0,689.0
10183.0,684.0
10183.0,671.0
10183.0,671.0
10183.0,663.0
10183.0,645.4117647058447
10183.0,645.4117647058447
10183.0,635.0
10183.0,613.4139891250452
10183.0,613.4139891250452
10183.0,601.0
10183.0,576.2211323975716
10183.0,576.2211323975716
10183.0,560.0
10183.0,536.4199620079307
10183.0,536.4199620079307
10183.0,520.0
10183.0,495.9785642452407
10183.0,495.9785642452407
10183.0,479.0
10183.0,455.5631739118908
10183.0,455.5631739118908
10183.0,439.0
10183.0,415.0056421261834
10183.0,415.0056421261834
10183.0,398.0
10183.0,374.5682936793455
10183.0,374.5682936793455
10183.0,358.0
10183.0,334.0066101494449
10183.0,334.0066101494449
10183.0,317.0
10183.0,293.5684767089406
10183.0,293.5684767089406
10183.0,277.0
10183.0,253.0066447558711
10183.0,253.0066447558711
10183.0,236.0
10183.0,212.56848325218743
10183.0,212.56848325218743
10183.0,196.0
10183.0,172.00664599306037
10183.0,172.00664599306037
10183.0,155.0
10183.0,134.67352550288342
10183.0,134.67352550288342
10183.0,115.0
10183.0,105.0
10183.0,105.0
10183.0,105.0
10183.0,105.0
10183.0,105.0
10183.0,105.0
10183.0,105.0
10183.0,105.0
10183.0,105.0
10183.0,105.0
10183.0,105.0
10183.0,105.0
10183.0,105.0
10183.0,105.0
10182.999999999996,105.00000000000001
10182.999999999996,105.00000000000001
10182.999999999996,105.00000000000001
10183.0,105.0
10183.0,105.0
10183.0,105.0
10183.0,105.0
10183.0,105.0
10183.0,105.0
10183.0,105.0
10183.0,105.0
10183.0,105.0
10183.0,105.0
10183.0,105.0
10183.0,105.0
10183.0,105.0
10183.0,105.0
10183.0,105.0
10183.0,105.0
10183.0,105.0
10183.0,105.0
10183.0,105.0
10183.0,105.0
10183.0,105.0
10183.0,105.0
10183.0,105.0
10183.0,105.0
10183.0,105.0
10183.0,105.0
10183.0,105.0
10183.0,105.0
10183.0,105.0
10183.0,105.0
10183.0,105.0
10183.0,105.0
10183.0,105.0
10183.0,105.0
10183.0,105.0
10183.0,105.0
10183.0,105.0
10183.0,105.0
10183.0,105.0
10183.0,105.0
10183.0,105.0
10183.0,105.0
10183.0,105.0
10183.0,105.0
10183.0,105.0
10183.0,105.0
10183.0,105.0
10183.0,105.0
10183.0,105.0
10183.0,105.0
10183.0,105.0
10183.0,105.0
10183.0,105.0
10183.0,105.0
10183.0,105.0
10183.0,105.0
10183.0,105.0
10183.0,105.0
10183.0,105.0
10183.0,105.0
10183.0,105.0
10183.0,105.0
10183.0,105.0
10183.0,105.0
10183.0,105.0
10183.0,105.0
10183.0,105.0
10183.0,105.0
10183.0,105.0
10183.0,105.0
10183.0,105.0
10183.0,105.0
10183.0,105.0
10183.0,105.0
10183.0,105.0
10183.0,105.0
10183.0,105.0
10183.0,105.0
10183.0,105.0
10183.0,105.0
10183.0,105.0
10183.0,105.0
10183.0,105.0
10183.0,105.0
10183.0,105.0
10183.0,105.0
10183.0,105.0
10183.0,105.0
10183.0,105.0
10183.0,105.0
10183.0,105.0
10183.0,105.0
10183.0,105.0
10183.0,105.0
10183.0,105.0
10183.0,105.0
10183.0,105.0
10183.0,105.0
10183.0,105.0
10183.0,105.0
10183.0,105.0
10183.0,105.0
10183.0,105.0
10183.0,105.0
10183.0,105.0
10183.0,105.0
10183.0,105.0
10183.0,105.0
10183.0,105.0
10183.0,105.0
10183.0,105.0
10183.0,105.0
10183.0,105.0
10183.0,105.0
10183.0,105.0
10183.0,105.0
10183.0,105.0
10183.0,105.0
10183.0,105.0
10183.0,105.0
10183.0,105.0
10183.0,105.0
10183.0,105.0
10183.0,105.0
10183.0,105.0
10183.0,105.0
10183.0,105.0
