TAS, 0
45.2812,225.006
46.012,225.006
46.012,225.006
48.8256,225.006
50.9063,225.006
50.9063,225.006
56.4187,225.006
59.8506,225.006
59.8506,225.006
68.0624,225.006
72.843,225.006
72.843,225.006
72.843,225.006
78.002,225.006
78.002,225.006
83.1925,225.006
83.1925,225.006
93.18693146043498,225.00600000000003
100.09161618479777,225.006
111.97622367623869,225.006
112.88732203968736,225.006
129.884,225.006
135.076,225.006
135.076,225.006
145.42,225.006
150.64,225.006
150.64,225.006
161.035,225.006
166.216,225.006
166.216,225.006
176.573,225.006
181.772,225.006
181.772,225.006
192.15,225.006
197.32,225.006
197.32,225.006
207.734,225.006
212.931,225.006
212.931,225.006
223.283,234.57
228.47,243.37
228.47,243.37
238.868,258.638
244.04,265.102
244.04,265.102
254.43,275.703
259.64,279.835
259.64,279.835
270.014,285.767
275.185,287.56
275.185,287.56
285.573,288.834
290.776,288.307
290.776,288.307
301.123,284.9
306.34,282.038
306.34,282.038
316.737,273.97
321.918,268.775
321.918,268.775
332.278,256.04
337.483,248.514
337.483,248.514
347.85,231.119
353.02,225.006
353.02,225.006
363.42,225.006
368.618,225.006
368.618,225.006
378.973,225.006
384.162,225.006
384.162,225.006
394.56,225.006
399.74,225.006
399.74,225.006
410.108,225.006
415.314,225.006
415.314,225.006
425.69,225.006
430.86,225.006
430.86,225.006
441.263,225.006
446.45,225.006
446.45,225.006
456.818,225.006
462.0,225.006
462.0,225.006
472.4,225.006
477.59,225.006
477.59,225.006
487.95,225.006
493.162,225.006
493.162,225.006
503.545,225.006
508.715,225.006
508.715,225.006
519.114,234.57
524.3,243.37
524.3,243.37
534.66,258.638
539.859,265.102
539.859,265.102
550.261,275.702
555.44,279.835
555.44,279.835
565.811,285.767
571.018,287.56
571.018,287.56
581.398,288.835
586.573,288.307
586.573,288.307
596.94,284.9
602.14,282.038
602.14,282.038
612.507,273.97
617.695,268.775
617.695,268.775
628.101,256.04
633.286,248.514
633.286,248.514
643.62,231.119
648.836,225.006
654.03,225.006
659.226,225.006
664.39,227.46
664.39,227.46
674.79,245.45
679.99,253.278
679.99,253.278
690.351,266.598
695.523,272.09
700.733,276.808
705.937,280.74
711.118,283.907
711.118,283.907
721.488,287.896
726.691,288.726
726.691,288.726
737.087,288.04
742.258,286.546
742.258,286.546
752.63,281.2
757.83,277.363
757.83,277.363
768.197,267.35
773.396,261.184
773.396,261.184
783.795,246.516
788.986,238.007
788.986,238.007
799.328,229.44
804.53,238.831
804.53,238.831
814.925,255.261
820.102,262.31
820.102,262.31
830.47,274.07
835.679,278.791
835.679,278.791
846.04,285.89
851.212,288.273
851.212,288.273
861.624,290.701
866.812,290.751
866.812,290.751
877.157,288.524
882.376,286.24
882.376,286.24
892.759,279.34
897.937,274.73
897.937,274.73
908.318,263.162
913.518,256.219
913.518,256.219
923.886,239.996
929.054,230.704
929.054,230.704
939.46,236.152
944.65,244.95
944.65,244.95
955.0,260.215
960.217,266.686
960.217,266.686
970.6,277.275
975.786,281.411
975.786,281.411
986.168,287.34
991.369,289.144
991.369,289.144
1001.73,290.41
1006.0,289.879
1012.12,288.568
1017.32,286.486
1022.51,283.615
1022.51,283.615
1032.85,275.551
1038.07,270.352
1038.07,270.352
1043.27,264.37
1053.4953229825383,250.70210895027003
1054.1315047410087,249.94594311394962
1063.99,232.696
1069.2,225.006
1069.2,225.006
1079.57,243.76
1084.78,251.978
1084.78,251.978
1095.16,266.075
1100.35,271.958
1100.35,271.958
1110.7,281.39
1115.88,284.94
1115.88,284.94
1126.28,289.706
1131.46,290.923
1131.46,290.923
1141.85,291.022
1147.0,289.907
1147.0,289.907
1157.47,285.343
1162.59,281.894
1162.59,281.894
1172.98,272.663
1178.18,266.882
1178.18,266.882
1188.52,252.986
1193.75,244.87
1193.75,244.87
1204.14,226.31
1209.37,225.006
1209.37,225.006
1219.68,225.006
1224.89,225.006
1224.89,225.006
1235.26,225.006
1240.45,225.006
1240.45,225.006
1250.85,225.006
1256.05,234.576
1256.05,234.576
1266.46,251.395
1271.59,258.638
1271.59,258.638
1281.98,270.79
1287.12,275.702
1292.36,279.834
1297.53,283.19
1302.72,285.767
1302.72,285.767
1313.11,288.59
1318.28,288.835
1318.28,288.835
1328.68,286.99
1333.87,284.9
1333.87,284.9
1344.27,278.395
1349.45,273.97
1349.45,273.97
1359.87,262.794
1365.0,256.04
1365.0,256.04
1375.36,240.2
1380.57,231.119
1380.57,231.119
1390.95,225.006
1396.12,225.006
1396.12,225.006
1406.52,225.006
1411.72,225.006
1411.72,225.006
1422.0,227.46
1427.26,236.84
1427.26,236.84
1437.6,253.278
1442.85,260.321
1442.85,260.321
1453.21,272.097
1458.43,281.668
1458.43,281.668
1468.8,298.481
1473.98,305.736
1473.98,305.736
1479.12,312.196
1484.3,317.884
1489.57,322.79
1494.75,326.921
1499.0,330.282
1499.0,330.282
1511.590921954575,335.682
1520.71,335.92
1520.71,335.92
1531.04,334.08
1536.25,331.996
1536.25,331.996
1546.62,325.481
1551.81,321.066
1551.81,321.066
1562.21,309.89
1567.41,303.138
1567.41,303.138
1577.77,287.298
1582.93,278.212
1582.93,278.212
1593.34,287.848
1598.53,296.45
1598.53,296.45
1608.9,311.327
1614.1,317.598
1614.1,317.598
1624.4,327.808
1629.66,331.746
1629.66,331.746
1629.66,331.746
1634.83,334.9
1634.83,334.9
1640.04,337.296
1646.3120497280877,393.7571955823005
1653.2236651710334,478.9995924663417
1662.9259339267426,445.8995924179417
1676.39,393.3833612203198
1676.39,393.3833612203198
1686.71,323.74
1691.94,318.354
1691.94,318.354
1702.33,305.236
1707.56,297.51
1707.56,297.51
1717.91,285.006
1723.11,285.006
1723.11,285.006
1733.47,285.006
1738.66,285.006
1738.66,285.006
1749.02,285.006
1754.23,285.006
1754.23,285.006
1764.57,285.006
1769.78,285.006
1769.78,285.006
1780.17,285.006
1785.38,285.006
1785.38,285.006
1795.73,285.006
1800.92,285.006
1800.92,285.006
1811.3,285.006
1816.44,285.006
1816.44,285.006
1826.88,285.006
1832.07,285.006
1832.07,285.006
1842.47,285.006
1847.67,285.006
1847.67,285.006
1858.01,285.006
1863.19,285.006
1863.19,285.006
1873.52,285.006
1878.77,285.006
1878.77,285.006
1889.14,285.006
1894.31,289.885
1894.31,289.885
1904.73,307.487
1909.0,315.114
1909.0,315.114
1920.26,328.04
1925.47,333.34
1925.47,333.34
1935.87,341.61
1941.05,344.57
1941.05,344.57
1951.43,348.176
1956.63,348.804
1956.63,348.804
1967.0,347.74
1972.12,346.04
1972.12,346.04
1982.58,340.313
1987.77,336.282
1987.77,336.282
1998.12,325.885
2003.37,319.52
2003.37,319.52
2013.7,304.45
2018.88,295.76
2018.88,295.76
2029.2,287.154
2034.4,296.736
2034.4,296.736
2044.8,313.549
2050.03,320.793
2050.03,320.793
2060.0,332.94
2065.56,337.85
2065.56,337.85
2075.9,345.34
2081.16,347.92
2081.16,347.92
2091.58,350.74
2096.73,350.985
2096.73,350.985
2107.08,349.144
2112.34,347.058
2112.34,347.058
2122.62,340.54
2127.86,336.128
2127.86,336.128
2138.26,324.95
2143.45,318.2
2143.45,318.2
2153.81,302.366
2158.99,293.27
2158.99,293.27
2169.39,278.8118781512612
2174.52,261.349
2174.52,261.349
2184.96,266.67
2190.16,275.46
2195.36,283.494
2200.54,290.733
2205.77,297.199
2210.9,302.887
2216.1,307.79
2221.3,311.93
2221.3,311.93
2231.65,317.863
2236.84,319.662
2242.0,320.682
2241.2,320.936
2252.4,320.39
2257.59,319.087
2262.78,316.999
2267.9,314.133
2273.18,310.496
2278.37,306.06
2283.56,300.87
2288.73,294.893
2293.0,288.141
2299.13,286.74
2304.3,296.324
2309.4,305.123
2314.68,313.144
2319.88,320.387
2325.08,326.85
2330.2,332.54
2335.4,337.45
2340.6,341.584
2345.83,344.93
2351.03,347.516
2356.2,349.316
2361.38,350.339
2366.58,350.584
2371.78,350.05
2376.0,348.74
2382.16,346.65
2387.33,343.781
2392.53,340.14
2397.73,335.723
2402.9,330.524
2408.17,324.54
2413.29,317.795
2418.48,310.264
2423.6,301.955
2428.82,292.868
2434.0,285.006
2439.2,285.006
2444.4,285.006
2449.6,285.006
2454.8,285.006
2460.0,285.006
2465.1,285.006
2470.3,285.006
2475.5,285.006
2480.74,285.006
2485.9,285.006
2490.9,285.006
2491.252684695866,285.006
2491.2,285.006
2491.2,285.006
2499.1,285.006
2499.3,285.006
2499.3,285.006
2498.56,285.006
2497.4,285.006
2497.4,285.006
2493.8,285.006
2492.0,285.006
2492.0,285.006
2490.3,285.006
2490.4,285.006
2490.4,285.006
2490.4,285.006
2491.03,285.006
2491.03,285.006
2492.0,285.006
2496.034660422476,285.00600000000003
2499.2066277660824,285.00600000000003
2434.5290730936686,285.0059999999999
2511.85,285.006
2511.85,285.006
2506.6238163412368,285.006
2526.11,285.006
2526.11,285.006
2536.15,285.006
2541.35,285.006
2546.5,285.006
2551.73,285.006
2556.75,285.006
2556.75,285.006
2567.11,285.006
2572.3,285.006
2572.3,285.006
2582.68,285.006
2587.85,285.006
2587.85,285.006
2598.24,285.006
2603.4,285.006
2603.4,285.006
2613.79,285.006
2619.01,285.006
2619.01,285.006
2629.4,285.006
2634.5,285.006
2634.5,285.006
2644.9,285.006
2650.15,285.006
2650.15,285.006
2660.53,299.073
2665.6,307.487
2665.6,307.487
2676.11,321.968
2681.31,328.04
2681.31,328.04
2691.66,337.86
2696.84,341.61
2696.84,341.61
2707.24,346.76
2712.43,348.176
2712.43,348.176
2722.74,348.661
2728.06,347.74
2728.06,347.74
2738.37,343.56
2743.5,340.31
2743.5,340.31
2753.9,331.473
2759.13,325.885
2759.13,325.885
2769.4,312.377
2774.6,304.45
2774.6,304.45
2774.6,304.45
2779.89,295.76
2779.89,295.76
2785.08,286.285
2791.28116107323,299.13672618731334
2798.0983395869403,306.27128730775394
2807.6680412929522,316.2865189154668
2821.39,326.07306902441815
2821.39,326.07306902441815
2831.78,344.124
2836.98,347.09
2836.98,347.09
2847.3,350.691
2852.52,351.325
2852.52,351.325
2862.93,350.259
2868.11,348.564
2868.11,348.564
2878.45,342.82
2883.69,338.79
2883.69,338.79
2894.0,328.404
2899.2,322.034
2899.2,322.034
2909.6,306.97
2914.83,298.277
2914.83,298.277
2925.18,289.885
2930.38,299.073
2930.38,299.073
2940.7,315.114
2945.9,321.968
2951.14,328.04
2956.3,333.34
2961.52,337.86
2961.52,337.86
2971.9,344.57
2977.01,346.76
2977.01,346.76
2987.4,348.804
2992.6,348.661
2992.6,348.661
3003.03,346.04
3008.2,343.567
3008.2,343.567
3018.61,336.282
3023.75,331.473
3023.75,331.473
3034.16,319.52
3039.31,312.377
3039.31,312.377
3049.7,295.766
3054.9,286.285
3054.9,286.285
3065.36,301.587
3070.5,309.99
3070.5,309.99
3080.87,324.48
3086.06,330.56
3086.06,330.56
3096.4,340.387
3101.65,344.124
3101.65,344.124
3112.0,349.286
3117.21,350.69
3117.21,350.69
3127.55,351.181
3132.77,350.259
3132.77,350.259
3143.17,346.08
3148.37,342.82
3148.37,342.82
3158.73,333.987
3163.9,328.404
3163.9,328.404
3174.31,314.893
3179.5,306.973
3179.5,306.973
3189.84,288.804
3195.05,285.006
3195.05,285.006
3205.4,285.006
3210.62,285.006
3210.62,285.006
3221.0,285.006
3226.26,285.006
3226.26,285.006
3236.56,285.006
3241.73,285.006
3241.73,285.006
3252.16,285.006
3257.33,285.006
3257.33,285.006
3267.68,285.006
3272.89,285.006
3272.89,285.006
3283.28,285.006
3288.46,285.006
3288.46,285.006
3298.84,285.006
3304.0,285.006
3304.0,285.006
3314.4,284.85
3319.58,283.979
3319.58,283.979
3329.0,286.094
3335.18,295.281
3335.18,295.281
3345.52,311.323
3350.76,318.172
3350.76,318.172
3361.13,329.553
3366.31,334.07
3366.31,334.07
3376.64,340.784
3381.89,342.97
3381.89,342.97
3392.2,345.019
3396.87,344.87
3396.87,344.87
3403.3,342.25
3405.3,339.777
3405.3,339.777
3407.4,332.49
3407.5,335.885
3407.5,335.885
3406.15,353.487
3404.8,361.114
3404.8,361.114
3400.7,374.04
3398.06,379.34
3398.06,379.34
3391.31,387.61
3387.26,390.57
3387.26,390.57
3377.81,394.176
3372.6,398.115
3372.6,398.115
3362.26,412.217
3357.06,419.219
3357.06,419.219
3346.6,431.181
3341.44,435.995
3341.44,435.995
3331.11,443.9
3326.03,445.77
3326.03,445.77
3318.4,448.4
3315.85,448.55
3315.85,448.55
3312.87,446.52
3312.37,455.987
3312.37,455.987
3313.02,473.96
3313.02,473.96
3314.08,481.794
3317.52,495.114
3319.91,500.6
3319.91,500.6
3326.02,509.267
3329.74,512.423
3329.74,512.423
3338.62,516.411
3343.7,517.239
3343.7,517.239
3354.0,526.866
3359.29,535.66
3359.29,535.66
3369.64,550.928
3374.83,557.396
3374.83,557.396
3385.24,567.993
3390.41,572.128
3390.41,572.128
3400.7,578.058
3405.9,579.858
3405.9,579.858
3416.39,581.125
3421.5,580.592
3421.5,580.592
3431.94,577.194
3437.15,574.328
3437.15,574.328
3447.5,566.264
3452.6,561.066
3452.6,561.066
3463.0,548.336
3468.2,540.804
3468.2,540.804
3478.63,525.0
3483.82,525.0
3483.82,525.0
3494.2,525.0
3499.4,525.0
3499.4,525.0
3509.7,525.0
3514.97,525.0
3514.97,525.0
3525.36,525.006
3530.51,525.006
3530.51,525.006
3540.9,525.0
3546.12,525.006
3546.12,525.006
3556.4,525.006
3561.66,525.006
3561.66,525.006
3572.06,525.0
3577.24,525.006
3577.24,525.006
3587.63,525.0
3592.83,525.006
3592.83,525.006
3603.26,525.006
3608.37,525.006
3608.37,525.006
3618.77,525.006
3623.0,525.006
3623.0,525.006
3634.3,525.006
3639.52,525.006
3639.52,525.006
3649.9,525.006
3655.11,525.006
3655.11,525.006
3665.4,525.006
3670.6,525.006
3670.6,525.006
3681.05,525.006
3686.27,525.006
3686.27,525.006
3696.67,525.006
3701.81,525.006
3701.81,525.006
3712.16,525.006
3717.35,525.006
3717.35,525.006
3727.78,525.006
3732.9,525.006
3732.9,525.006
3743.3,525.006
3748.56,525.006
3748.56,525.006
3758.88,525.006
3764.0,525.006
3764.0,525.006
3769.24,525.006
3774.4,525.006
3779.6,525.006
3790.06,525.006
3795.18,525.006
3795.18,525.006
3805.6,525.006
3810.78,525.006
3810.78,525.006
3821.14,525.006
3826.38,525.006
3826.38,525.006
3836.73,525.006
3841.96,525.006
3841.96,525.006
3852.36,525.006
3857.5,525.006
3857.5,525.006
3867.86,525.006
3873.04,525.006
3873.04,525.006
3883.45,524.95
3888.62,529.59
3888.62,529.59
3899.0,547.196
68602.97586265206,554.823
3909.4,561.676
3914.59,567.753
14372.344811942428,573.053
14372.344811942428,573.053
6511.854523913353,581.318
5936.199766223552,580.8924832635981
5936.199766223552,580.8924832635981
5072.71762968885,584.156213389121
3950.88,588.518
3950.88,588.518
3961.29,587.453
3966.4,585.752
3966.4,585.752
3976.87,580.023
3982.03,575.996
3982.03,575.996
3992.4,565.593
3997.58,559.228
3997.58,559.228
4007.9,544.164
4013.18,535.46
4013.18,535.46
4023.5,527.796
4028.7,537.177
4028.7,537.177
4039.13,553.603
10133.954999999143,560.65
10133.954999999143,560.65
4054.6,572.416
72231.7258333303,577.131
72231.7258333303,577.131
16385.964625348803,584.43
4075.4,396.9751666666416
4075.4,396.9751666666416
4085.83,538.9952457084237
4091.03,548.3420330514946
4091.03,548.3420330514946
4100.392428900844,562.3622140661
4106.591122213681,584.584
4106.591122213681,584.584
4116.99,577.686
4122.18,573.07
4122.18,573.07
4132.52,561.508
4137.73,554.564
4137.73,554.564
4148.11,538.331
4153.29,529.056
4153.29,529.056
4163.63,525.006
4168.87,525.006
4168.87,525.006
4179.23,525.006
4184.4,525.006
4184.4,525.006
4184.4,525.006
4195.5656379944285,525.006
4200.0,525.006
4210.34,525.006
4215.56,525.006
4215.56,525.006
4225.9,525.006
4231.13,525.006
4231.13,525.006
4241.51,525.006
4246.7,525.006
4246.7,525.006
4257.0,525.006
4262.2,525.006
4262.2,525.006
4272.6,525.006
4277.85,525.006
4277.85,525.006
4283.0,525.006
4288.19,525.006
4293.4,525.006
4303.84,541.241
4308.9,549.46
4308.9,549.46
4319.36,563.566
4324.5,569.44
4324.5,569.44
4334.9,578.876
4340.0,582.42
4340.0,582.42
4350.5,587.19
4355.7,588.407
4355.7,588.407
4366.0,588.908
4371.26,582.393
4371.26,582.393
4381.65,582.823
4386.83,576.1014065090671
4386.83,576.1014065090671
4397.18,570.148
4402.3,564.36
4403.777157615052,560.0620046596141
4412.7,550.47
4417.9,542.35
4417.9,542.35
4428.3,525.0
4433.5,525.006
4433.5,525.006
4443.8,525.006
4449.0,525.0
4449.0,525.0
4459.4,525.0
4464.6,525.0
4464.6,525.0
4475.0,525.006
4480.2,525.006
4480.2,525.006
4490.6,525.0
4495.7,525.006
4495.7,525.006
4506.18,525.002
4511.32,525.006
4511.32,525.006
4521.73,529.885
4526.9,539.073
4526.9,539.073
4537.3,555.114
4542.5,561.968
4542.5,561.968
4552.87,573.34
4558.07,577.865
4558.07,577.865
4568.4,584.576
4573.6,586.762
4573.6,586.762
4584.0,588.809
4589.0,588.666
4589.0,588.666
4599.5,586.04
4604.7,583.568
4604.7,583.568
4615.12,576.282
4620.3,571.47
4620.3,571.47
4630.7,559.52
4635.9,552.377
4635.9,552.377
4646.3,535.766
4651.4,526.285
4656.6,525.0
4661.87,525.0
4667.0,525.0
4667.0,525.0
4677.4,525.0
4682.6,525.0
4682.6,525.0
4693.0,525.0
4698.19,525.0
4698.19,525.0
4708.5,525.0
4713.76,525.0
4713.76,525.0
4724.1,525.0
4729.3,525.0
4734.5,525.0
4739.7,525.0
4744.9,525.0
4744.9,525.0
4750.0,525.0
4755.2,525.0
4760.4,525.0
4770.84,525.0
4776.0,525.0
4776.0,525.0
4786.4,525.0
4791.61,525.0
4791.61,525.0
4801.99,525.0
4807.16,525.0
4812.35,525.0
4817.5,525.0
4822.76,525.0
4822.76,525.0
4833.12,525.0
4838.3,525.0
4838.3,525.0
4848.7,525.0
4853.8,525.0
4853.8,525.0
4864.2,525.0
4869.4,525.0
4869.4,525.0
4879.87,525.0
4885.06,525.0
4890.19,525.0
4895.4,525.0
4900.6,525.0
4900.6,525.0
4910.96,525.0
4916.12,525.0
4916.12,525.0
4926.51,525.006
4931.74,525.006
4931.74,525.006
4942.0,525.006
4947.2,525.0
4947.2,525.0
4957.6,525.0
4962.8,529.885
4962.8,529.885
4973.2,547.48
4978.4,555.114
4978.4,555.114
4978.4,555.114
4983.67,561.968
4983.67,561.968
4988.7,568.04
4994.585895981083,572.1218590612243
5001.442143283267,576.7117822672426
5011.0666883018,582.6945128990742
5019.244761529277,588.809
5019.244761529277,588.809
5035.5,587.74
5040.6,586.04
5040.6,586.04
5051.09,580.314
5056.29,576.282
5056.29,576.282
5066.64,565.885
5071.87,559.26
5071.87,559.26
5082.23,544.45
5087.45,535.766
5087.45,535.766
5097.76,525.0
5102.97,525.006
5102.97,525.006
5113.3,525.006
5118.54,525.0
5118.54,525.0
5128.97,525.0
5134.12,525.008
5134.12,525.008
5139.36,525.001
5144.4,525.006
5149.62,525.002
5154.86,525.002
5160.06,525.006
5160.06,525.006
5171.884144828971,525.006
5180.81,525.006
5180.81,525.006
5191.2,525.0
5196.38,525.006
5196.38,525.006
5206.76,525.006
5211.96,525.006
5211.96,525.006
5222.33,525.006
5227.56,525.006
5227.56,525.006
5237.9,524.27
5243.16,522.812
5243.16,522.812
5253.4,517.566
5258.66,513.773
5258.66,513.773
5267.2,518.984
5271.61,520.303
5271.61,520.303
5280.33,522.96
5284.73,524.319
5289.14,525.686
5293.54,527.056
5297.9,528.431
5297.9,528.431
5306.0,531.22
5311.41,532.624
5311.41,532.624
5320.4,535.473
5324.9,536.908
5329.58,538.351
5334.16,539.803
5338.76,541.262
5338.76,541.262
5348.04,544.0
5352.72,545.683
5352.72,545.683
5362.46,546.68
5367.62,545.42
5367.62,545.42
5378.03,552.955
5383.2,561.753
5383.2,561.753
5393.57,577.017
5398.78,583.483
5398.78,583.483
5409.18,594.087
5414.36,598.214
5414.36,598.214
5424.7,604.14
5429.0,605.94
5429.0,605.94
5440.3,607.214
5445.4,606.68
5445.4,606.68
5455.89,603.283
5461.08,600.417
5461.08,600.417
5471.43,592.353
5476.6,587.158
5476.6,587.158
5487.04,584.216
5492.2,582.64
5492.2,582.64
5502.48,579.504
5507.66,577.937
5507.66,577.937
5517.75,574.803
5522.78,573.239
5522.78,573.239
5532.87,570.112
5537.81,568.566
5537.81,568.566
5547.6,565.45
5552.67,563.906
5552.67,563.906
5562.47,560.827
5567.28,559.284
5567.28,559.284
5576.0,556.224
5581.75,554.703
5581.75,554.703
5589.77,551.674
5589.77,551.674
5589.77,551.674
5589.77,551.674
5591.171097108204,551.1818369859079
5592.196894650597,550.8120098695981
5594.2,548.326
5594.14,553.035
5594.14,553.035
5594.13,556.176
5594.16,557.741
5594.16,557.741
5594.2,560.88
5594.3,562.45
5594.3,562.45
5594.76,565.587
5595.53,567.151
5595.53,567.151
5598.45,570.27
5600.64,571.828
5600.64,571.828
5606.4,574.933
5610.01,576.48
5610.01,576.48
5618.6,579.562
5623.66,581.098
5623.66,581.098
5634.6,584.158
5640.2,585.677
5640.2,585.677
5651.46,588.702
5657.06,590.2
5657.06,590.2
5668.34,593.198
5674.0,594.68
5674.0,594.68
5685.55,597.635
5691.31,599.09
5691.31,599.09
5702.86,602.005
5708.51,602.587
5708.51,602.587
5718.91,620.956
5724.1,628.976
5724.1,628.976
5734.4,642.68
5739.67,648.373
5744.8,653.284
5750.04,657.416
5755.27,660.77
5760.4,663.34
5765.61,665.149
5770.81,666.172
5770.81,666.172
5781.1,665.884
5786.36,664.572
5786.36,664.572
5796.76,659.626
5801.96,655.976
5801.96,655.976
5807.17,651.556
5807.17,651.556
5812.97,648.5
5812.97,648.5
5825.4213491449555,646.993826680922
5825.4213491449555,646.993826680922
5831.780910683051,645.48
5844.523943182483,641.23
5846.716858405942,637.888
5846.716858405942,637.888
5846.716858405942,637.888
5846.716858405942,637.888
5880.38,635.588
5886.61,634.41
5892.87,633.233
5892.87,633.233
5905.27,630.824
5905.27,630.824
5917.06,629.007
5922.24,627.937
5927.4,626.084
5932.64,623.46
5937.84,620.054
5937.84,620.054
5948.2,610.922
5953.36,605.187
5958.5,598.675
5963.77,591.385
5968.9,583.317
5968.9,583.317
5979.33,564.84
5985.65,561.884
5985.65,561.884
5999.0,560.876
6005.68,560.4
6005.68,560.4
6019.07,559.508
6025.78,559.09
6025.78,559.09
6039.19,558.318
6045.9,557.967
6045.9,557.967
6059.3,557.308
6066.0,557.011
6072.84,556.735
6079.56,556.47
6086.37,556.24
6086.37,556.24
6099.87,555.832
6106.5,555.659
6106.5,555.659
6117.31,553.904
6122.52,551.868
6122.52,551.868
6132.89,570.245
6138.06,578.263
6138.06,578.263
6148.47,591.977
6153.66,597.666
6153.66,597.666
6164.06,606.703
6169.27,610.058
6169.27,610.058
6179.61,614.43
6184.79,615.458
6184.79,615.458
6195.17,615.17
6200.3,613.866
6200.3,613.866
6210.72,608.905
6215.9,605.263
6215.9,605.263
6226.33,595.64
6230.5,607.568
6230.5,607.568
6237.4,624.77
6239.52,632.214
6239.52,632.214
6241.63,644.75
6241.68,649.86
6241.68,649.86
6240.3,657.738
6239.05,660.51
6239.05,660.51
6237.4,663.72
6237.6,664.166
6237.6,664.166
6239.31,662.704
6240.85,660.812
6240.85,660.812
6245.0,676.907
6248.12,685.311
6248.12,685.311
6254.9,699.79
6258.93,705.876
6258.93,705.876
6268.17,715.694
6273.34,719.439
6273.34,719.439
6283.73,724.594
6288.96,726.005
6288.96,726.005
6299.3,726.49
6304.4,725.57
6304.4,725.57
6314.85,721.39
6320.0,718.141
6320.0,718.141
6330.4,709.3
6335.63,705.006
6335.63,705.006
6345.9,723.763
6351.19,731.978
6351.19,731.978
6361.57,746.07
6366.7,751.958
6366.7,751.958
6377.16,761.39
6382.34,764.94
6382.34,764.94
6392.65,769.706
6397.8,770.92
6403.0,771.362
6408.2,771.024
6413.4,769.908
6413.4,769.908
6423.85,765.34
6429.0,761.894
6429.0,761.894
6439.4,752.664
6444.6,746.883
6444.6,746.883
6455.0,732.986
6460.19,724.873
6465.3,715.979
6470.5,706.31
6475.7,705.006
6475.7,705.006
6486.0,705.006
6491.36,705.006
6491.36,705.006
6491.36,705.006
6502.498322327432,705.0060000000001
6506.88,705.006
6517.6,705.006
6522.4,705.006
6527.66,705.006
6532.87,705.006
6538.07,705.006
6538.07,705.006
6548.3,705.006
6553.57,705.006
6558.78,705.006
6563.9,705.006
6569.16,705.006
6569.16,705.006
6579.56,705.006
6584.7,705.006
6584.7,705.006
6595.1,705.006
6600.2,705.006
6600.2,705.006
6610.61,705.006
6615.87,705.006
6615.87,705.006
6626.2,705.006
6631.46,705.006
6631.46,705.006
6641.87,705.006
6647.0,705.006
6647.0,705.006
6657.31,705.006
6662.58,705.006
6662.58,705.006
6672.92,705.006
6678.12,705.006
6678.12,705.006
6688.51,705.006
6693.0,705.006
6693.0,705.006
6704.0,705.006
6709.2,705.006
6714.45,705.006
6719.62,705.006
6724.8,705.006
6724.8,705.006
6735.19,705.006
6740.4,705.006
6740.4,705.006
6750.75,705.006
6755.9,705.006
6755.9,705.006
6766.3,705.006
6771.52,705.006
6776.74,705.006
6781.91,705.006
6787.08,705.006
6787.08,705.006
6797.4,705.006
6802.68,705.006
6802.68,705.006
6813.03,705.006
6818.24,705.006
6818.24,705.006
6828.62,705.006
6833.81,705.006
6833.81,705.006
6833.81,705.006
6844.938150961104,705.0060000000001
6849.3,705.006
6859.74,705.006
6864.91,705.006
6870.16,705.006
6875.34,705.006
6880.52,705.006
6880.52,705.006
6890.88,705.006
6896.05,705.006
6896.05,705.006
6906.4,705.006
6911.66,705.006
6911.66,705.006
6922.05,705.006
6927.24,705.006
6927.24,705.006
6937.63,705.006
6942.7,705.006
6942.7,705.006
6953.17,705.006
6958.36,705.006
6958.36,705.006
6968.7,705.006
6973.95,705.006
6973.95,705.006
6984.33,705.006
6989.56,705.006
6989.56,705.006
6999.86,705.006
7005.03,705.006
7005.03,705.006
7005.03,705.006
7015.265252078422,705.0059999999999
7020.120786410416,705.006
7025.87,705.006
7036.27,705.006
7036.27,705.006
7046.5,705.006
7051.76,705.006
7051.76,705.006
7062.15,705.006
7067.34,705.006
7067.34,705.006
7067.34,705.006
7081.879177877427,705.006
7081.879177877427,705.006
7093.36,705.006
7098.4,705.006
7098.4,705.006
7098.4,705.006
7098.4,705.006
7114.519450215934,705.0059999999997
7103.66,705.006
7124.782587458238,705.006
7129.62,705.006
7140.02,705.006
7145.26,705.006
7145.26,705.006
7145.26,705.006
7156.853908308465,705.006
7161.837786240338,705.006
7171.16,705.006
7176.31,705.006
7176.31,705.006
7186.71,705.006
7191.9,705.006
7191.9,705.006
7202.26,705.006
7207.45,705.006
7207.45,705.006
7217.85,705.006
7223.03,705.006
7223.03,705.006
7233.35,705.006
7238.66,705.006
7238.66,705.006
7248.98,705.006
7254.15,705.006
7254.15,705.006
7264.5,705.006
7269.74,705.006
7269.74,705.006
7280.1,705.006
7285.29,705.006
7285.29,705.006
7295.64,705.006
7300.87,705.008
7300.87,705.008
7311.24,705.006
7316.45,705.0
7316.45,705.0
7326.83,629.4949829764373
7332.0,705.0
7337.19,705.006
7342.4,691.1941596891502
7347.5,705.005
7347.5,705.005
7357.9,705.006
7363.16,705.006
7363.16,705.006
7373.56,705.006
7378.73,705.006
7383.95,705.006
7389.0,705.006
7394.35,705.006
7394.35,705.006
7404.6,705.006
7409.83,705.006
7409.83,705.006
7420.21,705.006
7425.4,705.006
7425.4,705.006
7435.78,705.006
7440.9,705.006
7440.9,705.006
7451.38,705.006
7456.51,705.006
7456.51,705.006
7456.51,705.006
7467.6973990353545,705.006
7472.12,705.006
7482.5,705.006
7487.63,705.006
7487.63,705.006
7498.02,705.006
7503.28,705.006
7503.28,705.006
7513.64,705.006
7518.8,705.006
7518.8,705.006
7529.2,705.006
7534.4,705.006
7534.4,705.006
7544.7,705.006
7549.9,705.006
7549.9,705.006
7560.36,705.006
7565.54,705.006
7565.54,705.006
7575.9,705.006
7581.11,705.006
7581.11,705.006
7591.48,705.006
7596.61,705.006
7596.61,705.006
7607.08,705.006
7612.27,705.006
7612.27,705.006
7622.61,705.006
7627.87,705.006
7627.87,705.006
7638.2,705.006
7643.35,705.006
7648.52,705.006
7653.76,705.006
7658.96,705.006
7658.96,705.006
7669.33,705.006
7674.4,705.006
7674.4,705.006
7684.9,705.006
7690.05,705.006
7690.05,705.006
7700.4,705.006
7705.6,705.006
7710.85,705.006
7716.08,705.006
7721.27,705.006
7721.27,705.006
7731.6,705.006
7736.8,705.006
7736.8,705.006
7736.8,705.006
7747.942187406424,705.0059999999996
7752.33,705.006
7762.75,705.006
7767.94,705.006
7773.12,705.006
7778.28,705.006
7783.56,705.006
7783.56,705.006
7793.89,705.006
7799.0,705.006
7799.0,705.006
7809.4,705.006
7814.65,705.006
7814.65,705.006
7825.0,705.006
7830.18,705.006
7830.18,705.006
7840.6,705.006
7845.7,705.006
7845.7,705.006
7856.14,705.006
7861.38,705.006
7866.52,705.006
7871.74,705.006
7876.0,705.006
7876.0,705.006
7887.28,705.006
7892.48,705.006
7892.48,705.006
7902.85,705.006
7908.03,705.006
7908.03,705.006
7918.44,705.006
7923.62,705.006
7923.62,705.006
7933.98,705.006
7939.17,705.006
7939.17,705.006
7939.17,705.006
7944.3,705.006
7944.3,705.006
7949.5,705.006
7955.322554964996,705.0060000000001
7962.18793088916,705.0060000000001
7971.825290327781,705.0060000000004
7980.014252097595,705.006
7980.014252097595,705.006
7996.2,705.006
8001.46,705.006
8001.46,705.006
8001.46,705.006
8001.46,705.006
8001.46,705.006
8006.6,705.006
8006.6,705.006
8011.81,705.006
8011.81,705.006
8017.03,705.006
8021.407091077466,705.0059999999997
8026.7078752968155,705.0059999999997
8037.309443735516,705.0059999999997
8042.610227954867,705.0059999999997
8052.25744593681,705.006
8062.537962412362,705.006
8069.25240331778,705.006
8077.958737125691,705.006
8094.8,705.006
8094.8,705.006
8105.26,705.006
8110.4,705.006
8115.62,705.006
8120.81,705.006
8126.01,705.006
8126.01,705.006
8136.39,705.006
8141.56,705.006
8141.56,705.006
8151.96,705.006
8157.15,705.006
8157.15,705.006
8167.51,705.006
8172.7,705.006
8177.9,705.006
8182.69,708.506
8186.2,708.506
8186.2,708.506
8189.46,708.506
8189.97,708.506
8189.97,708.506
8190.16,708.506
8190.18,708.506
8190.18,708.506
8190.18,708.506
8190.18,708.506
8190.18,708.506
8190.18,708.506
8190.18,708.506
8190.18,708.506
8190.18,708.506
8190.18,708.506
8190.18,708.506
8190.18,708.506
8190.18,708.506
8190.18,708.506
8190.18,708.506
8190.18,708.506
8190.18,708.506
8190.18,708.506
8190.18,708.506
8190.18,708.506
8190.18,708.506
8190.18,708.506
8190.18,708.506
8190.18,708.506
8190.18,708.506
8190.18,708.506
8190.18,708.506
8190.18,708.506
8190.18,708.506
8190.18,708.506
8190.18,708.506
8190.18,708.506
8190.18,708.506
8190.18,708.506
8190.18,708.506
8190.18,708.506
8190.180000000005,708.5060000000001
8190.18,708.506
8190.18,708.506
8190.18,708.506
8190.18,708.506
8190.18,708.506
8190.18,708.506
8190.18,708.506
8190.18,708.506
8190.18,708.506
8190.18,708.506
8190.18,708.506
8190.18,708.506
8190.18,708.506
8190.18,708.506
8190.18,708.49
8190.18,708.49
8190.18,708.493
8190.18,708.488
8190.18,708.488
8190.18,708.473
8190.18,708.46
8190.18,708.46
8190.18,708.43
8190.18,708.42
8190.18,708.42
8190.18,708.386
8190.18,708.36
8190.18,708.36
8190.18,708.318
8190.18,708.29
8190.18,708.29
8190.18,708.266
8190.18,708.266
8190.18,708.237
8190.180000000003,708.1710468069159
8190.180000000003,708.1356850403257
8190.180000000003,708.1356850403257
8190.179999999998,708.0645723051605
8190.18,707.989
8190.18,707.989
8190.18,707.903
8190.18,707.858
8190.18,707.858
8190.18,707.858
8190.180000000001,707.7564616394077
8190.180000000001,707.7132557861627
8190.18,707.65
8190.18,707.55
8190.18,707.55
8190.18,707.43
8190.18,707.37
8190.18,707.37
8190.18,707.37
8190.180000000003,707.2323308143439
8190.18,707.183
8190.18,707.04
8190.18,706.97
8190.18,706.9
8190.18,706.83
8190.18,706.75
8190.18,706.75
8190.18,706.59
8190.18,706.519
8190.18,706.43
8190.18,706.353
8190.18,706.265
8190.18,706.265
8190.18,706.09
8190.18,706.003
8190.18,706.003
8190.18,705.816
8190.18,705.726
8190.18,705.726
8190.18,705.524
8190.18,705.42
8190.18,705.42
8190.18,705.327
8190.18,705.23
8190.18,705.136
8190.18,705.006
8190.18,705.006
8190.18,705.006
8190.18,705.006
8190.18,705.006
8190.18,705.006
8190.18,705.006
8190.18,705.006
8190.18,705.006
8190.18,705.006
8190.18,705.006
8190.18,705.006
8190.18,705.006
8190.18,705.006
8190.18,705.006
8190.18,705.006
8190.18,705.006
8190.18,705.006
8190.18,705.006
8190.18,705.006
8190.18,705.006
8190.18,705.006
8190.18,705.006
8190.18,705.006
8190.18,705.006
8190.18,705.006
8190.18,705.006
8190.18,705.006
8190.18,705.006
8190.18,705.006
8190.18,705.006
8190.18,705.006
8190.18,705.006
8190.18,705.006
8190.180000000002,705.0059999999999
8190.18,705.006
8190.18,705.006
8190.18,705.006
8190.18,705.006
8190.18,705.006
8190.18,705.006
8190.18,705.006
8190.18,705.006
8190.18,705.006
8190.18,705.006
8190.18,705.006
8190.18,705.006
8190.18,705.006
8190.18,705.006
8190.18,705.006
8190.18,705.006
8190.18,705.006
8190.18,705.006
8190.18,705.006
8190.18,705.006
8190.18,705.006
8190.18,705.006
8190.18,705.006
8190.18,705.006
8190.18,705.006
8190.18,705.006
8190.18,705.006
8190.18,705.006
8190.18,705.006
8190.18,705.006
8190.18,705.006
8190.18,705.006
8190.18,705.006
8190.18,705.006
8190.18,705.006
8190.18,705.006
8190.18,705.006
8190.18,705.006
8190.18,705.006
8190.18,705.006
8190.18,705.006
8190.18,705.006
8190.18,705.006
8190.18,705.006
8190.18,705.006
8190.18,705.006
8190.18,705.006
8190.18,705.006
8190.18,705.006
8190.18,705.006
8190.18,705.006
8190.18,705.006
8190.18,705.006
8190.18,705.006
8190.18,705.006
8190.18,705.006
8190.18,705.006
8190.18,705.006
8190.18,705.006
8190.18,705.006
8190.18,705.006
8190.18,705.006
8190.18,705.006
8190.18,705.006
8190.18,705.006
8190.18,705.006
8190.18,705.006
8190.18,705.006
8190.18,705.006
8190.18,705.006
8190.18,705.006
8190.18,705.006
8190.18,705.006
8190.18,705.006
8190.18,705.006
8190.18,705.006
8190.18,705.006
8190.18,705.006
8190.18,705.006
8190.18,705.006
8190.18,705.006
8190.18,705.006
8190.18,705.006
8190.18,705.006
8190.18,705.006
8190.18,705.006
8190.18,705.006
8190.18,705.006
8190.18,705.006
8190.18,705.006
8190.18,705.006
8190.18,705.006
8190.18,705.006
8190.18,705.006
8190.18,705.006
8190.18,705.006
8190.18,705.006
8190.18,705.006
8190.18,705.006
8190.18,705.006
8190.18,705.006
8190.18,705.006
8190.18,705.006
8190.18,705.006
8190.18,705.006
8190.18,705.006
8190.18,705.006
8190.18,705.006
8190.18,705.006
8190.18,705.006
8190.18,705.006
8190.18,705.006
8190.18,705.006
8190.18,705.006
8190.18,705.006
8190.18,705.006
8190.18,705.006
8190.18,705.006
8190.18,705.006
8190.18,705.006
8190.18,705.006
8190.18,705.006
8190.18,705.006
8190.18,705.006
8190.18,705.006
8190.18,705.0060000000001
8190.18,705.006
8190.18,705.006
8190.18,705.006
8190.18,705.006
8190.18,705.006
8190.18,705.006
8190.18,705.006
8190.18,705.006
8190.18,705.006
8190.18,705.006
8190.18,705.006
8190.18,705.006
8190.18,705.006
8190.18,705.006
8190.18,705.006
8190.18,705.006
8190.18,705.006
8190.18,705.006
8190.18,705.006
8190.18,705.006
8190.18,705.006
8190.18,705.006
8190.18,705.006
8190.18,705.006
8190.18,705.006
8190.18,705.006
8190.18,705.006
8190.18,705.006
8190.18,705.006
8190.18,705.006
8190.18,705.006
8190.18,705.006
8190.18,705.006
8190.18,705.006
8190.18,705.006
8190.18,705.006
8190.18,705.006
8190.18,705.006
8190.18,705.006
8190.18,705.006
8190.18,705.006
8190.18,705.006
8190.18,705.006
8190.18,705.006
8190.18,705.006
8190.18,705.006
8190.18,705.006
8190.18,705.006
8190.18,705.006
8190.18,705.006
8190.18,705.006
8190.18,705.006
8190.18,705.006
8190.18,705.006
8190.18,705.006
8190.18,705.006
8190.18,705.006
8190.18,705.006
8190.18,705.006
8190.18,705.0060000000002
8190.18,705.006
8190.18,705.006
8190.18,705.006
8190.18,705.006
8190.18,705.006
8190.18,705.006
8190.18,705.006
8190.18,705.006
8190.18,705.006
8190.18,705.006
8190.18,705.006
8190.18,705.006
8190.18,705.006
8190.18,705.006
8190.18,705.006
8190.18,705.006
8190.18,705.006
8190.18,705.006
8190.18,705.006
8190.18,705.006
8190.180000000002,705.0060000000001
8190.180000000002,705.0060000000001
8190.18,705.006
8190.18,705.006
8190.18,705.006
8190.18,705.006
8190.18,705.006
8190.18,705.006
8190.18,705.006
8190.18,705.006
8190.18,705.006
8190.18,705.006
8190.18,705.006
8190.18,705.006
8190.18,705.006
8190.18,705.006
8190.18,705.006
8190.18,705.006
8190.18,705.006
8190.18,705.006
8190.18,705.006
8190.18,705.006
8190.18,705.006
8190.18,705.006
8190.18,705.006
8190.18,705.006
8190.18,705.006
8190.18,705.006
8190.18,705.006
8190.18,705.006
8190.18,705.006
8190.18,705.006
8190.18,705.006
8190.179999999998,705.0059999999999
8190.18,705.006
8190.18,705.006
8190.18,705.006
8190.18,705.006
8190.18,705.006
8190.18,705.006
8190.18,705.006
8190.18,705.006
8190.18,705.006
8190.1799999999985,705.0059999999997
8190.1799999999985,705.0059999999997
8190.180000000003,705.006
8190.18,705.006
8190.18,705.006
8190.18,705.006
8190.18,705.006
8190.18,705.006
8190.18,705.006
8190.18,705.006
8190.18,705.006
8190.18,705.006
8190.18,705.006
8190.18,705.006
8190.18,705.006
8190.18,705.006
8190.18,705.006
8190.18,705.006
8190.18,705.006
8190.18,705.006
8190.18,705.006
8190.18,705.006
8190.18,705.006
8190.18,705.006
8190.18,705.006
8190.18,705.006
8190.18,705.006
8190.18,705.006
8190.18,705.006
8190.18,705.006
8190.18,705.006
8190.18,705.006
8190.18,705.006
8190.18,705.006
8190.18,705.006
8190.18,705.006
8190.18,705.006
8190.18,705.006
8190.18,705.006
8190.18,705.006
8190.18,705.006
8190.18,705.006
8190.18,705.006
8190.18,705.006
8190.18,705.006
8190.18,705.006
8190.18,705.006
8190.18,705.006
8190.18,705.006
8190.18,705.006
8190.18,705.006
8190.18,705.006
8190.18,705.006
8190.18,705.006
8190.18,705.006
8190.18,705.006
8190.180000000002,705.0060000000001
8190.18,705.006
8190.18,705.006
8190.18,705.006
8190.18,705.006
8190.18,705.006
8190.18,705.006
8190.18,705.006
8190.18,705.006
8190.18,705.006
8190.18,705.006
8190.18,705.006
8190.18,705.006
8190.18,705.006
8190.18,705.006
8190.18,705.006
8190.18,705.006
8190.18,705.006
8190.18,705.006
8190.18,705.006
8190.18,705.006
8190.18,705.006
8190.18,705.006
8190.18,705.006
8190.18,705.006
8190.18,705.006
8190.18,705.006
8190.18,705.006
8190.18,705.006
8190.18,705.006
8190.18,705.006
8190.18,705.006
8190.18,705.006
8190.18,705.006
8190.18,705.006
8190.18,705.006
8190.18,705.006
8190.18,705.006
8190.18,705.006
8190.18,705.006
8190.18,705.006
8190.18,705.006
8190.18,705.006
8190.18,705.006
8190.18,705.006
8190.18,705.006
8190.18,705.006
8190.18,705.006
8190.18,705.006
8190.18,705.006
8190.18,705.006
8190.18,705.006
8190.18,705.006
8190.18,705.006
8190.1799999999985,705.006
8190.18,705.006
8190.18,705.006
8190.18,705.006
8190.18,705.006
8190.18,705.006
8190.18,705.006
8190.18,705.006
8190.18,705.006
8190.18,705.006
8190.18,705.006
8190.18,705.006
8190.18,705.006
8190.18,705.006
8190.18,705.006
8190.18,705.006
8190.18,705.006
8190.18,705.006
8190.18,705.006
8190.18,705.006
8190.18,705.006
8190.18,705.006
8190.18,705.006
8190.18,705.006
8190.18,705.006
8190.18,705.006
8190.18,705.006
8190.18,705.006
8190.18,705.006
8190.18,705.006
8190.18,705.006
8190.18,705.006
8190.18,705.006
8190.18,705.006
8190.18,705.006
8190.18,705.006
8190.18,705.006
8190.18,705.006
8190.18,705.006
8190.18,705.006
8190.18,705.006
8190.18,705.006
8190.18,705.0060000000002
8190.18,705.0060000000002
8190.180000000003,705.0060000000001
8190.18,705.006
8190.18,705.006
8190.18,705.006
8190.18,705.006
8190.18,705.006
8190.18,705.006
8190.18,705.006
8190.18,705.006
8190.18,705.006
8190.18,705.006
8190.18,705.006
8190.18,705.006
8190.18,705.006
8190.18,705.006
8190.18,705.006
8190.180000000002,705.0060000000001
8190.18,705.006
8190.18,705.006
8190.18,705.006
8190.18,705.006
8190.18,705.006
8190.180000000001,705.0060000000001
8190.18,705.006
8190.18,705.006
8190.18,705.006
8190.18,705.006
8190.18,705.006
8190.18,705.006
8190.18,705.006
8190.18,705.006
8190.18,705.006
8190.18,705.006
8190.18,705.006
8190.18,705.006
8190.18,705.006
8190.18,705.006
8190.18,705.006
8190.18,705.006
8190.18,705.006
8190.18,705.006
8190.18,705.006
8190.18,705.006
8190.18,705.006
8190.18,705.006
8190.18,705.006
8190.18,705.006
8190.18,705.006
8190.18,705.006
8190.18,705.006
8190.18,705.006
8190.18,705.006
8190.18,705.006
8190.18,705.006
8190.18,705.006
8190.18,705.006
8190.18,705.006
8190.180000000005,705.0060000000002
8190.180000000004,705.0060000000002
8190.180000000004,705.0060000000002
8190.180000000004,705.0060000000002
8190.18,705.006
8190.18,705.006
8190.18,705.006
8190.18,705.006
8190.18,705.006
8190.18,705.006
8190.18,705.006
8190.18,705.006
8190.18,705.006
8190.18,705.006
8190.18,705.006
8190.18,705.006
8190.18,705.006
8190.18,705.006
8190.18,705.006
8190.18,705.006
8190.18,705.006
8190.18,705.006
8190.18,705.006
8190.18,705.006
8190.18,705.006
8190.180000000002,705.0060000000002
8190.18,705.006
8190.18,705.006
8190.18,705.006
8190.18,705.006
8190.18,705.006
8190.18,705.006
8190.18,705.006
8190.18,705.006
8190.18,705.006
8190.18,705.006
8190.18,705.006
8190.18,705.006
8190.18,705.006
8190.18,705.006
8190.18,705.006
8190.18,705.006
8190.18,705.006
8190.18,705.006
8190.18,705.006
8190.18,705.006
8190.18,705.006
8190.18,705.006
8190.18,705.006
8190.18,705.006
8190.18,705.006
8190.18,705.006
8190.18,705.006
8190.18,705.006
8190.18,705.006
8190.18,705.006
8190.18,705.006
8190.18,705.006
8190.18,705.006
8190.18,705.006
8190.18,705.0060000000002
8190.18,705.0060000000002
8190.18,705.0060000000002
8190.179999999999,705.0059999999999
8190.18,705.006
8190.18,705.006
8190.18,705.006
8190.18,705.006
8190.18,705.006
8190.18,705.006
8190.18,705.006
8190.18,705.006
8190.18,705.006
8190.18,705.006
8190.18,705.006
8190.18,705.006
8190.18,705.006
8190.18,705.006
8190.18,705.006
8190.180000000001,705.0060000000001
8190.18,705.006
8190.18,705.006
8190.18,705.006
8190.18,705.006
8190.18,705.006
8190.18,705.006
8190.18,705.006
8190.18,705.006
8190.18,705.006
8190.18,705.006
8190.18,705.006
8190.18,705.006
8190.18,705.006
8190.18,705.006
8190.18,705.006
8190.18,705.006
8190.18,705.006
8190.18,705.006
8190.18,705.006
8190.18,705.006
8190.18,705.006
8190.18,705.006
8190.18,705.006
8190.18,705.006
8190.18,705.006
8190.18,705.006
8190.179999999999,705.006
8190.179999999999,705.006
8190.179999999999,705.006
8190.18,705.0060000000005
8190.18,705.0060000000005
8190.18,705.006
8190.18,705.006
8190.18,705.006
8190.18,705.006
8190.18,705.006
8190.18,705.006
8190.18,705.006
8190.18,705.006
8190.18,705.006
8190.18,705.006
8190.18,705.006
8190.18,705.006
8190.18,705.006
8190.18,705.006
8190.18,705.006
8190.18,705.006
8190.18,705.006
8190.18,705.006
8190.18,705.006
8190.18,705.006
8190.18,705.006
8190.18,705.006
8190.18,705.006
8190.18,705.006
8190.18,705.006
8190.18,705.006
8190.18,705.006
8190.18,705.006
8190.18,705.006
8190.18,705.006
8190.18,705.006
8190.18,705.006
8190.18,705.006
8190.18,705.006
8190.18,705.006
8190.18,705.006
8190.18,705.006
8190.18,705.006
8190.18,705.006
8190.18,705.006
8190.18,705.006
8190.18,705.006
8190.18,705.006
8190.18,705.006
8190.18,705.006
8190.18,705.006
8190.18,705.006
8190.18,705.006
8190.18,705.006
8190.18,705.006
8190.18,705.006
8190.18,705.006
8190.18,705.006
8190.18,705.006
8190.18,705.006
8190.18,705.006
8190.18,705.006
8190.18,705.006
8190.18,705.006
8190.18,705.006
8190.18,705.006
8190.18,705.006
8190.18,705.006
8190.18,705.006
8190.18,705.006
8190.18,705.006
8190.18,705.006
8190.18,705.006
8190.18,705.006
8190.18,705.006
8190.18,705.006
8190.18,705.006
8190.18,705.006
8190.18,705.006
8190.18,705.006
8190.18,705.006
8190.18,705.006
8190.18,705.006
8190.18,705.006
8190.18,705.006
8190.18,705.006
8190.18,705.006
8190.18,705.006
8190.18,705.006
8190.18,705.006
8190.18,705.006
8190.18,705.006
8190.18,705.006
8190.18,705.006
8190.18,705.006
8190.18,705.006
8190.18,705.006
8190.18,705.006
8190.18,705.006
8190.179999999998,705.0059999999999
8190.18,705.006
8190.18,705.006
8190.18,705.006
8190.18,705.006
8190.18,705.006
8190.18,705.006
8190.18,705.006
8190.18,705.006
8190.18,705.006
8190.18,705.006
8190.18,705.006
8190.18,705.006
8190.18,705.006
8190.18,705.006
8190.18,705.006
8190.18,705.006
8190.18,705.006
8190.18,705.006
8190.18,705.006
8190.18,705.006
8190.18,705.006
8190.18,705.006
8190.18,705.006
8190.18,705.006
8190.18,705.006
8190.18,705.006
8190.18,705.006
8190.18,705.006
8190.18,705.006
8190.18,705.006
8190.18,705.006
8190.18,705.006
8190.18,705.006
8190.18,705.006
8190.18,705.006
8190.18,705.006
8190.18,705.006
8190.18,705.006
8190.18,705.006
8190.18,705.006
8190.18,705.006
8190.18,705.006
8190.18,705.006
8190.18,705.006
8190.18,705.006
8190.18,705.006
8190.18,705.006
8190.18,705.006
8190.18,705.006
8190.18,705.006
8190.18,705.006
8190.18,705.006
8190.18,705.006
8190.180000000001,705.0060000000001
8190.18,705.006
8190.18,705.006
8190.18,705.006
8190.18,705.006
8190.18,705.006
8190.180000000002,705.006
8190.18,705.006
8190.18,705.006
8190.18,705.006
8190.18,705.006
8190.18,705.006
8190.18,705.006
8190.18,705.006
8190.18,705.006
8190.18,705.006
8190.18,705.006
8190.18,705.006
8190.18,705.006
8190.18,705.006
8190.18,705.006
8190.18,705.006
8190.18,705.006
8190.18,705.006
8190.18,705.006
8190.18,705.006
8190.18,705.006
8190.18,705.006
8190.18,705.006
8190.18,705.006
8190.18,705.006
8190.18,705.006
8190.18,705.006
8190.18,705.006
8190.18,705.006
8190.18,705.006
8190.18,705.006
8190.18,705.006
8190.18,705.006
8190.18,705.006
8190.18,705.006
8190.18,705.006
8190.18,705.006
8190.18,705.006
8190.18,705.006
8190.18,705.006
8190.18,705.006
8190.18,705.006
8190.18,705.006
8190.18,705.006
8190.18,705.006
8190.18,705.006
8190.18,705.006
8190.18,705.006
8190.18,705.006
8190.18,705.006
8190.18,705.006
8190.18,705.006
8190.18,705.006
8190.18,705.006
8190.179999999998,705.006
8190.18,705.006
8190.18,705.006
8190.18,705.006
8190.18,705.006
8190.18,705.006
8190.179999999999,705.006
8190.18,705.006
8190.18,705.006
8190.18,705.006
8190.18,705.006
8190.18,705.006
8190.18,705.006
8190.18,705.006
8190.18,705.006
8190.18,705.006
8190.18,705.006
8190.18,705.006
8190.18,705.006
8190.18,705.006
8190.18,705.006
8190.18,705.006
8190.18,705.006
8190.18,705.006
8190.18,705.006
8190.18,705.006
8190.18,705.006
8190.18,705.006
8190.18,705.006
8190.18,705.006
8190.18,705.006
8190.18,705.006
8190.18,705.006
8190.18,705.006
8190.18,705.006
8190.18,705.006
8190.18,705.006
8190.18,705.006
8190.18,705.006
8190.18,705.006
8190.18,705.006
8190.18,705.006
8190.18,705.006
8190.18,705.006
8190.18,705.006
8190.18,705.006
8190.18,705.006
8190.18,705.006
8190.18,705.006
8190.18,705.006
8190.18,705.006
8190.18,705.006
8190.18,705.006
8190.18,705.006
8190.18,705.006
8190.18,705.006
8190.18,705.006
8190.18,705.006
8190.18,705.006
8190.18,705.006
8190.18,705.006
8190.18,705.006
8190.18,705.006
8190.18,705.006
8190.18,705.006
8190.18,705.006
8190.18,705.006
8190.18,705.006
8190.18,705.006
8190.18,705.006
8190.18,705.006
8190.18,705.006
8190.18,705.006
8190.18,705.006
8190.18,705.006
8190.18,705.006
8190.18,705.006
8190.18,705.006
8190.18,705.006
8190.18,705.006
8190.18,705.006
8190.18,705.006
8190.18,705.006
8190.18,705.006
8190.18,705.006
8190.18,705.006
8190.18,705.006
8190.180000000003,705.006
8190.180000000003,705.0059999999999
8190.18,705.006
8190.18,705.006
8190.18,705.006
8190.18,705.006
8190.18,705.006
8190.18,705.006
8190.18,705.006
8190.18,705.006
8190.18,705.006
8190.18,705.006
8190.18,705.006
8190.18,705.006
8190.18,705.006
8190.179999999999,705.0060000000001
8190.179999999999,705.006
8190.1799999999985,705.0060000000001
8190.18,705.006
8190.18,705.006
8190.18,705.006
8190.18,705.006
8190.18,705.006
8190.18,705.006
8190.18,705.006
8190.18,705.006
8190.18,705.006
8190.18,705.006
8190.18,705.006
8190.18,705.006
8190.18,705.006
8190.18,705.006
8190.18,705.006
8190.179999999996,705.006
8190.18,705.006
8190.18,705.006
8190.18,705.006
8190.18,705.006
8190.18,705.006
8190.179999999998,705.0059999999997
8190.18,705.006
8190.18,705.006
8190.18,705.006
8190.18,705.006
8190.18,705.006
8190.18,705.006
8190.18,705.006
8190.18,705.006
8190.18,705.006
8190.18,705.006
8190.18,705.006
8190.18,705.006
8190.18,705.006
8190.18,705.006
8190.18,705.006
8190.18,705.006
8190.18,705.006
8190.18,705.006
8190.18,705.006
8190.18,705.006
8190.18,705.006
8190.18,705.006
8190.18,705.006
8190.18,705.006
8190.18,705.006
8190.18,705.006
8190.18,705.006
8190.18,705.006
8190.18,705.006
8190.18,705.006
8190.18,705.006
8190.18,705.006
8190.18,705.006
8190.18,705.006
8190.18,705.006
8190.18,705.006
8190.18,705.006
8190.18,705.006
8190.18,705.006
8190.18,705.006
8190.18,705.006
8190.18,705.006
8190.18,705.006
8190.18,705.006
8190.18,705.006
8190.18,705.006
8190.18,705.006
8190.18,705.006
8190.18,705.006
8190.18,705.006
8190.18,705.006
8190.18,705.006
8190.18,705.006
8190.179999999999,705.0060000000001
8190.18,705.006
8190.18,705.006
8190.18,705.006
8189.76,705.006
8188.91,705.006
8187.62,705.006
8187.62,705.006
8183.68,705.006
8181.04,705.006
8181.04,705.006
8174.46,705.006
8170.41,705.006
8170.41,705.006
8161.07,705.006
8155.87,705.006
8155.87,705.006
8145.51,705.006
8140.34,705.006
8140.34,705.006
8129.93,705.006
8124.76,705.006
8119.52,705.006
8114.4,705.006
8109.19,705.006
8109.19,705.006
8101.43,705.006
8099.58,705.006
8098.64,705.006
8098.27,705.006
8098.13,705.006
8098.13,705.006
8098.07,705.006
8098.07,705.006
8098.07,705.006
8098.07,705.006
8098.07,705.006
8098.07,705.006
8098.07,705.006
8098.07,705.006
8098.07,705.006
8098.07,705.006
8098.07,705.006
8098.07,705.006
8098.07,705.006
8098.07,705.006
8098.07,705.006
8098.07,705.006
8098.07,705.006
8098.07,705.006
8098.07,705.006
8098.07,705.006
8098.07,705.006
8098.07,705.006
8098.07,705.006
8098.07,705.006
8098.07,705.006
8098.07,705.006
8098.07,705.006
8098.07,705.006
8098.07,705.006
8098.07,705.006
8098.07,705.006
8098.07,705.006
8098.07,705.006
8098.07,705.006
8098.070000000004,705.0060000000004
8098.07,705.006
8098.07,705.006
8098.07,705.006
8098.07,705.006
8098.07,705.006
8098.07,705.006
8098.07,705.006
8098.07,705.006
8098.07,705.006
8098.07,705.006
8098.07,705.006
8098.07,705.006
8098.07,705.006
8098.07,705.006
8098.07,705.006
8098.07,705.006
8098.07,705.006
8098.07,705.006
8098.07,705.006
8098.07,705.006
8098.070000000003,705.0060000000001
8098.070000000003,705.0060000000001
8098.07,705.006
8098.07,705.006
8098.07,705.006
8098.07,705.006
8098.07,705.006
8098.07,705.006
8098.07,705.006
8098.07,705.006
8098.07,705.006
8098.07,705.006
8098.07,705.006
8098.07,705.006
8098.07,705.006
8098.07,705.006
8098.299501430994,705.0060000000001
8098.1,705.006
8104.619992877341,705.006
8105.033066117251,705.006
8105.033066117251,705.006
8105.033066117251,705.006
8105.033066117251,705.006
8117.07,705.006
8121.22,705.006
8125.84,705.006
8130.89,705.006
8136.08,705.006
8136.08,705.006
8146.4,705.006
8151.62,705.006
8151.62,705.006
8151.62,705.006
8162.773130554709,707.568250501572
8167.21,705.006
8177.57,716.848
8182.78,725.457
8187.92,733.278
8193.18,740.32
8198.31,746.591
8198.31,746.591
8203.52,752.09
8208.73,756.808
8213.92,760.74
8219.1,763.9
8224.2,766.29
8224.2,766.29
8236.13139090526,768.77
8245.04,768.04
8245.04,768.04
8255.41,764.26
8260.63,761.2
8260.63,761.2
8271.0,758.881
8276.17,758.64
8281.37,758.41
8286.57,758.178
8291.77,757.947
8291.77,757.947
8302.12,757.46
8307.33,757.219
8312.53,756.97
8317.77,756.736
8322.9,756.483
8322.9,756.483
8333.27,755.066
8338.48,753.213
8338.48,753.213
8348.86,747.187
8354.03,743.0
8354.03,743.0
8364.4,732.315
8369.62,725.802
8369.62,725.802
8379.0,710.445
8385.15,705.006
8389.66,705.006
8392.83,705.006
8394.76,705.006
8395.6,705.006
8395.97,705.006
8396.1,705.006
8396.1,705.006
8396.1,705.006
8396.1,705.006
8396.128178985651,705.0060000000003
8396.15,705.006
8396.17,705.006
8396.17,705.006
8396.17,705.006
8396.17,705.006
8396.17,705.006
8396.17,705.006
8396.17,705.006
8396.17,705.006
8396.17,705.006
8396.17,705.006
8396.17,705.006
8396.17,705.006
8396.17,705.006
8396.17,705.006
8421.31590822665,705.006
8437.900167623207,705.006
8451.524215459402,705.006
8465.24929523377,705.006
8479.360816114611,705.006
8479.360816114611,705.006
8504.237205209458,705.006
8520.821464606015,705.006
8520.821464606015,705.006
8545.697853700854,705.006
8562.282113097419,705.006
8562.282113097419,705.006
8590.98,705.006
8594.53,705.006
8598.52,705.006
8602.96,705.006
8607.85,705.006
8607.85,705.006
8618.24,705.006
8623.45,705.006
8623.45,705.006
8633.79,705.006
8638.99,705.006
8638.99,705.006
8649.3,705.006
8654.53,705.006
8654.53,705.006
8664.9,705.006
8670.12,705.006
8670.12,705.006
8680.4,705.006
8685.68,705.006
8690.88,705.006
8696.0,705.006
8701.25,705.006
8701.25,705.006
8711.62,705.006
8716.82,705.006
8718.42881958071,705.006
8727.19,705.006
8732.36,705.006
8732.36,705.006
8742.78,705.006
8747.9,705.006
8753.14,705.006
8758.31,705.006
8763.52,705.006
8763.52,705.006
8773.91,705.006
8779.09,705.006
8779.09,705.006
8789.45,705.006
8794.61,705.006
8794.61,705.006
8805.05,705.005
8810.21,705.0
8810.21,705.0
8820.63,705.006
8825.82,705.006
8825.82,705.006
8836.17,705.006
8841.38,705.006
8841.38,705.006
8846.58,705.006
8851.77,705.006
8851.77,705.006
8864.099335024555,705.006
8872.56,705.006
8872.56,705.006
8882.92,705.006
8888.07,705.006
8888.07,705.006
8898.46,705.006
8903.62,705.006
8903.62,705.006
8914.06,705.006
8919.27,705.006
8919.27,705.006
8929.6,705.006
8934.7,705.006
8934.7,705.006
8945.15,705.006
8950.35,705.006
8950.35,705.006
8960.73,705.006
8965.0,705.006
8965.0,705.006
8976.37,705.006
8981.51,705.006
8981.51,705.006
8991.86,705.006
8997.05,705.006
8997.05,705.006
9007.4,705.006
9012.62,705.006
9012.62,705.006
9023.07,705.006
9028.27,705.006
9028.27,705.006
9038.59,705.006
9043.7,705.006
9043.7,705.006
9054.16,705.006
9059.34,705.006
9059.34,705.006
9069.76,705.006
9074.9,705.006
9074.9,705.006
9085.31,705.006
9090.56,705.006
9090.56,705.006
9100.86,705.006
9106.06,705.006
9106.06,705.006
9116.44,705.006
9121.61,705.006
9121.61,705.006
9132.0,705.006
9137.6,705.006
9137.6,705.006
9147.5,705.006
9152.74,705.006
9152.74,705.006
9163.14,705.006
9168.37,705.006
9168.37,705.006
9178.69,705.006
9183.89,705.006
9183.89,705.006
9194.27,705.006
9199.44,705.006
9199.44,705.006
9209.84,705.006
9215.04,705.006
9215.04,705.006
9225.39,705.006
9230.58,705.006
9230.58,705.006
9240.9,705.006
9246.13,705.006
9246.13,705.006
9256.5,705.006
9261.76,705.006
9261.76,705.006
9272.12,705.006
9277.36,705.006
9277.36,705.006
9287.76,705.006
9292.85,705.006
9292.85,705.006
9303.24,705.006
9308.4,705.006
9313.62,705.006
9318.84,705.006
9324.0,705.006
9324.0,705.006
9334.3,705.006
9339.64,705.006
9339.64,705.006
9349.9,705.006
9355.16,705.006
9355.16,705.006
9365.53,705.006
9370.73,705.006
9375.97,705.006
9381.09,705.006
9386.28,705.006
9386.28,705.006
9396.68,705.006
9401.87,705.006
9401.87,705.006
9412.2,705.006
9417.4,705.006
9417.4,705.006
9427.84,705.006
9432.9,705.006
9432.9,705.006
9432.9,705.006
9444.113490601463,705.0060000000002
9448.5,705.006
9458.94,705.006
9464.1,705.006
9464.1,705.006
9474.5,705.006
9479.7,709.884
9479.7,709.884
9490.0,727.48
9495.2,735.114
9495.2,735.114
9505.6,732.06
9510.86,730.416
9510.86,730.416
9521.27,724.77
9526.4,720.79
9526.4,720.79
9536.78,710.496
9541.98,705.006
9541.98,705.006
9552.39,723.763
9557.5,731.978
9557.5,731.978
9567.97,746.07
9573.13,751.958
9573.13,751.958
9583.51,761.396
9588.69,764.94
9588.69,764.94
9599.01,769.706
9604.2,770.923
9604.2,770.923
9614.62,771.024
9619.86,769.908
9625.07,768.012
9630.2,765.347
9635.4,761.892
9635.4,761.892
9645.7,752.66
9650.0,746.883
9650.0,746.883
9661.34,732.986
9666.5,724.873
9666.5,724.873
9676.9,706.31
9682.11,705.006
9687.29,705.006
9692.4,705.006
9697.65,705.006
9697.65,705.006
9708.06,705.006
9713.28,705.006
9713.28,705.006
9723.59,705.006
9728.81,705.006
9728.81,705.006
9739.26,705.006
9744.3,705.006
9744.3,705.006
9744.3,705.006
9755.51156072096,705.006
9759.9,705.006
9770.33,705.006
9775.5,705.006
9775.5,705.006
9780.7,705.006
9785.97,705.006
9785.97,705.006
9798.351440911327,705.006
9806.64,705.006
9806.64,705.006
9817.06,705.006
9822.23,705.006
9822.23,705.006
9832.59,705.006
9837.7,705.006
9837.7,705.006
9848.16,705.006
9853.33,705.006
9853.33,705.006
9853.33,705.006
9864.628618809313,705.0060000000001
9870.008456341666,705.0060000000001
9875.388293874023,705.006
9881.19811842105,705.006
9881.19811842105,705.006
9894.8,705.006
9900.0,705.006
9900.0,705.006
9910.4,705.006
9915.63,705.006
9915.63,705.006
9926.03,705.006
9931.18,705.006
9936.38,705.006
9941.58,705.006
9946.7,705.006
9946.7,705.006
9957.13,705.006
9962.34,705.006
9967.54,705.006
9972.76,705.006
9977.9,705.006
9977.9,705.006
9988.28,705.006
9993.4,705.006
9993.4,705.006
10003.8,705.006
10009.0,705.006
10009.0,705.006
10019.4,705.006
10024.0,705.006
10024.0,705.006
10024.0,705.006
10029.0,705.006
10029.0,705.006
10035.0,705.006
10040.0,705.006
10047.488887142037,705.006
10051.869619255387,705.006
10061.04977422897,705.0060000000004
10066.0,705.006
10066.0,705.006
10079.296766273814,705.0060000000003
10084.79084732464,705.0060000000003
10090.284928375468,705.006
10097.404066746001,705.006
10097.404066746001,705.006
10112.8,705.006
10118.0,705.006
10118.0,705.006
10128.4,707.76
10133.6,707.763
10133.6,707.763
10143.5,707.74
10149.1,707.73
10154.3,707.71
10159.2,707.685
10164.2,707.64
10164.2,707.64
10175.1,707.506
10180.3,707.376
10180.3,707.376
10185.0,705.62
10185.0,705.006
10185.0,705.006
10185.0,705.006
10185.0,705.006
10185.0,705.006
10185.0,705.006
10185.0,705.006
10185.0,705.006
10185.0,705.006
10185.0,705.006
10185.0,705.006
10185.0,705.006
10185.0,705.006
10185.0,705.006
10185.0,705.006
10185.0,705.006
10185.0,705.006
10185.0,705.006
10185.0,705.006
10185.0,705.006
10185.0,705.006
10185.0,705.006
10185.0,705.006
10185.0,705.006
10185.0,705.006
10185.0,705.006
10185.0,705.006
10185.0,705.006
10185.0,705.006
10185.0,705.006
10185.0,705.006
10185.0,705.006
10185.0,705.006
10185.0,705.006
10185.0,705.006
10185.0,705.006
10185.000000000004,705.006
10185.0,705.006
10185.0,705.006
10185.0,705.006
10185.0,705.006
10185.0,705.006
10185.0,705.006
10185.0,705.006
10185.0,705.006
10185.0,705.006
10185.0,705.006
10185.0,705.006
10185.0,705.006
10185.0,705.006
10185.0,705.006
10185.0,705.006
10185.0,705.006
10185.0,705.006
10185.0,705.006
10185.0,705.006
10185.0,705.006
10185.0,705.006
10185.0,705.006
10185.0,705.006
10185.0,705.006
10185.0,705.006
10185.0,705.006
10185.0,705.006
10185.0,705.006
10185.0,705.006
10185.0,705.006
10185.0,705.006
10185.0,705.006
10185.0,705.006
10185.0,705.006
10185.0,705.006
10185.0,705.006
10185.0,705.006
10185.0,705.006
10185.0,705.006
10185.0,705.006
10185.0,705.006
10185.0,705.006
10185.0,705.006
10185.0,705.006
10185.0,705.006
10185.0,705.006
10185.0,705.006
10185.0,705.006
10185.0,705.006
10185.0,705.006
10185.0,705.006
10185.0,705.006
10185.0,705.006
10184.999999999998,705.0060000000001
10185.0,705.006
10185.0,705.006
10185.0,705.006
10185.0,705.006
10185.0,705.006
10185.0,705.006
10185.0,705.006
10185.0,705.006
10185.0,705.006
10185.0,705.006
10185.0,705.006
10185.0,705.006
10185.0,705.006
10185.0,705.006
10185.0,705.006
10185.0,705.006
10185.0,705.006
10185.0,705.006
10185.0,705.006
10185.0,705.006
10185.0,705.006
10185.0,705.006
10185.0,705.006
10185.0,705.006
10185.0,705.006
10185.0,705.006
10185.0,705.006
10185.0,705.006
10185.0,705.006
10185.0,705.006
10185.0,705.006
10185.0,705.006
10185.0,705.006
10185.0,705.006
10185.0,705.006
10185.0,705.006
10185.0,705.006
10185.0,705.006
10185.0,705.006
10185.0,705.006
10185.0,705.006
10185.0,705.006
10185.0,705.006
10185.0,705.006
10185.0,705.006
10185.0,705.006
10185.0,705.006
10185.0,705.006
10185.0,705.006
10185.0,705.006
10185.0,705.006
10185.0,705.006
10184.999999999993,705.0059999999997
10184.999999999993,705.0059999999997
10184.999999999993,705.0059999999997
10184.999999999995,705.0059999999997
10184.999999999995,705.0059999999999
10184.999999999995,705.0059999999999
10184.999999999995,705.0059999999999
10184.999999999995,705.0059999999999
10184.999999999996,705.0059999999999
10185.000000000004,705.0060000000003
10185.0,705.006
10185.0,705.006
10185.0,705.006
10184.999999999995,705.0059999999997
10185.0,705.006
10185.0,705.006
10185.0,705.006
10185.0,705.006
10185.0,705.006
10185.0,705.006
10185.0,705.006
10185.0,705.006
10185.0,705.006
10185.0,705.006
10185.0,705.006
10185.0,705.006
10185.0,705.006
10185.0,705.006
10185.0,705.006
10185.0,705.006
10185.0,705.006
10185.0,705.006
10185.0,705.006
10185.0,705.006
10185.0,705.006
10185.0,705.006
10185.0,705.006
10185.0,705.006
10185.0,705.006
10185.0,705.006
10185.0,705.006
10185.0,705.006
10185.0,705.006
10185.0,705.006
10185.0,705.006
10185.0,705.006
10185.0,705.006
10185.0,705.006
10185.0,705.006
10185.0,705.006
10185.0,705.006
10185.0,705.006
10185.0,705.006
10185.0,705.006
10185.0,705.006
10185.0,705.006
10185.0,705.006
10185.0,705.006
10185.0,705.006
10185.0,705.006
10185.0,705.006
10185.0,705.006
10185.0,705.006
10185.0,705.006
10185.0,705.006
10185.0,705.006
10185.0,705.006
10185.0,705.006
10185.0,705.006
10185.0,705.006
10185.0,705.006
10185.0,705.006
10185.0,705.006
10185.0,705.006
10185.0,705.006
10185.0,705.006
10185.0,705.006
10185.0,705.006
10185.0,705.006
10185.0,705.006
10185.0,705.006
10185.0,705.006
10185.0,705.006
10185.0,705.006
10185.0,705.006
10185.0,705.006
10185.0,705.006
10185.0,705.006
10185.0,705.006
10185.0,705.006
10185.0,705.006
10185.0,705.006
10185.0,705.006
10185.0,705.006
10185.0,705.006
10185.0,705.006
10185.0,705.006
10185.0,705.006
10185.0,705.006
10185.0,705.006
10185.0,705.006
10185.0,705.006
10185.0,705.006
10185.0,705.006
10185.0,705.006
10185.0,705.006
10185.0,705.006
10185.0,705.006
10185.0,705.006
10185.0,705.0059999999997
10185.0,705.0059999999997
10185.0,705.006
10185.000000000004,705.0060000000003
10185.0,705.006
10185.0,705.006
10185.0,705.006
10185.0,705.006
10185.0,705.006
10185.0,705.006
10185.0,705.006
10185.0,705.006
10185.0,705.006
10185.0,705.006
10185.0,705.006
10185.0,705.006
10185.0,705.006
10185.0,705.006
10185.0,705.006
10185.0,705.006
10185.0,705.006
10185.0,705.006
10185.0,705.006
10185.0,705.006
10185.0,705.006
10185.0,705.006
10185.0,705.006
10185.0,705.006
10185.0,705.006
10185.0,705.006
10185.0,705.006
10185.0,705.006
10185.0,705.006
10185.0,705.006
10185.0,705.006
10185.0,705.006
10185.0,705.006
10185.0,705.006
10185.0,705.006
10185.0,705.006
10185.0,705.006
10185.0,705.006
10185.0,705.006
10185.0,705.006
10185.0,705.006
10185.0,705.006
10185.0,705.006
10185.0,705.006
10185.0,705.006
10185.0,705.006
10185.0,705.006
10185.0,705.006
10185.0,705.006
10185.0,705.006
10185.0,705.006
10185.0,705.006
10185.0,705.006
10185.0,705.006
10185.0,705.006
10185.0,705.006
10185.0,705.006
10185.0,705.006
10185.0,705.006
10185.0,705.006
10185.0,705.006
10185.0,705.006
10185.0,705.006
10185.0,705.006
10185.0,705.006
10185.0,705.006
10185.0,705.006
10185.0,705.006
10185.0,705.006
10185.0,705.006
10185.0,705.006
10185.1,705.006
10185.1,705.006
10185.1,705.006
10185.1,705.006
10185.1,705.006
10184.1,705.006
10183.7,705.006
10183.7,705.006
10183.1,705.006
10183.6,705.006
10183.6,705.006
10184.8,705.006
10184.8,705.006
10184.8,705.006
10184.1,705.006
10183.7,705.006
10183.7,705.006
10183.0,705.006
10183.0,705.006
10183.0,705.006
10183.0,705.006
10183.0,705.006
10183.0,705.006
10183.0,705.006
10183.0,705.006
10183.0,705.006
10183.0,705.006
10183.0,705.006
10183.0,705.006
10183.0,705.006
10183.0,705.006
10183.0,705.006
10183.0,705.006
10183.0,705.006
10183.0,705.006
10183.0,705.006
10183.0,705.006
10183.0,705.006
10183.0,705.006
10183.0,705.006
10183.0,705.006
10183.0,705.006
10183.0,705.006
10183.0,705.006
10183.0,705.006
10183.0,705.006
10183.0,705.006
10183.0,705.006
10183.0,705.006
10183.0,705.006
10183.0,705.006
10183.0,705.006
10183.0,705.006
10183.0,705.006
10183.0,705.006
10183.0,705.006
10183.0,705.006
10183.0,705.006
10183.0,705.006
10183.0,705.006
10183.0,705.006
10183.0,705.006
10183.0,705.006
10183.0,705.006
10183.0,705.006
10183.0,703.79
10183.0,702.14
10183.0,702.14
10183.0,696.504
10183.0,692.524
10183.0,692.524
10183.0,682.227
10183.0,675.903
10183.0,675.903
10183.0,660.934
10183.0,652.283
10183.0,652.283
10183.0,632.917810924373
10183.0,621.662
10183.0,621.662
10183.0,598.5376113092134
10183.0,584.076
10183.0,584.076
10183.0,559.9228256677161
10183.0,543.57
10183.0,543.57
10183.0,519.7782653573304
10183.0,503.076
10183.0,503.076
10183.0,479.3455711810093
10183.0,462.57
10183.0,462.57
10183.0,438.85708698802046
10183.0,422.07
10183.0,422.07
10183.0,398.3612559431276
10183.0,381.576
10183.0,381.576
10183.0,357.8622206614891
10183.0,341.076
10183.0,341.076
10183.0,316.7246874912744
10183.0,300.57
10183.0,287.076
10183.0,273.576
10183.0,260.076
10183.0,260.076
10183.0,235.1211037891553
10183.0,219.576
10183.0,206.076
10183.0,192.576
10183.0,179.076
10183.0,179.076
10183.0,154.74196638659487
10183.0,138.576
10183.0,138.576
10183.0,123.92971633359048
10183.0,105.0
10183.0,105.0
10183.0,105.0
10183.0,105.0
10183.0,105.0
10183.0,105.0
10183.0,105.00000000000001
10183.0,105.0
10183.0,105.0
10183.0,105.0
10183.0,105.0
10183.0,105.0
10183.0,104.99999999999999
10183.0,105.0
10183.0,105.0
10183.0,105.0
10183.0,105.0
10183.0,105.0
10183.0,105.0
10183.0,105.0
10183.0,105.0
10183.0,105.0
10183.0,105.0
10183.0,105.0
10183.0,105.0
10183.0,105.0
10183.0,105.0
10183.0,105.0
10183.0,105.0
10183.0,105.0
10183.0,105.0
10183.0,105.0
10183.0,105.0
10183.0,105.0
10183.0,105.0
10183.0,105.0
10183.0,105.0
10183.0,105.0
10183.0,105.0
10183.0,105.0
10183.0,105.0
10183.0,105.0
10183.0,105.0
10183.0,105.0
10183.0,105.0
10183.0,105.0
10183.0,105.0
10183.0,105.0
10183.0,105.0
10183.0,105.0
10183.0,105.0
10183.0,105.0
10183.0,105.0
10183.0,105.0
10183.0,105.0
10183.0,105.0
10183.0,105.0
10183.0,105.0
10183.0,105.0
10183.0,105.0
10183.0,105.0
10183.0,105.0
10183.0,105.0
10183.0,105.0
10182.999999999996,105.00000000000003
10182.999999999996,105.00000000000003
10182.999999999996,105.00000000000003
10182.999999999996,105.00000000000001
10182.999999999998,104.99999999999997
10183.0,105.0
10183.0,105.0
10183.0,105.0
10182.999999999993,104.99999999999989
10183.0,105.0
10183.0,105.0
10183.0,105.0
10183.0,105.0
10183.0,105.0
10183.0,105.0
10183.0,105.0
10183.0,105.0
10183.0,105.0
10183.0,105.0
10183.0,105.0
10183.0,105.0
10183.0,105.0
10183.0,105.0
10183.0,105.0
10183.0,105.0
10183.0,105.0
10183.0,105.0
10183.0,105.0
10183.0,105.0
10182.999999999996,105.0
10182.999999999996,105.0
10183.0,105.0
10183.0,105.0
10183.0,105.0
10183.0,105.0
10183.0,105.0
10183.0,105.0
10183.0,105.0
10183.0,105.0
10183.0,105.0
10183.0,105.0
10183.0,105.0
10183.0,105.0
10183.0,105.0
10183.0,105.0
10183.0,105.0
10183.0,105.0
10183.0,105.0
10183.0,105.0
10183.0,105.0
10183.0,105.0
10183.0,105.0
10183.0,105.0
10183.0,105.0
10183.0,105.0
10183.0,105.0
10183.0,105.0
10183.0,105.0
10183.0,105.0
10183.0,105.0
10183.0,105.0
10183.0,105.0
10183.0,105.0
10183.0,105.0
10183.0,105.0
10183.0,105.0
10183.0,105.0
10183.0,105.0
10183.0,105.0
10183.0,105.0
10183.0,105.0
10183.0,105.0
10183.0,105.0
10183.0,105.0
10183.0,105.0
10183.0,105.0
10183.0,105.0
10183.0,105.0
10183.0,105.0
10183.0,105.0
