Vertex, 2
42,225.0
46.0,225.0
46.0,225.0
49.0,225.0
9443.351793489866,225.0
9443.351793489866,225.0
56.0,225.0
60.0,225.0
60.0,225.0
68.0,225.0
68.0,225.0
68.0,225.0
5595.71155266666,225.0
88.0,225.0
88.0,225.0
907.0663072931975,225.0
104.0,225.0
104.0,225.0
114.0,225.0
119.0,225.0
119.0,225.0
130.0,225.0
135.0,225.0
135.0,225.0
145.0,225.0
151.0,225.0
151.0,225.0
161.0,225.0
166.0,225.0
166.0,225.0
177.0,225.0
182.0,225.0
182.0,225.0
192.0,225.0
197.0,225.0
197.0,225.0
208.0,225.0
213.0,225.0
213.0,225.0
223.0,225.0
228.0,225.0
234.0,225.0
239.0,225.0
244.0,225.0
249.0,225.0
254.0,225.0
260.0,224.0
260.0,224.0
270.0,232.0
275.0,241.0
275.0,241.0
286.0,256.0
291.0,262.0
291.0,262.0
301.0,273.0
306.0,277.0
306.0,277.0
317.0,283.0
322.0,285.0
322.0,285.0
332.0,286.0
337.0,286.0
337.0,286.0
348.0,282.0
353.0,279.0
353.0,279.0
363.0,271.0
369.0,266.0
369.0,266.0
379.0,253.0
384.0,246.0
384.0,246.0
395.0,228.0
400.0,230.0
400.0,230.0
410.0,248.0
415.0,256.0
415.0,256.0
426.0,269.0
431.0,275.0
431.0,275.0
441.0,283.0
446.0,286.0
446.0,286.0
457.0,290.0
462.0,291.0
462.0,291.0
471.40513552068467,291.0
477.56776034236793,289.0
477.56776034236793,289.0
488.0,284.0
493.0,280.0
493.0,280.0
506.0,270.0
509.0,264.0
509.0,264.0
519.0,249.0
524.0,241.0
524.0,241.0
535.0,228.0
520.0,237.0
520.0,237.0
550.0,254.0
555.0,261.0
555.0,261.0
566.0,273.0
571.0,278.0
571.0,278.0
581.0,286.0
587.0,288.0
587.0,288.0
597.0,291.0
602.0,291.0
602.0,291.0
613.0,290.0
618.0,287.0
618.0,287.0
628.0,279.8109243697478
633.0,276.0
633.0,276.0
644.0,265.0
649.0,259.0
654.0,251.0
659.0,246.09243697478928
664.0,234.0
664.0,234.0
675.0,243.05109102464507
680.0,246.0
680.0,246.0
690.0,259.0
696.0,266.0
701.0,272.0
706.0,277.0
711.0,281.0
711.0,281.0
721.0,288.0
727.0,290.0
727.0,290.0
737.0,291.0
742.0,291.0
742.0,291.0
753.0,288.0
758.0,285.0
758.0,285.0
768.0,278.0
773.0,273.0
773.0,273.0
784.0,260.0
789.0,253.0
789.0,253.0
799.0,254.54493580599149
805.0,252.46790299572046
805.0,252.46790299572046
815.0,251.1623610927966
820.0,249.0
820.0,249.0
830.0,264.0
830.0,270.0
830.0,270.0
840.0,280.0
851.0,283.0
851.0,283.0
862.0,289.0
862.0,290.0
862.0,290.0
877.0,291.0
882.0,290.0
882.0,290.0
893.0,285.0
898.0,282.0
898.0,282.0
908.0,273.0
914.0,268.0
914.0,268.0
924.0,254.0
929.0,266.0
929.0,266.0
939.0,248.10279001468405
925.0,229.0
925.0,229.0
950.7973568281938,247.0
960.0,255.0
960.0,255.0
971.0,268.0
976.0,271.6666666666663
976.0,271.6666666666663
986.0,282.0
991.0,285.0
991.0,285.0
1002.0,289.0
1007.0,290.0
1007.0,290.0
1017.0,290.0
1023.0,280.0
1023.0,280.0
1033.0,283.0
1038.0,279.0
1038.0,279.0
1048.0,269.0
1052.0,263.0
1052.0,263.0
1064.0,248.0
1069.0,240.0
1069.0,240.0
1080.0,228.0
1085.0,237.0
1085.0,237.0
1095.0,250.66386554621818
1100.0,261.0
1100.0,261.0
1111.0,273.0
1110.0,278.0
1110.0,278.0
1126.0,286.0
1131.0,288.0
1131.0,288.0
1142.0,291.0
1143.0,291.0
1143.0,291.0
1152.0,290.0
1163.0,287.0
1163.0,287.0
1173.0,281.0
1178.0,276.0
1178.0,276.0
1189.0,265.0
1194.0,259.0
1194.0,259.0
1204.0,243.0
1209.0,234.0
1209.0,234.0
1220.0,242.1470588235294
1225.0,244.0
1225.0,244.0
1235.0,259.0
1240.0,266.0
1240.0,266.0
1251.0,277.0
1256.0,281.0
1256.0,281.0
1266.0,288.0
1272.0,290.0
1272.0,290.0
1282.0,291.0
1287.0,291.0
1292.0,290.0
1298.0,288.0
1303.0,285.0
1303.0,285.0
1313.0,278.0
1318.0,273.0
1318.0,273.0
1329.0,260.0
1334.0,253.0
1334.0,253.0
1344.0,236.0
1349.0,226.0
1349.0,226.0
1360.0,241.71428571428544
1365.0,250.0
1365.0,250.0
1375.0,254.0
1381.0,271.0
1381.0,271.0
1391.0,280.0
1396.0,284.0
1396.0,284.0
1407.0,289.0
1412.0,291.0
1417.0,291.0
1422.0,291.0
1427.0,290.0
1432.0,289.0
1438.0,286.0
1443.0,283.0
1443.0,283.0
1453.0,274.0
1458.0,268.0
1458.0,268.0
1469.0,255.0
1474.0,267.0
1474.0,267.0
1482.0,693.0024038641859
1490.0,238.0
1495.0,376.7994986983722
1500.0,255.0
1505.0,447.99575165956776
1505.0,447.99575165956776
1516.0,305.8535661526962
1521.0,280.0
1521.0,280.0
1531.0,287.0
1536.0,290.0
1536.0,290.0
1547.0,292.0
1552.0,293.0
1552.0,293.0
1562.0,291.0
1567.0,289.0
1567.0,289.0
1578.0,282.0
1583.0,278.0
1583.0,278.0
1593.0,290.0
1599.0,299.0
1599.0,299.0
1609.0,314.0
1614.0,320.0
1614.0,320.0
1624.0,330.0
1630.0,334.0
1635.0,337.0
1640.0,340.0
1645.0,341.0
1645.0,341.0
1656.0,342.0
1661.0,342.0
1666.0,340.0
1671.0,338.0
1676.0,335.0
1676.0,335.0
1687.0,326.0
1697.0,321.0
1697.0,321.0
1702.1535460992907,308.0
1708.0,300.0
1708.0,300.0
1718.0,285.0
1728.0,285.0
1728.0,285.0
1733.0,285.0
1739.0,285.0
1739.0,285.0
1749.0,285.0
1754.0,285.0
1754.0,285.0
1765.0,285.0
1770.0,285.0
1770.0,285.0
1780.0,285.0
1785.0,285.0
1785.0,285.0
1791.0,285.0
1796.0,285.0
1801.0,285.0
1806.0,285.0
1811.0,285.0
1811.0,285.0
1822.8558144574783,285.0
1832.0,285.0
1832.0,285.0
1842.0,285.0
1848.0,285.0
1848.0,285.0
1858.0,285.0
1863.0,285.0
1863.0,285.0
1872.0,285.0
1879.0,285.0
1879.0,285.0
1889.0,285.0
1894.0,285.0
1894.0,285.0
1905.0,285.0
1910.0,295.0
1910.0,295.0
1920.0,311.0
1925.0,319.0
1925.0,319.0
1936.0,324.91596638655506
1941.0,336.0
1941.0,336.0
1951.0,336.1689852411562
1957.0,346.0
1957.0,346.0
1967.0,349.0
1972.0,349.0
1972.0,349.0
1983.0,347.0
1988.0,345.0
1988.0,345.0
1998.0,338.0
2003.0,334.0
2003.0,334.0
2014.0,325.0
2019.0,314.66666666666606
2019.0,314.66666666666606
2029.0,300.0
2034.0,291.0
2034.0,291.0
2045.0,331.7100840336152
2050.000000000001,306.0
2050.000000000001,306.0
2060.0,324.3821587458515
2066.0,327.0
2066.0,327.0
2076.0,338.0
2081.0,342.0
2081.0,342.0
2092.0,345.72268907563046
2097.0,350.0
2097.0,350.0
2107.0,351.0
2112.0,351.0
2112.0,351.0
2123.0,342.9621848739496
2128.0,364.0
2128.0,364.0
2138.0,336.0
2143.0,331.0
2143.0,331.0
2154.0,318.0
2159.0,311.0
2159.0,311.0
2169.0,293.0
2175.0,284.0
2175.0,284.0
2185.0,270.2901611906909
2190.0,254.0
2190.0,254.0
2201.0,254.0
2206.0,254.0
2211.0,264.0
2216.0,273.0
2221.0,281.0
2226.0,288.0
2232.0,294.0
2237.0,300.0
2242.0,305.0
2247.0,309.0
2252.0,312.0
2258.0,315.0
2263.0,317.0
2268.0,318.0
2273.0,318.0
2278.0,318.0
2282.0,316.0
2289.0,314.0
2294.0,311.0
2299.0,308.0
2304.0,303.0
2309.0,298.0
2315.0,292.0
2320.0,285.0
2325.0,278.0
2330.0,271.33333333333394
2335.0,260.0
2341.0,251.0
2346.0,262.0
2351.0,272.1666666666665
2356.0,279.0
2361.0,287.0
2367.0,294.0
2372.0,300.0
2377.0,305.0
2382.0,310.0
2387.0,313.0
2393.0,316.0
2398.0,319.0
2403.0,320.0
2408.166666666667,321.0
2413.0,320.0
2418.0,320.0
2424.0,318.0
2429.0,315.0
2434.0,312.0
2439.0,308.0
2444.0,303.0
2450.0,298.0
2455.0,291.0
2460.0,285.0
2465.0,295.0
2470.0,302.0
2476.0,312.0
2481.0,319.0
2486.0,326.0
2491.0,332.0
2496.0,337.0
2502.0,341.0
2502.0,341.0
2512.0,348.0
2517.0,350.0
2517.0,350.0
2527.0,351.0
2533.0,351.0
2533.0,351.0
2543.0,348.0
2548.0,345.0
2548.0,345.0
2559.0,338.0
2564.0,333.0
2569.0,327.0
2574.0,320.0
2579.0,313.0
2579.0,313.0
2590.0,296.0
2595.0,286.0
2595.0,286.0
2605.0,285.0
2611.0,285.0
2611.0,285.0
2621.0,285.0
2626.0,285.0
2626.0,285.0
2636.0,285.0
2642.0,285.0
2647.0,285.0
2652.0,285.0
2657.0,285.0
2657.0,285.0
2668.0,285.0
2673.0,285.0
2673.0,285.0
2683.0,285.0
2688.0,285.0
2688.0,285.0
2699.0,285.0
2704.0,285.0
2704.0,285.0
2714.0,285.0
2719.0,285.0
2719.0,285.0
2725.0,285.0
2729.0,285.0
2729.0,285.0
2735.0,285.0
2736.0,285.0
2736.0,285.0
2736.0,285.0
2736.0,285.0
2736.0,285.0
2736.0,285.0
2736.0,285.0
2736.0,285.0
2736.0,285.0
2736.0,285.0
2736.0,285.0
2735.7389558232926,285.0
2735.666666666666,285.0
2735.666666666666,285.0
2736.0,285.0
2732.0,284.9999999999999
2732.0,284.9999999999999
2740.0,285.0
2742.0,285.0
2742.0,285.0
2747.0,285.0
2751.0,285.0
2751.0,285.0
2759.0,285.0
2762.0,285.0
2762.0,285.0
2774.0,285.0
2774.0,285.0
2774.0,285.0
2784.528640308583,297.21960784313796
2790.0017786349517,302.8248366013081
2795.47491696132,308.43006535947734
2800.4477124183013,313.5228758169942
2806.6764705882356,319.90196078431427
2806.6764705882356,319.90196078431427
2821.0,336.0
2826.0,340.0
2826.0,340.0
2836.0,346.0
2841.0,348.0
2841.0,348.0
2852.0,349.0
2852.0,340.0
2852.0,340.0
2867.0,345.0
2872.0,342.0
2872.0,342.0
2883.0,334.0
2888.0,329.0
2888.0,329.0
2898.0,316.0
2904.0,309.0
2904.0,309.0
2914.0,291.0
2919.0,288.0
2924.0,297.0
2930.0,306.0
2935.0,314.0
2935.0,314.0
2945.0,328.0
2950.0,333.0
2950.0,333.0
2961.0,342.0
2966.0,346.0
2966.0,346.0
2976.0,350.0
2981.0,351.0
2981.0,351.0
2992.0,351.0
2997.0,350.0
2997.0,350.0
3007.0,345.0
3013.0,341.0
3013.0,341.0
3023.0,331.0
3028.0,325.0
3028.0,325.0
3039.0,311.0
3044.0,303.0
3044.0,303.0
3054.0,285.0
3059.0,295.0
3059.0,295.0
3070.0,312.0
3075.0,319.0
3080.0,326.0
3085.0,332.0
3090.0,337.0
3090.0,337.0
3101.0,345.0
3106.0,348.0
3106.0,348.0
3116.0,351.0
3122.0,351.0
3122.0,351.0
3132.0,350.0
3137.0,348.0
3137.0,348.0
3148.0,342.0
3153.0,338.0
3153.0,338.0
3163.0,327.0
3168.0,320.0
3168.0,320.0
3179.0,305.0
3184.0,296.0
3184.0,296.0
3194.0,285.0
3199.0,285.0
3199.0,285.0
3210.0,285.0
3215.0,285.0
3215.0,285.0
3225.0,285.0
3231.0,285.0
3231.0,285.0
3236.0,285.0
3241.0,285.0
3241.0,285.0
3246.0,285.0
3257.0,285.0
3257.0,285.0
3267.870141790224,285.0
3277.0,285.0
3277.0,285.0
3288.0,285.0
3293.0,285.0
3293.0,285.0
3303.0,285.0
3308.0,285.0
3308.0,285.0
3319.0,284.0
3324.0,294.0143770941204
3324.0,294.0143770941204
3334.0,311.0
3340.0,318.0
3340.0,318.0
3350.0,330.0
3355.0,335.0
3355.0,335.0
3366.0,342.0
3371.0,345.0
3371.0,345.0
3381.0,348.0
3386.0,348.0
3386.0,348.0
3397.0,346.0
3402.0,344.0
3402.0,344.0
3410.0,338.0
3413.0,333.0
3413.0,333.0
3416.0,345.0
3417.0,354.0
3417.0,354.0
3417.0,369.0
3416.0,375.0
3416.0,375.0
3413.0,385.0
3410.0,389.0
3410.0,389.0
3405.0,395.0
3401.0,396.0
3401.0,396.0
3392.0,397.0
3387.0,402.0
3387.0,402.0
3377.0,414.0
3372.0,419.0
3372.0,419.0
3362.0,425.0
3356.0,428.0
3356.0,428.0
3346.0,436.0
3341.0,442.0
3341.0,442.0
3330.0,452.0
3325.0,455.0
3325.0,455.0
3315.0,460.0
3312.0,462.0
3312.0,462.0
3307.0,462.0
3305.0,461.0
3305.0,461.0
3305.0,456.0
3305.0,453.0
3305.0,453.0
3307.0,463.0
3309.0,472.0
3309.0,472.0
3312.0,487.0
3317.0,494.0
3317.0,494.0
3325.0,504.0
3329.0,508.0
3329.0,508.0
3339.0,514.0
3344.0,516.0
3344.0,516.0
3355.0,528.2100840336125
3360.0,535.0
3360.0,535.0
3370.0,551.0
3376.0,557.0
3376.0,557.0
3386.0,568.0
3391.0,572.0
3391.0,572.0
3402.0,578.0
3402.0,580.0
3402.0,580.0
3417.0,581.0
3422.0,580.0
3422.0,580.0
3433.0,577.0
3438.0,574.0
3438.0,574.0
3448.0,566.0
3453.0,561.0
3453.0,561.0
3464.0,548.0
3469.0,541.0
3469.0,541.0
3479.0,525.0
3485.0,525.0
3485.0,525.0
3495.0,525.0
3500.0,525.0
3500.0,525.0
3511.0,525.0
3516.0,525.0
3516.0,525.0
3526.0,525.0
3532.0,525.0
3532.0,525.0
3542.0,525.0
3547.0,525.0
3547.0,525.0
3557.0,525.0
3562.0,525.0
3562.0,525.0
3573.0,525.0
3578.0,525.0
3578.0,525.0
3588.0,525.0
3592.0,525.0
3592.0,525.0
3604.0,525.0
3609.0,525.0
3609.0,525.0
3620.0,525.0
3625.0,525.0
3625.0,525.0
3635.0,525.0
3640.0,525.0
3640.0,525.0
3651.0,525.0
3656.0,525.0
3656.0,525.0
3666.0,525.0
3671.0,525.0
3671.0,525.0
3682.0,525.0
3687.0,525.0
3687.0,525.0
3697.0,525.0
3703.0,525.0
3703.0,525.0
3713.0,525.0
3718.0,525.0
3718.0,525.0
3728.0,525.0
3734.0,525.0
3734.0,525.0
3742.9705882352955,525.0
3749.0,525.0
3749.0,525.0
3760.0,525.0
3765.0,525.0
3765.0,525.0
3775.0,525.0
3780.0,525.0
3780.0,525.0
3791.0,525.0
3796.0,525.0
3796.0,525.0
3806.0,525.0
3812.0,525.0
3812.0,525.0
3822.0,525.0
3827.0,525.0
3827.0,525.0
3837.0,525.0
3843.0,525.0
3848.0,525.0
3853.0,525.0
3858.0,525.0
3858.0,525.0
3869.0,525.0
3869.0,525.0
3869.0,525.0
3882.201248049924,525.0
3889.0,524.0
3889.0,524.0
3900.0,520.0
3905.0,518.0
3905.0,518.0
3915.0,528.0
3921.0,532.0
3921.0,532.0
3931.0,539.0
3936.0,541.0
3936.0,541.0
3926.0,543.0
3944.833333333328,542.0
3944.833333333328,542.0
3962.0,539.0
3967.0,537.0
3967.0,537.0
3978.0,529.0
3983.0,525.0
3983.0,525.0
4587.785714285623,525.0
3998.0,525.0
3998.0,525.0
4417.92423789599,525.0
4552.164524805732,525.0
4552.164524805732,525.0
4024.0,543.0
4452.527420800958,551.0
4452.527420800958,551.0
4417.683525606888,565.0
4045.0,571.0
4045.0,571.0
4055.0,580.0
4061.0,583.0
4061.0,583.0
4071.0,588.0
4076.0,589.0
4076.0,589.0
4087.0,588.0
4092.0,587.0
4092.0,587.0
4102.0,582.0
4107.0,578.0
4107.0,578.0
4118.0,569.0
4123.0,563.0
4123.0,563.0
4133.0,549.0
4138.0,540.0
4138.0,540.0
4147.460257974613,525.0
4154.0,525.0
4159.0,525.0
4164.0,525.0
4170.0,525.0
4175.0,525.0
4180.0,525.0
4180.0,525.0
4180.0,525.0
4193.964031578177,525.0
4201.0,525.0
4201.0,525.0
4211.0,525.0
4216.0,525.0
4216.0,525.0
4227.0,525.0
4232.0,525.0
4232.0,525.0
4242.0,525.0
4247.0,525.0
4247.0,525.0
4258.0,525.0
4263.0,525.0
4263.0,525.0
4273.0,536.806722689078
4279.0,543.0
4279.0,543.0
4289.0,559.0
4294.0,565.0
4294.0,565.0
4305.0,576.0
4310.0,580.0
4315.0,583.0
4320.0,586.0
4325.0,588.0
4325.0,588.0
4336.0,589.0
4341.0,588.0
4341.0,588.0
4351.0,585.0
4356.0,582.0
4356.0,582.0
4367.0,574.0
4372.000000000002,569.0
4372.000000000002,569.0
4382.0,556.0
4388.0,549.0
4388.0,549.0
4398.0,531.0
4403.0,525.0
4403.0,525.0
4414.0,525.0
4419.0,525.0
4419.0,525.0
4426.436974789918,525.0
4434.0,525.0
4434.0,525.0
4445.0,525.0
4450.0,525.0
4450.0,525.0
4460.0,525.0
4465.0,525.0
4465.0,525.0
4476.0,525.0
4481.0,535.0
4486.0,543.0
4491.0,551.0
4491.0,551.0
4491.0,551.0
4505.972314507198,565.1705426356593
4517.0,570.0
4517.0,570.0
4523.0,583.0
4528.0,586.0
4528.0,586.0
4538.0,589.0
4543.0,589.0
4543.0,589.0
4554.0,587.0
4559.0,585.0
4559.0,585.0
4569.0,578.0
4574.0,574.0
4574.0,574.0
4585.0,563.0
4590.0,556.0
4590.0,556.0
4600.0,540.0
4606.0,531.0
4611.0,525.0
4616.0,525.0
4621.0,525.0
4621.0,525.0
4631.0,525.0
4636.499999999998,525.0
4636.499999999998,525.0
4647.0,525.0
4652.0,525.0
4652.0,525.0
4660.609243697482,525.0
4668.0,525.0
4668.0,525.0
4678.0,525.0
4683.0,525.0
4689.0,525.0
4694.0,525.0
4699.0,525.0
4699.0,525.0
4709.0,525.0
4715.0,525.0
4715.0,525.0
4725.0,525.0
4730.0,525.0
4730.0,525.0
4740.0,525.0
4746.0,525.0
4746.0,525.0
4756.0,525.0
4761.0,525.0
4766.0,525.0
4772.0,525.0
4777.0,525.0
4777.0,525.0
4787.0,525.0
4792.0,525.0
4792.0,525.0
4803.0,525.0
4808.0,525.0
4808.0,525.0
4818.0,525.0
4823.0,525.0
4823.0,525.0
4834.0,525.0
4839.0,525.0
4824.0,525.0
4844.639087018542,525.0
4851.543509272466,525.0
4851.543509272466,525.0
4865.0,525.0
4870.0,525.0
4870.0,525.0
4881.0,525.0
4886.0,525.0
4886.0,525.0
4896.0,525.0
4901.0,525.0
4901.0,525.0
4912.0,525.0
4917.0,525.0
4917.0,525.0
4927.0,525.0
4937.0,525.0
4937.0,525.0
4943.0,525.0
4948.499999999999,525.0
4948.499999999999,525.0
4958.0,525.0
4962.0,525.0
4962.0,525.0
4974.0,525.0
4979.0,525.0
4979.0,525.0
4990.0,525.0
4995.0,525.0
4995.0,525.0
5005.0,525.0
5010.0,525.0
5010.0,525.0
5021.0,525.0
5026.0,525.0
5026.0,525.0
5030.0,525.0
5043.833333333331,525.0
5043.833333333331,525.0
5053.4656862745105,525.0
5057.0,525.0
5057.0,525.0
5067.0,525.0
5073.0,525.0
5073.0,525.0
5083.0,525.0
5083.0,525.0
5083.0,525.0
5093.0,525.0
5093.0,525.0
5104.0,525.0
5109.0,525.0
5114.0,525.0
5114.0,525.0
5125.855814457482,525.0
5135.0,525.0
5135.0,525.0
5145.0,525.0
5150.0,525.0
5150.0,525.0
5161.0,525.0
5166.0,525.0
5166.0,525.0
5176.0,525.0
5179.0,525.0
5179.0,525.0
5182.0,525.0
5182.0,525.0
5182.0,525.0
5182.0,525.0
5182.0,525.0
5182.0,525.0
5182.0,525.0
5182.0,525.0
5182.0,525.0
5182.0,525.0
5182.0,525.0
5182.0,525.0
5183.0,525.0
5181.0,525.0
5181.0,525.0
5188.0,525.0
5193.0,525.0
5193.0,525.0
5197.0,525.0
5201.0,525.0
5201.0,525.0
5210.0,525.0
5215.0,525.0
5215.0,525.0
5226.0,525.0
5231.0,525.0
5231.0,525.0
5241.0,524.0
5246.0,533.0
5246.0,533.0
5256.0,552.0
5262.0,559.0
5262.0,559.0
5272.0,572.0
5277.0,576.0
5277.0,576.0
5288.0,582.0
5293.0,587.0
5293.0,587.0
5303.0,589.0
5308.0,590.0
5308.0,590.0
5319.0,588.0
5324.0,586.0
5324.0,586.0
5334.0,575.0
5339.0,575.0
5339.0,575.0
5350.0,570.0
5355.0,575.0
5355.0,575.0
5365.0,596.0
5371.0,603.0
5371.0,603.0
5381.0,615.0
5386.0,620.0
5386.0,620.0
5396.0,628.0
5402.0,630.0
5402.0,630.0
5412.0,633.0
5417.0,633.0
5417.0,633.0
5428.0,632.0
5433.0,629.0
5433.0,629.0
5443.0,623.0
5448.0,618.0
5448.0,618.0
5459.0,607.0
5464.0,601.0
5464.0,601.0
5474.0,585.0
5480.0,576.0
5480.0,576.0
5490.0,566.0
5495.0,576.0
5500.0,584.0
5505.0,592.0
5511.0,599.0
5511.0,599.0
5521.0,611.0
5526.0,616.0
5526.0,616.0
5536.0,623.0
5542.0,625.0
5542.0,625.0
5552.0,627.0
5552.0,627.0
5552.0,627.0
5568.0,625.0
5573.0,623.0
5573.0,623.0
5583.0,616.0
5588.0,611.0
5588.0,611.0
5599.0,600.0
5602.0,593.0
5602.0,593.0
5614.0,577.0
5427.923586720899,571.0
5471.927030205006,574.0
5515.9304736890845,575.0
5636.0,577.0
5636.0,577.0
5647.0,580.0
5647.0,580.0
5647.0,580.0
5660.216848673948,585.0
5663.0,586.0
5663.0,586.0
5680.0,589.0
5686.0,591.0
5686.0,591.0
5697.0,594.0
5703.0,595.0
5703.0,595.0
5714.0,613.0
5719.0,621.0
5719.0,621.0
5729.0,635.0
5734.0,641.0
5734.0,641.0
5743.470588235289,650.0
5750.0,653.0
5750.0,653.0
5760.0,658.0
5765.0,659.0
5765.0,659.0
5777.0,659.0
5784.0,658.0
5784.0,658.0
5797.0,656.0
5802.0,656.0
5802.0,656.0
5816.0,654.0
5820.0,653.0
5820.0,653.0
5826.0,651.0
5827.0,650.0
5827.0,650.0
5830.0,648.1974789915957
5831.0,647.0
5831.0,647.0
5833.0,645.0
5835.0,644.0
5835.0,644.0
5839.0,642.0
5842.0,641.0
5842.0,641.0
5849.0,639.0
5853.0,638.0
5853.0,638.0
5862.0,635.0
5868.0,634.0
5868.0,634.0
5880.0,632.0
5886.0,631.0
5886.0,631.0
5898.0,628.0
5904.0,627.0
5910.0,626.0
5917.0,624.0
5922.0,624.0
5922.0,624.0
5927.0,623.0
5932.0,620.0
5932.0,620.0
5943.522716064527,610.0
5953.0,605.0
5953.0,605.0
5960.762698415559,592.0
5969.0,584.0
5969.0,584.0
5979.0,567.0
5985.0,560.0
5985.0,560.0
5998.0,559.0
6005.0,559.0
6005.0,559.0
6018.0,558.0
6025.0,558.0
6025.0,558.0
6039.0,557.0
6045.0,557.0
6045.0,557.0
6059.0,556.0
6056.0,556.0
6056.0,556.0
6079.0,556.0
6086.0,556.0
6086.0,556.0
6086.0,556.0
6100.0,555.0
6100.0,555.0
9357.092946802266,555.0
8143.552072711987,553.0
8143.552072711987,553.0
6134.0,572.0
6139.0,580.0
6139.0,580.0
6150.0,593.0
6155.0,599.0
6155.0,599.0
6165.0,608.0
6170.0,617.0
6170.0,617.0
6182.0,616.0
6186.0,617.0
6186.0,617.0
6196.0,617.0
6201.0,615.0
6201.0,615.0
6212.0,610.0
6217.0,607.0
6217.0,607.0
6227.0,611.8865546218494
6232.0,608.0
6232.0,608.0
6240.0,625.0
6242.0,633.0
6242.0,633.0
6246.0,638.3908701854525
6247.0,645.4350927246815
6247.0,645.4350927246815
6246.0,659.0
6245.0,662.0
6245.0,662.0
6242.0,666.0
6240.0,667.0
6240.0,667.0
6239.0,666.0
6240.0,664.0
6240.0,664.0
6242.0,665.0
6243.0,675.0
6243.0,675.0
6248.0,691.0
6251.0,698.0
6251.0,698.0
6259.0,710.0
6263.0,715.0
6263.0,715.0
6273.0,722.0
6278.0,714.0
6278.0,714.0
6289.0,727.0
6294.0,727.0
6294.0,727.0
5454.197478991118,724.0
6309.0,727.0
6309.0,727.0
6162.675283921009,715.0
6224.821059386042,711.0
6224.821059386042,711.0
6335.0,705.0
6320.0,705.0
6320.0,705.0
6346.45080763583,705.0
6356.0,705.0
6356.0,705.0
6366.0,705.0
6372.0,705.0
6372.0,705.0
6382.0,705.0
6382.0,705.0
6382.0,705.0
6398.0,705.0
6403.0,705.0
6403.0,705.0
6413.0,705.0
6413.0,705.0
6413.0,705.0
6429.0,705.0
6434.0,705.0
6434.0,705.0
6444.0,705.0
6449.0,705.0
6449.0,705.0
6460.0,705.0
6465.0,705.0
6465.0,705.0
6475.0,705.0
6481.0,705.0
6481.0,705.0
6491.0,705.0
6496.0,705.0
6496.0,705.0
6507.0,705.0
6512.0,705.0
6512.0,705.0
6521.310924369751,705.0
6527.0,705.0
6527.0,705.0
6538.0,705.0
6543.0,705.0
6543.0,705.0
6553.0,705.0
6558.0,705.0
6558.0,705.0
6569.0,705.0
6574.0,705.0
6574.0,705.0
6584.0,705.0
6590.0,705.0
6590.0,705.0
6600.0,705.0
6605.0,705.0
6605.0,705.0
6616.0,705.0
6621.0,704.9999999999997
6621.0,704.9999999999997
6631.0,705.0
6636.0,705.0
6636.0,705.0
6647.0,705.0
6652.0,705.0
6652.0,705.0
6662.0,705.0
6667.0,705.0
6667.0,705.0
6678.0,705.0
6683.0,705.0
6683.0,705.0
6693.0,705.0
6699.0,705.0
6699.0,705.0
6704.0,705.0
6709.0,705.0
6714.0,705.0
6725.0,705.0
6730.0,705.0
6730.0,705.0
6735.966386554624,705.0
6725.0,705.0
6725.0,705.0
6751.501383480223,705.0
6761.0,705.0
6761.0,705.0
6771.0,705.0
6776.0,705.0
6776.0,705.0
6787.0,705.0
6792.0,705.0
6792.0,705.0
6802.0,705.0
6808.0,705.0
6808.0,705.0
6818.0,705.0
6823.0,705.0
6823.0,705.0
6833.0,705.0
6839.0,705.0
6839.0,705.0
6849.0,705.0
6854.0,705.0
6854.0,705.0
6865.0,705.0
6870.0,705.0
6870.0,705.0
6880.0,705.0
6885.0,705.0
6885.0,705.0
6896.0,705.0
6901.0,705.0
6901.0,705.0
6911.0,705.0
6917.0,705.0
6917.0,705.0
6927.0,705.0
6932.0,705.0
6932.0,705.0
6942.0,705.0
6948.0,705.0
6948.0,705.0
6958.0,705.0
6963.0,705.0
6968.0,705.0
6974.0,705.0
6979.0,705.0
6979.0,705.0
6989.0,705.0
6994.0,705.0
6994.0,705.0
7005.0,705.0
7010.0,705.0
7010.0,705.0
7020.0,705.0
7026.0,705.0
7026.0,705.0
7036.0,705.0
7041.0,705.0
7041.0,705.0
7046.0,705.0
7051.0,705.0
7057.0,705.0
7067.0,705.0
7072.0,705.0
7072.0,705.0
7077.0,705.0
7083.0,705.0
7088.0,705.0
7098.0,705.0
7103.0,705.0
7103.0,705.0
7114.0,705.0
7119.0,705.0
7119.0,705.0
7129.0,705.0
7135.0,705.0
7135.0,705.0
7145.0,705.0
7150.0,705.0
7150.0,705.0
7160.0,705.0
7166.0,705.0
7166.0,705.0
7176.0,705.0
7181.0,705.0
7181.0,705.0
7192.0,705.0
7197.0,705.0
7197.0,705.0
7207.0,705.0
7212.0,705.0
7212.0,705.0
7223.0,705.0
7228.0,705.0
7228.0,705.0
7238.0,705.0
7243.0,705.0
7243.0,705.0
7254.0,705.0
7259.0,705.0
7259.0,705.0
7269.0,705.0
7275.0,705.0
7275.0,705.0
7285.0,705.0
7290.0,705.0
7290.0,705.0
7301.0,705.0
7306.0,705.0
7306.0,705.0
7316.0,705.0
7321.0,705.0
7321.0,705.0
7327.0,705.0
7332.0,705.0
7337.0,705.0
7344.881498200453,705.0
7351.5670347099385,705.0
7351.5670347099385,705.0
7363.0,705.0
7368.0,705.0
7368.0,705.0
7378.0,705.0
7384.0,705.0
7384.0,705.0
7394.0,705.0
7399.0,705.0
7399.0,705.0
7404.0,705.0
7410.0,705.0
7415.0,705.0
7420.0,705.0
7425.0,705.0
7425.0,705.0
7436.8558144574745,705.0
7446.0,705.0
7446.0,705.0
7456.0,705.0
7461.0,705.0
7461.0,705.0
7472.0,705.0
7477.0,705.0
7477.0,705.0
7487.0,705.0
7493.0,705.0
7493.0,705.0
7503.0,705.0
7508.0,705.0
7508.0,705.0
7519.0,705.0
7524.0,705.0
7524.0,705.0
7534.0,705.0
7539.0,705.0
7539.0,705.0
7550.0,705.0
7555.0,705.0
7555.0,705.0
7565.0,705.0
7570.0,705.0
7570.0,705.0
7581.0,705.0
7586.0,705.0
7586.0,705.0
7596.0,705.0
7602.0,705.0
7602.0,705.0
7612.0,704.9999999999999
7617.0,705.0
7617.0,705.0
7628.0,705.0
7633.0,705.0
7633.0,705.0
7643.0,705.0
7648.0,705.0
7648.0,705.0
7659.0,705.0
7664.0,705.0
7664.0,705.0
7674.0,705.0
7679.0,705.0
7679.0,705.0
7690.0,705.0
7695.0,705.0
7695.0,705.0
7700.0,705.0
7705.0,705.0
7711.0,705.0
7721.0,705.0
7726.0,705.0
7726.0,705.0
7736.0,705.0
7742.0,705.0
7742.0,705.0
7749.9369747899145,705.0
7757.0,705.0
7757.0,705.0
7768.0,705.0
7773.0,705.0
7773.0,705.0
7783.0,705.0
7772.166666666669,705.0
7772.166666666669,705.0
7772.166666666669,705.0
7804.0,705.0
7804.0,705.0
9758.942173929187,705.0
7820.0,705.0
7820.0,705.0
7830.0,705.0
7835.0,705.0
7835.0,705.0
7845.0,705.0
7851.0,705.0
7851.0,705.0
7861.0,705.0
7866.0,705.0
7871.0,705.0
7877.0,705.0
7882.0,705.0
7887.0,705.0
7892.0,705.0
7897.0,705.0
7903.0,705.0
7908.0,705.0
7913.0,705.0
7913.0,705.0
7923.0,705.0
7928.0,705.0
7928.0,705.0
7939.0,705.0
7944.0,705.0
7944.0,705.0
7954.0,705.0
7960.0,705.0
7960.0,705.0
7970.0,705.0
7975.0,705.0
7975.0,705.0
7980.0,705.0
7991.0,705.0
7991.0,705.0
8001.0,705.0
8006.0,705.0
8006.0,705.0
8017.0,705.0
8022.0,705.0
8022.0,705.0
8032.0,705.0
8037.0,705.0
8037.0,705.0
8048.0,705.0
8053.0,705.0
8053.0,705.0
8063.0,705.0
8069.0,705.0
8069.0,705.0
8079.0,705.0
8084.0,705.0
8084.0,705.0
8095.0,705.0
8100.0,705.0
8100.0,705.0
8110.0,705.0
8115.0,705.0
8115.0,705.0
8126.0,705.0
8131.0,705.0
8131.0,705.0
8141.0,705.0
8146.0,705.0
8146.0,705.0
8157.0,705.0
8162.0,705.0
8162.0,705.0
8172.0,705.0
8179.654008153541,706.431137066956
8182.668854754865,707.4714391163362
8185.506357438464,708.4505469275176
8187.543300518333,709.0952925499868
8187.543300518333,709.0952925499868
8191.0,709.0
8191.0,709.0
8191.0,709.0
8191.0,709.0
8191.0,709.0
8191.0,709.0
8191.0,709.0
8191.0,709.0
8191.0,709.0
8191.0,709.0
8191.0,709.0
8191.0,709.0
8191.0,709.0
8191.0,709.0
8191.0,709.0
8191.0,709.0
8191.0,709.0
8191.0,709.0
8191.0,709.0
8191.0,709.0
8191.0,709.0
8191.0,709.0
8191.0,709.0
8191.0,709.0
8191.0,709.0
8191.0,709.0
8191.0,709.0
8191.0,709.0
8191.0,709.0
8191.0,709.0
8191.0,709.0
8191.0,709.0
8191.0,709.0
8191.0,709.0
8191.0,709.0
8191.0,709.0
8191.0,709.0
8191.0,709.0
8191.0,709.0
8191.0,709.0
8191.0,709.0
8191.0,709.0
8191.0,709.0
8191.0,709.0
8191.0,709.0
8191.0,709.0
8191.0,709.0
8191.0,709.0
8191.0,709.0
8191.0,709.0
8191.0,709.0
8191.0,709.0
8191.0,709.0
8191.0,709.0
8191.0,708.0
8191.0,708.0
8191.0,708.0
8191.0,708.0
8191.0,708.0
8191.0,708.0
8191.0,708.0
8191.0,708.0
8191.0,708.0
8191.0,708.0
8191.0,708.0
8191.0,708.0
8191.0,708.0
8191.0,708.0
8191.0,708.0
8191.0,708.0
8191.0,708.0
8191.0,708.0
8191.0,708.0
8191.0,708.0
8191.0,708.0
8191.0,708.0
8191.0,708.0
8191.0,708.0
8191.0,708.0
8191.0,708.0
8191.0,708.0
8191.0,708.0
8191.0,708.0
8191.0,708.0
8191.0,708.0
8191.0,708.0
8191.0,708.0
8191.0,708.0
8191.0,708.0
8191.0,708.0
8191.0,707.0
8191.0,707.0
8191.0,707.0
8191.0,707.0
8191.0,707.0
8191.0,707.0
8191.0,707.0
8191.0,707.0
8191.0,707.0
8191.0,707.0
8191.0,707.0
8191.0,707.0
8191.0,707.0
8191.0,706.0
8191.0,706.0
8191.0,706.0
8191.0,706.0
8191.0,706.0
8191.0,706.0
8191.0,706.0
8191.0,706.0
8191.0,706.0
8191.0,706.0
8191.0,706.0
8191.0,705.0
8191.0,705.0
8191.0,705.0
8191.0,705.0
8191.0,705.0
8191.0,705.0
8191.0,705.0
8191.0,705.0
8191.0,705.0
8191.0,705.0
8191.0,705.0
8191.0,705.0
8191.0,705.0
8191.0,705.0
8191.0,705.0
8191.0,705.0
8191.0,705.0
8191.0,705.0
8191.0,705.0
8191.0,705.0
8191.0,705.0
8191.0,705.0
8191.0,705.0
8191.0,705.0
8191.0,705.0
8191.0,705.0
8191.0,705.0
8191.0,705.0
8191.0,705.0
8191.0,705.0
8191.0,705.0
8191.0,705.0
8191.0,705.0
8191.0,705.0
8191.0,705.0
8191.0,705.0
8191.0,705.0
8191.0,705.0
8191.0,705.0
8191.0,705.0
8191.0,705.0
8191.0,705.0
8191.0,705.0
8191.0,705.0
8191.0,705.0
8191.0,705.0
8191.0,705.0
8191.0,705.0
8191.0,705.0
8191.0,705.0
8191.0,705.0
8191.0,705.0
8191.0,705.0
8191.0,705.0
8191.0,705.0
8191.0,705.0
8191.0,705.0
8191.0,705.0
8191.0,705.0
8191.0,705.0
8191.0,705.0
8191.0,705.0
8191.0,705.0
8191.0,705.0
8191.0,705.0
8191.0,705.0
8191.0,705.0
8191.0,705.0
8191.0,705.0
8191.0,705.0
8191.0,705.0
8191.0,705.0
8191.0,705.0
8191.0,705.0
8191.0,705.0
8191.0,705.0
8191.0,705.0
8191.0,705.0
8191.0,705.0
8191.0,705.0
8191.0,705.0
8191.0,705.0
8191.0,705.0
8191.0,705.0
8191.0,705.0
8191.0,705.0
8191.0,705.0
8191.0,705.0
8191.0,705.0
8191.0,705.0
8191.0,705.0
8191.0,705.0
8191.0,705.0
8191.0,705.0
8191.0,705.0
8191.0,705.0
8191.0,705.0
8191.0,705.0
8191.0,705.0
8191.0,705.0
8191.0,705.0
8191.0,705.0
8191.0,705.0
8191.0,705.0
8191.0,705.0
8191.0,705.0
8191.0,705.0
8191.0,705.0
8191.0,705.0
8191.0,705.0
8191.0,705.0
8191.0,705.0
8191.0,705.0
8191.0,705.0
8191.0,705.0
8191.0,705.0
8191.0,705.0
8191.0,705.0
8191.0,705.0
8191.0,705.0
8191.0,705.0
8191.0,705.0
8191.0,705.0
8191.0,705.0
8191.0,705.0
8191.0,705.0
8191.0,705.0
8191.0,705.0
8191.0,705.0
8191.0,705.0
8191.0,705.0
8191.0,705.0
8191.0,705.0
8191.0,705.0
8191.0,705.0
8191.0,705.0
8191.0,705.0
8191.0,705.0
8191.0,705.0
8191.0,705.0
8191.0,705.0
8191.0,705.0
8191.0,705.0
8191.0,705.0
8191.0,705.0
8191.0,705.0
8191.0,705.0
8191.0,705.0
8191.0,705.0
8191.0,705.0
8191.0,705.0
8191.0,705.0
8191.0,705.0
8191.0,705.0
8191.0,705.0
8191.0,705.0
8191.0,705.0
8191.0,705.0
8191.0,705.0
8191.0,705.0
8191.0,705.0
8191.0,705.0
8191.0,705.0
8191.0,705.0
8191.0,705.0
8191.0,705.0
8191.0,705.0
8191.0,705.0
8191.0,705.0
8191.0,705.0
8191.0,705.0
8191.0,705.0
8191.0,705.0
8191.0,705.0
8191.0,705.0
8191.0,705.0
8191.0,705.0
8191.0,705.0
8191.0,705.0
8191.0,705.0
8191.0,705.0
8191.0,705.0
8191.0,705.0
8191.0,705.0
8191.0,705.0
8191.0,705.0
8191.0,705.0
8191.0,705.0
8191.0,705.0
8191.0,705.0
8191.0,705.0
8191.0,705.0
8191.0,705.0
8191.0,705.0
8191.0,705.0
8191.0,705.0
8191.0,705.0
8191.0,705.0
8191.0,705.0
8191.0,705.0
8191.0,705.0
8191.0,705.0
8191.0,705.0
8191.0,705.0
8191.0,705.0
8191.0,705.0
8191.0,705.0
8191.0,705.0
8191.0,705.0
8191.0,705.0
8191.0,705.0
8191.0,705.0
8191.0,705.0
8191.0,705.0
8191.0,705.0
8191.0,705.0
8191.0,705.0
8191.0,705.0
8191.0,705.0
8191.0,705.0
8191.0,705.0
8191.0,705.0
8191.0,705.0
8191.0,705.0
8191.0,705.0
8191.0,705.0
8191.0,705.0
8191.0,705.0
8191.0,705.0
8191.0,705.0
8191.0,705.0
8191.0,705.0
8191.0,705.0
8191.0,705.0
8191.0,705.0
8191.0,705.0
8191.0,705.0
8191.0,705.0
8191.0,705.0
8191.0,705.0
8191.0,705.0
8191.0,705.0
8191.0,705.0
8191.0,705.0
8191.0,705.0
8191.0,705.0
8191.0,705.0
8191.0,705.0
8191.0,705.0
8191.0,705.0
8191.0,705.0
8191.0,705.0
8191.0,705.0
8191.0,705.0
8191.0,705.0
8191.0,705.0
8191.0,705.0
8191.0,705.0
8191.0,705.0
8191.0,705.0
8191.0,705.0
8191.0,705.0
8191.0,705.0
8191.0,705.0
8191.0,705.0
8191.0,705.0
8191.0,705.0
8191.0,705.0
8191.0,705.0
8191.0,705.0
8191.0,705.0
8191.0,705.0
8191.0,705.0
8191.0,705.0
8191.0,705.0
8191.0,705.0
8191.0,705.0
8191.0,705.0
8191.0,705.0
8191.0,705.0
8191.0,705.0
8191.0,705.0
8191.0,705.0
8191.0,705.0
8191.0,705.0
8191.0,705.0
8191.0,705.0
8191.0,705.0
8191.0,705.0
8191.0,705.0
8191.0,705.0
8191.0,705.0
8191.0,705.0
8191.0,705.0
8191.0,705.0
8191.0,705.0
8191.0,705.0
8191.0,705.0
8191.0,705.0
8191.0,705.0
8191.0,705.0
8191.0,705.0
8191.0,705.0
8191.0,705.0
8191.0,705.0
8191.0,705.0
8191.0,705.0
8191.0,705.0
8191.0,705.0
8191.0,705.0
8191.0,705.0
8191.0,705.0
8191.0,705.0
8191.0,705.0
8191.0,705.0
8191.0,705.0
8191.0,705.0
8191.0,705.0
8191.0,705.0
8191.0,705.0
8191.0,705.0
8191.0,705.0
8191.0,705.0
8191.0,705.0
8191.0,705.0
8191.0,705.0
8191.0,705.0
8191.0,705.0
8191.0,705.0
8191.0,705.0
8191.0,705.0
8191.0,705.0
8191.0,705.0
8191.0,705.0
8191.0,705.0
8191.0,705.0
8191.0,705.0
8191.0,705.0
8191.0,705.0
8191.0,705.0
8191.0,705.0
8191.0,705.0
8191.0,705.0
8191.0,705.0
8191.0,705.0
8191.0,705.0
8191.0,705.0
8191.0,705.0
8191.0,705.0
8191.0,705.0
8191.0,705.0
8191.0,705.0
8191.0,705.0
8191.0,705.0
8191.0,705.0
8191.0,705.0
8191.0,705.0
8191.0,705.0
8191.0,705.0
8191.0,705.0
8191.0,705.0
8191.0,705.0
8191.0,705.0
8191.0,705.0
8191.0,705.0
8191.0,705.0
8191.0,705.0
8191.0,705.0
8191.0,705.0
8191.0,705.0
8191.0,705.0
8191.0,705.0
8191.0,705.0
8191.0,705.0
8191.0,705.0
8191.0,705.0
8191.0,705.0
8191.0,705.0
8191.0,705.0
8191.0,705.0
8191.0,705.0
8191.0,705.0
8191.0,705.0
8191.0,705.0
8191.0,705.0
8191.0,705.0
8191.0,705.0
8191.0,705.0
8191.0,705.0
8191.0,705.0
8191.0,705.0
8191.0,705.0
8191.0,705.0
8191.0,705.0
8191.0,705.0
8191.0,705.0
8191.0,705.0
8191.0,705.0
8191.0,705.0
8191.0,705.0
8191.0,705.0
8191.0,705.0
8191.0,705.0
8191.0,705.0
8191.0,705.0
8191.0,705.0
8191.0,705.0
8191.0,705.0
8191.0,705.0
8191.0,705.0
8191.0,705.0
8191.0,705.0
8191.0,705.0
8191.0,705.0
8191.0,705.0
8191.0,705.0
8191.0,705.0
8191.0,705.0
8191.0,705.0
8191.0,705.0
8191.0,705.0
8191.0,705.0
8191.0,705.0
8191.0,705.0
8191.0,705.0
8191.0,705.0
8191.000000000001,705.0000000000001
8191.000000000001,705.0000000000001
8191.000000000001,705.0
8191.000000000003,705.0000000000002
8191.000000000003,705.0000000000002
8191.0,705.0
8191.0,705.0
8191.0,705.0
8191.0,705.0
8191.0,705.0
8191.0,705.0
8191.0,705.0
8191.0,705.0
8191.0,705.0
8191.0,705.0
8191.0,705.0
8191.0,705.0
8191.0,705.0
8191.0,705.0
8191.0,705.0
8191.0,705.0
8191.0,705.0
8191.0,705.0
8191.0,705.0
8191.0,705.0
8191.0,705.0
8191.0,705.0
8191.0,705.0
8191.0,705.0
8191.0,705.0
8191.0,705.0
8191.0,705.0
8191.0,705.0
8191.0,705.0
8191.0,705.0
8191.0,705.0
8191.0,705.0
8191.0,705.0
8191.0,705.0
8191.0,705.0
8191.0,705.0
8191.0,705.0
8191.0,705.0
8191.0,705.0
8191.0,705.0
8191.0,705.0
8191.0,705.0
8191.0,705.0
8191.0,705.0
8191.0,705.0
8191.0,705.0
8191.0,705.0
8191.0,705.0
8191.0,705.0
8191.0,705.0
8191.0,705.0
8191.0,705.0
8191.0,705.0
8191.0,705.0
8191.0,705.0
8191.0,705.0
8191.0,705.0
8191.0,705.0
8191.0,705.0
8191.0,705.0
8191.0,705.0
8191.0,705.0
8191.0,705.0
8191.0,705.0
8191.0,705.0
8191.0,705.0
8191.0,705.0
8191.0,705.0
8191.0,705.0
8191.0,705.0
8191.0,705.0
8191.0,705.0
8191.0,705.0
8191.0,705.0
8191.0,705.0
8191.0,705.0
8191.0,705.0
8191.0,705.0
8191.0,705.0
8191.0,705.0
8191.0,705.0
8191.0,705.0
8191.0,705.0
8191.0,705.0
8191.0,705.0
8191.0,705.0
8191.0,705.0
8191.0,705.0
8191.0,705.0
8191.0,705.0
8191.0,705.0
8191.0,705.0
8191.0,705.0
8191.0,705.0
8191.0,705.0
8191.0,705.0
8191.0,705.0
8191.0,705.0
8191.0,705.0
8191.0,705.0
8191.0,705.0
8191.0,705.0
8191.0,705.0
8191.0,705.0
8191.0,705.0
8191.0,705.0
8191.0,705.0
8191.0,705.0
8191.0,705.0
8191.0,705.0
8191.0,705.0
8191.0,705.0
8191.0,705.0
8191.0,705.0
8191.0,705.0
8191.0,705.0
8191.0,705.0
8191.0,705.0
8191.0,705.0
8191.0,705.0
8191.0,705.0
8191.0,705.0
8191.0,705.0
8191.0,705.0
8191.0,705.0
8191.0,705.0
8191.0,705.0
8191.0,705.0
8191.0,705.0
8191.0,705.0
8191.0,705.0
8191.0,705.0
8191.0,705.0
8191.0,705.0
8191.0,705.0
8191.0,705.0
8191.0,705.0
8191.0,705.0
8191.0,705.0
8191.0,705.0
8191.0,705.0
8191.0,705.0
8191.0,705.0
8191.0,705.0
8191.0,705.0
8191.0,705.0
8191.0,705.0
8191.0,705.0
8191.0,705.0
8191.0,705.0
8191.0,705.0
8191.0,705.0
8191.0,705.0
8191.0,705.0
8191.0,705.0
8191.0,705.0
8191.0,705.0
8191.0,705.0
8191.0,705.0
8191.0,705.0
8191.0,705.0
8191.0,705.0
8191.0,705.0
8191.0,705.0
8191.0,705.0
8191.0,705.0
8191.0,705.0
8191.0,705.0
8191.0,705.0
8191.0,705.0
8191.0,705.0
8191.0,705.0
8191.0,705.0
8191.0,705.0
8191.0,705.0
8191.0,705.0
8191.0,705.0
8191.0,705.0
8191.0,705.0
8191.0,705.0
8191.0,705.0
8191.0,705.0
8191.0,705.0
8191.0,705.0
8191.0,705.0
8191.0,705.0
8191.0,705.0
8191.0,705.0
8191.0,705.0
8191.0,705.0
8191.0,705.0
8191.0,705.0
8191.0,705.0
8191.0,705.0
8191.0,705.0
8191.0,705.0
8191.0,705.0
8191.0,705.0
8191.0,705.0
8191.0,705.0
8191.0,705.0
8191.0,705.0
8191.0,705.0
8191.0,705.0
8191.0,705.0
8191.0,705.0
8191.0,705.0
8191.0,705.0
8191.0,705.0
8191.0,705.0
8191.0,705.0
8191.0,705.0
8191.0,705.0
8191.0,705.0
8191.0,705.0
8191.0,705.0
8191.0,705.0
8191.0,705.0
8191.0,705.0
8191.0,705.0
8191.0,705.0
8191.0,705.0
8191.0,705.0
8191.0,705.0
8191.0,705.0
8191.0,705.0
8191.0,705.0
8191.0,705.0
8191.0,705.0
8191.0,705.0
8191.0,705.0
8191.0,705.0
8191.0,705.0
8191.0,705.0
8191.0,705.0
8191.0,705.0
8191.0,705.0
8191.0,705.0
8191.0,705.0
8191.0,705.0
8191.0,705.0
8191.0,705.0
8191.0,705.0
8191.0,705.0
8191.0,705.0
8191.0,705.0
8191.0,705.0
8191.0,705.0
8191.0,705.0
8191.0,705.0
8191.0,705.0
8191.0,705.0
8191.0,705.0
8191.0,705.0
8191.0,705.0
8191.0,705.0
8191.0,705.0
8191.0,705.0
8191.0,705.0
8191.0,705.0
8191.0,705.0
8191.0,705.0
8191.0,705.0
8191.0,705.0
8191.0,705.0
8191.0,705.0
8191.0,705.0
8191.0,705.0
8191.0,705.0
8191.0,705.0
8191.0,705.0
8191.0,705.0
8191.0,705.0
8191.0,705.0
8191.0,705.0
8191.0,705.0
8191.0,705.0
8191.0,705.0
8191.0,705.0
8191.0,705.0
8191.0,705.0
8191.0,705.0
8191.0,705.0
8191.0,705.0
8191.0,705.0
8191.0,705.0
8191.0,705.0
8191.0,705.0
8191.0,705.0
8191.0,705.0
8191.0,705.0
8191.0,705.0
8191.0,705.0
8191.0,705.0
8191.0,705.0
8191.0,705.0
8191.0,705.0
8191.0,705.0
8191.0,705.0
8191.0,705.0
8191.0,705.0
8191.0,705.0
8191.0,705.0
8191.0,705.0
8191.0,705.0
8191.0,705.0
8191.0,705.0
8191.000000000002,705.0
8191.0,705.0
8191.0,705.0
8191.0,705.0
8191.0,705.0
8191.0,705.0
8191.0,705.0
8191.0,705.0
8191.0,705.0
8191.0,705.0
8191.0,705.0
8191.0,705.0
8191.0,705.0
8191.0,705.0
8191.0,705.0
8191.0,705.0
8191.0,705.0
8191.0,705.0
8191.0,705.0
8191.0,705.0
8191.0,705.0
8191.0,705.0
8191.0,705.0
8191.0,705.0
8191.0,705.0
8191.0,705.0
8191.0,705.0
8191.0,705.0
8191.0,705.0
8191.0,705.0
8191.0,705.0
8191.0,705.0
8191.0,705.0
8191.0,705.0
8191.0,705.0
8191.0,705.0
8191.0,705.0
8191.0,705.0
8191.0,705.0
8191.0,705.0
8191.0,705.0
8191.0,705.0
8191.0,705.0
8191.0,705.0
8191.0,705.0
8191.0,705.0
8191.0,705.0
8191.0,705.0
8191.0,705.0
8191.0,705.0
8191.0,705.0
8191.0,705.0
8191.0,705.0
8191.0,705.0
8191.0,705.0
8191.0,705.0
8191.0,705.0
8191.0,705.0
8191.0,705.0
8191.0,705.0
8191.0,705.0
8191.0,705.0
8191.0,705.0
8191.0,705.0
8191.0,705.0
8191.0,705.0
8191.0,705.0
8191.0,705.0
8191.0,705.0
8191.0,705.0
8191.0,705.0
8191.0,705.0
8191.0,705.0
8191.0,705.0
8191.0,705.0
8191.0,705.0
8191.0,705.0
8191.0,705.0
8191.0,705.0
8191.0,705.0
8191.0,705.0
8191.0,705.0
8191.0,705.0
8191.0,705.0
8191.0,705.0
8191.0,705.0
8191.0,705.0
8191.0,705.0
8191.0,705.0
8191.0,705.0
8191.0,705.0
8191.0,705.0
8191.0,705.0
8191.0,705.0
8191.0,705.0
8191.0,705.0
8191.0,705.0
8191.0,705.0
8191.0,705.0
8191.0,705.0
8191.0,705.0
8191.0,705.0
8191.0,705.0
8191.0,705.0
8191.0,705.0
8191.0,705.0
8191.0,705.0
8191.0,705.0
8190.999999999998,704.9999999999999
8191.0,705.0
8191.0,705.0
8191.0,705.0
8191.0,705.0
8191.0,705.0
8191.0,705.0
8191.0,705.0
8191.0,705.0
8191.0,705.0
8191.0,705.0
8191.0,705.0
8191.0,705.0
8191.0,705.0
8191.0,705.0
8191.0,705.0
8191.0,705.0
8191.0,705.0
8191.0,705.0
8191.0,705.0
8191.0,705.0
8191.0,705.0
8191.0,705.0
8191.0,705.0
8191.0,705.0
8191.0,705.0
8191.0,705.0
8191.0,705.0
8191.0,705.0
8191.0,705.0
8191.0,705.0
8191.0,705.0
8191.0,705.0
8191.0,705.0
8191.0,705.0
8191.0,705.0
8191.0,705.0
8191.0,705.0
8191.0,705.0
8191.0,705.0
8191.0,705.0
8191.0,705.0
8191.0,705.0
8191.0,705.0
8191.0,705.0
8191.0,705.0
8191.0,705.0
8191.0,705.0
8191.0,705.0
8191.0,705.0
8191.0,705.0
8191.0,705.0
8191.0,705.0
8191.0,705.0
8191.0,705.0
8191.0,705.0
8191.0,705.0
8191.0,705.0
8191.0,705.0
8191.0,705.0
8191.0,705.0
8191.0,705.0
8191.0,705.0
8191.0,705.0
8191.0,705.0
8191.0,705.0
8191.0,705.0
8191.0,705.0
8191.0,705.0
8191.0,705.0
8191.0,705.0
8191.0,705.0
8191.0,705.0
8191.0,705.0
8191.0,705.0
8191.0,705.0
8191.0,705.0
8191.0,705.0
8191.0,705.0
8191.0,705.0
8191.0,705.0
8191.0,705.0
8191.0,705.0
8191.0,705.0
8191.0,705.0
8191.0,705.0
8191.0,705.0
8191.0,705.0
8191.0,705.0
8191.0,705.0
8191.0,705.0
8191.0,705.0
8191.0,705.0
8191.0,705.0
8191.0,705.0
8191.0,705.0
8191.0,705.0
8191.0,705.0
8191.0,705.0
8191.0,705.0
8191.0,705.0
8191.0,705.0
8191.0,705.0
8191.0,705.0
8191.0,705.0
8191.0,705.0
8191.0,705.0
8191.0,705.0
8191.0,705.0
8191.0,705.0
8191.0,705.0
8191.0,705.0
8191.0,705.0
8191.0,705.0
8191.0,705.0
8191.0,705.0
8191.0,705.0
8191.0,705.0
8191.0,705.0
8191.0,705.0
8191.0,705.0
8191.0,705.0
8191.0,705.0
8191.0,705.0
8191.0,705.0
8191.0,705.0
8191.0,705.0
8191.0,705.0
8191.0,705.0
8191.0,705.0
8191.0,705.0
8191.0,705.0
8191.0,705.0
8191.0,705.0
8191.0,705.0
8191.0,705.0
8191.0,705.0
8191.0,705.0
8191.0,705.0
8191.0,705.0
8191.0,705.0
8191.0,705.0
8191.0,705.0
8191.0,705.0
8191.0,705.0
8191.0,705.0
8191.0,705.0
8191.0,705.0
8191.0,705.0
8191.0,705.0
8191.0,705.0
8191.0,705.0
8191.0,705.0
8191.0,705.0
8191.0,705.0
8191.0,705.0
8191.0,705.0
8191.0,705.0
8191.0,705.0
8189.0,705.0
8187.0,705.0
8185.0,705.0
8183.0,705.0
8180.0,705.0
8180.0,705.0
8173.0,705.0
8168.0,705.0
8163.0,705.0
8158.0,705.0
8153.0,705.0
8153.0,705.0
8143.0,705.0
8138.0,705.0
8138.0,705.0
8127.0,705.0
8122.0,705.0
8117.0,705.0
8112.0,705.0
8106.0,705.0
8101.0,705.0
8096.0,705.0
8091.0,705.0
8086.0,705.0
8080.0,705.0
8075.0,705.0
8070.0,705.0
8065.0,705.0
8060.0,705.0
8055.0,705.0
8049.0,705.0
8044.0,705.0
8039.0,705.0
8034.0,705.0
8029.0,705.0
8023.0,705.0
8018.0,705.0
8013.0,705.0
8008.0,705.0
8003.0,705.0
7997.0,705.0
7997.0,705.0
7987.0,705.0
7982.0,705.0
7977.0,705.0
7971.0,705.0
7966.0,705.0
7961.0,705.0
7956.0,705.0
7951.0,705.0
7946.0,705.0
7940.0,705.0
7940.0,705.0
7935.0,705.0
7925.0,705.0
7920.0,705.0
7920.0,705.0
7912.0,705.0
7910.0,705.0
7910.0,705.0
7909.0,705.0
7909.0,705.0
7910.0,705.0
7911.0,705.0
7912.0,705.0
7912.0,705.0
7917.0,705.0
7920.0,705.0
7920.0,705.0
7923.0,705.0
7927.0,705.0
7931.0,705.0
7941.0,705.0
7946.0,705.0
7946.0,705.0
7957.0,705.0
7962.0,705.0
7962.0,705.0
7972.0,705.0
7977.0,705.0
7977.0,705.0
7988.0,705.0
7993.0,705.0
7993.0,705.0
8003.0,705.0
8009.0,705.0
8009.0,705.0
8019.0,705.0
8024.0,705.0
8024.0,705.0
8035.0,705.0
8040.0,705.0
8045.0,705.0
8050.0,705.0
8055.0,705.0
8055.0,705.0
8066.0,705.0
8071.0,705.0
8071.0,705.0
8081.0,705.0
8086.0,705.0
8086.0,705.0
8097.0,705.0
8102.0,705.0
8102.0,705.0
8107.0,705.0
8112.0,705.0
8118.0,705.0
8123.0,705.0
8128.0,705.0
8133.0,705.0
8138.0,705.0
8144.0,705.0
8144.0,705.0
8154.704671489679,705.0
8164.0,705.0
8164.0,705.0
8175.0,716.806722689078
8180.0,723.0
8180.0,723.0
8190.0,739.0
8195.0,745.0
8195.0,745.0
8201.0,751.0
8206.0,756.0
8211.0,760.0
8221.0,766.0
8227.0,768.0
8227.0,768.0
8237.0,769.0
8242.0,768.0
8242.0,768.0
8252.0,765.0
8258.0,762.0
8258.0,762.0
8268.0,759.0
8273.0,758.0
8273.0,758.0
8284.0,758.0
8289.0,758.0
8289.0,758.0
8299.0,757.0
8304.0,757.0
8304.0,757.0
8315.0,757.0
8320.0,756.0
8320.0,756.0
8330.0,755.0
8336.0,754.0
8336.0,754.0
8346.0,749.0
8351.0,745.0
8351.0,745.0
8362.0,735.0
8367.0,729.0
8367.0,729.0
8377.0,714.0
8382.0,706.0
8382.0,706.0
8392.0,705.0
8392.0,705.0
8392.0,705.0
8397.0,705.0
8397.0,705.0
8397.0,705.0
8397.0,705.0
8397.0,705.0
8397.0,705.0
8397.0,705.0
8397.0,705.0
8397.0,705.0
8397.0,705.0
8397.0,705.0
8397.0,705.0
8397.0,705.0
8397.0,705.0
8397.0,705.0
8397.0,705.0
8397.0,705.0
8397.0,705.0
8397.0,705.0
8397.0,705.0
8397.0,705.0
8397.0,705.0
8428.608441516335,705.0
8428.608441516335,705.0
8454.677898392314,705.0
8472.057536309629,705.0
8472.057536309629,705.0
8498.126993185608,705.0
8515.506631102915,705.0
8515.506631102915,705.0
8541.576087978894,705.0
8558.955725896209,705.0
8558.955725896209,705.0
8589.0,705.0
8592.0,705.0
8592.0,705.0
8600.0,705.0
8602.0,705.0
8602.0,705.0
8614.0,705.0
8620.0,705.0
8620.0,705.0
8630.0,705.0
8635.0,705.0
8635.0,705.0
8645.0,705.0
8651.0,705.0
8651.0,705.0
8661.0,705.0
8666.0,705.0
8666.0,705.0
8677.0,705.0
8682.0,705.0
8682.0,705.0
8692.0,705.0
8697.0,705.0
8697.0,705.0
8708.0,705.0
8713.0,705.0
8713.0,705.0
8723.0,705.0
8728.0,705.0
8728.0,705.0
8739.0,705.0
8744.0,705.0
8744.0,705.0
8749.0,705.0
8754.0,705.0
8760.0,705.0
8765.0,705.0
8770.0,705.0
8770.0,705.0
8781.85581445749,705.0
8791.0,705.0
8791.0,705.0
8801.0,705.0
8806.0,705.0
8806.0,705.0
8817.0,705.0
8822.0,705.0
8822.0,705.0
8832.0,705.0
8837.0,705.0
8837.0,705.0
8848.0,705.0
8853.0,705.0
8853.0,705.0
8863.0,705.0
8869.0,705.0
8869.0,705.0
8879.0,705.0
8884.0,705.0
8884.0,705.0
8895.0,705.0
8900.0,705.0
8900.0,705.0
8910.0,705.0
8915.0,705.0
8915.0,705.0
8926.0,705.0
8931.0,705.0
8931.0,705.0
8941.0,705.0
8946.0,705.0
8946.0,705.0
8957.0,705.0
8962.0,705.0
8962.0,705.0
8972.0,705.0
8978.0,705.0
8978.0,705.0
8988.0,705.0
8993.0,705.0
8993.0,705.0
9002.0,705.0
9009.0,705.0
9009.0,705.0
9019.0,705.0
9024.0,705.0
9024.0,705.0
9035.0,705.0
9040.0,705.0
9040.0,705.0
9050.0,705.0
9055.0,705.0
9055.0,705.0
9066.0,705.0
9071.0,705.0
9071.0,705.0
9081.0,705.0
9087.0,705.0
9087.0,705.0
9097.0,705.0
9102.0,705.0
9102.0,705.0
9113.0,705.0
9118.0,705.0
9118.0,705.0
9128.0,705.0
9133.0,705.0
9133.0,705.0
9144.0,705.0
9149.0,705.0
9149.0,705.0
9159.0,705.0
9164.0,705.0
9164.0,705.0
9175.0,705.0
9180.0,705.0
9180.0,705.0
9190.0,705.0
9196.0,705.0
9196.0,705.0
9206.0,705.0
9211.0,705.0
9211.0,705.0
9222.0,705.0
9227.0,705.0
9227.0,705.0
9237.0,705.0
9242.0,705.0
9242.0,705.0
9253.0,705.0
9258.0,705.0
9258.0,705.0
9268.0,705.0
9273.0,705.0
9273.0,705.0
9284.0,705.0
9289.0,705.0
9289.0,705.0
9299.0,705.0
9305.0,705.0
9305.0,705.0
9315.0,705.0
9320.0,705.0
9320.0,705.0
9331.0,705.0
9336.0,705.0
9336.0,705.0
9346.0,705.0
9351.0,705.0
9351.0,705.0
9362.0,705.0
9367.0,705.0
9367.0,705.0
9377.0,705.0
9382.0,705.0
9382.0,705.0
9393.0,705.0
9398.0,705.0
9398.0,705.0
9408.0,705.0
9414.0,705.0
9414.0,705.0
9424.0,705.0
9429.0,705.0
9429.0,705.0
9439.0,705.0
9445.0,705.0
9445.0,705.0
9455.0,705.0
9460.0,705.0
9460.0,705.0
9471.0,705.0
9476.0,705.0
9476.0,705.0
9486.0,705.0
9491.0,715.0
9491.0,715.0
9502.0,731.0
9507.0,733.0
9507.0,733.0
9517.0,730.0
9523.0,727.0
9528.0,724.0
9533.0,720.0
9538.0,715.0
9538.0,715.0
9548.0,708.0
9554.0,717.0
9554.0,717.0
9564.0,734.0
9569.0,741.0
9569.0,741.0
9580.0,753.0
9585.0,758.0
9585.0,758.0
9595.0,766.0
9600.0,768.0
9600.0,768.0
9611.0,771.0
9616.0,771.0
9616.0,771.0
9626.0,770.0
9632.0,767.0
9632.0,767.0
9642.0,761.0
9647.0,756.0
9647.0,756.0
9652.0,744.7352941176396
9663.0,739.0
9663.0,739.0
9673.0,723.0
9673.0,714.0
9673.0,714.0
9683.0,705.0
9689.0,705.0
9694.0,705.0
9699.0,705.0
9704.0,705.0
9704.0,705.0
9715.855814457473,705.0
9725.0,705.0
9725.0,705.0
9735.0,705.0
9741.0,705.0
9741.0,705.0
9751.0,705.0
9756.0,705.0
9756.0,705.0
9766.0,705.0
9772.0,705.0
9772.0,705.0
9782.0,705.0
9787.0,705.0
9787.0,705.0
9792.0,705.0
9798.0,705.0
9803.0,705.0
9813.0,705.0
9818.0,705.0
9818.0,705.0
9829.0,705.0
9834.0,705.0
9834.0,705.0
9844.0,705.0
9849.0,705.0
9849.0,705.0
9860.0,705.0
9865.0,705.0
9865.0,705.0
9875.0,705.0
9881.0,705.0
9881.0,705.0
9891.0,705.0
9896.0,705.0
9896.0,705.0
9907.0,705.0
9912.0,705.0
9912.0,705.0
9922.0,705.0
9927.0,705.0
9927.0,705.0
9938.0,705.0
9943.0,705.0
9943.0,705.0
9953.0,705.0
9958.0,705.0
9958.0,705.0
9969.0,705.0
9974.0,705.0
9974.0,705.0
9984.0,705.0
9990.0,705.0
9990.0,705.0
9995.0,705.0
10000.0,705.0
10005.0,705.0
10010.0,705.0
10016.0,705.0
10016.0,705.0
10027.393447224771,705.0
10036.0,705.0
10036.0,705.0
10047.0,705.0
10052.0,705.0
10052.0,705.0
10062.0,705.0
10067.0,705.0
10067.0,705.0
10078.0,705.0
10083.0,705.0
10083.0,705.0
10093.0,705.0
10099.0,705.0
10099.0,705.0
10109.0,705.0
10114.0,705.0
10114.0,705.0
10125.0,708.0
10130.0,708.0
10130.0,708.0
10140.0,708.0
10145.0,708.0
10145.0,708.0
10156.0,708.0
10161.0,708.0
10161.0,708.0
10171.0,708.0
10176.0,707.0
10176.0,707.0
10185.0,707.0
10185.0,705.0
10185.0,705.0
10185.0,705.0
10185.0,705.0
10185.0,705.0
10185.0,705.0
10185.0,705.0
10185.0,705.0
10185.0,705.0
10185.0,705.0
10185.0,705.0
10185.0,705.0
10185.0,705.0
10185.0,705.0
10185.0,705.0
10185.0,705.0
10185.0,705.0
10185.0,705.0
10185.0,705.0
10185.0,705.0
10185.0,705.0
10185.0,705.0
10185.0,705.0
10185.0,705.0
10185.0,705.0
10185.0,705.0
10185.0,705.0
10185.0,705.0
10185.0,705.0
10185.0,705.0
10185.0,705.0
10185.0,705.0
10185.0,705.0
10185.0,705.0
10185.0,705.0
10185.0,705.0
10185.0,705.0
10185.0,705.0
10185.0,705.0
10185.0,705.0
10185.0,705.0
10185.0,705.0
10185.0,705.0
10185.0,705.0
10185.0,705.0
10185.0,705.0
10185.0,705.0
10185.0,705.0
10185.0,705.0
10185.0,705.0
10185.0,705.0
10185.0,705.0
10185.0,705.0
10185.0,705.0
10185.0,705.0
10185.0,705.0
10185.0,705.0
10185.0,705.0
10185.0,705.0
10185.0,705.0
10185.0,705.0
10185.0,705.0
10185.0,705.0
10185.0,705.0
10185.0,705.0
10185.0,705.0
10185.0,705.0
10185.0,705.0
10185.0,705.0
10185.0,705.0
10185.0,705.0
10185.0,705.0
10185.0,705.0
10185.0,705.0
10185.0,705.0
10185.0,705.0
10185.0,705.0
10185.0,705.0
10185.0,705.0
10185.0,705.0
10185.0,705.0
10185.0,705.0
10185.0,705.0
10185.0,705.0
10185.0,705.0
10185.0,705.0
10185.0,705.0
10185.0,705.0
10185.0,705.0
10185.0,705.0
10185.0,705.0
10185.0,705.0
10185.0,705.0
10185.0,705.0
10185.0,705.0
10185.0,705.0
10185.0,705.0
10185.0,705.0
10185.0,705.0
10185.0,705.0
10185.0,705.0
10185.0,705.0
10185.0,705.0
10185.0,705.0
10185.0,705.0
10185.0,705.0
10185.0,705.0
10185.0,705.0
10185.0,705.0
10185.0,705.0
10185.0,705.0
10185.0,705.0
10185.0,705.0
10185.0,705.0
10185.0,705.0
10185.0,705.0
10185.0,705.0
10185.0,705.0
10185.0,705.0
10185.0,705.0
10185.0,705.0
10185.0,705.0
10185.0,705.0
10185.0,705.0
10185.0,705.0
10185.0,705.0
10185.0,705.0
10185.0,705.0
10185.0,705.0
10185.0,705.0
10185.0,705.0
10185.0,705.0
10185.0,705.0
10185.0,705.0
10185.0,705.0
10185.0,705.0
10185.0,705.0
10185.0,705.0
10185.0,705.0
10185.0,705.0
10185.0,705.0
10185.0,705.0
10185.0,705.0
10185.0,705.0
10185.0,705.0
10185.0,705.0
10185.0,705.0
10185.0,705.0
10185.0,705.0
10185.0,705.0
10185.0,705.0
10185.0,705.0
10185.0,705.0
10185.0,705.0
10185.0,705.0
10185.0,705.0
10185.0,705.0
10185.0,705.0
10185.0,705.0
10185.0,705.0
10185.0,705.0
10185.0,705.0
10185.0,705.0
10185.0,705.0
10185.0,705.0
10185.0,705.0
10185.0,705.0
10185.0,705.0
10185.0,705.0
10185.0,705.0
10185.0,705.0
10185.0,705.0
10185.0,705.0
10185.0,705.0
10185.0,705.0
10185.0,705.0
10185.0,705.0
10185.0,705.0
10185.0,705.0
10185.0,705.0
10185.0,705.0
10185.0,705.0
10185.0,705.0
10185.0,705.0
10185.0,705.0
10185.0,705.0
10185.0,705.0
10185.0,705.0
10185.0,705.0
10185.0,705.0
10185.0,705.0
10185.0,705.0
10185.0,705.0
10185.0,705.0
10185.0,705.0
10185.0,705.0
10185.0,705.0
10185.0,705.0
10185.0,705.0
10185.0,705.0
10185.0,705.0
10185.0,705.0
10185.0,705.0
10185.0,705.0
10185.0,705.0
10185.0,705.0
10185.0,705.0
10185.0,705.0
10185.0,705.0
10185.0,705.0
10185.0,705.0
10185.0,705.0
10185.0,705.0
10185.0,705.0
10185.0,705.0
10185.0,705.0
10185.0,705.0
10185.0,705.0
10185.0,705.0
10185.0,705.0
10185.0,705.0
10185.0,705.0
10185.0,705.0
10185.0,705.0
10185.0,705.0
10185.0,705.0
10185.0,705.0
10185.0,705.0
10185.0,705.0
10185.0,705.0
10185.0,705.0
10185.0,705.0
10185.0,705.0
10185.0,705.0
10185.0,705.0
10185.0,705.0
10185.0,705.0
10185.0,705.0
10185.0,705.0
10185.0,705.0
10185.0,705.0
10185.0,705.0
10185.0,705.0
10185.0,705.0
10185.0,705.0
10185.0,705.0
10185.0,705.0
10185.0,705.0
10184.999999999998,705.0000000000002
10184.999999999998,705.0000000000001
10184.999999999998,705.0
10184.999999999998,705.0
10185.0,705.0
10185.0,705.0
10185.0,705.0
10185.0,705.0
10185.0,705.0
10185.0,705.0
10185.0,705.0
10185.0,705.0
10185.0,705.0
10185.0,705.0
10185.0,705.0
10185.0,705.0
10185.0,705.0
10185.0,705.0
10185.0,705.0
10185.0,705.0
10185.0,705.0
10185.0,705.0
10185.0,705.0
10185.0,705.0
10185.0,705.0
10185.0,705.0
10185.0,705.0
10185.0,705.0
10185.0,705.0
10185.0,705.0
10185.0,705.0
10185.0,705.0
10185.0,705.0
10185.0,705.0
10185.0,705.0
10185.0,705.0
10185.0,705.0
10185.0,705.0
10185.0,705.0
10185.0,705.0
10185.0,705.0
10185.0,705.0
10185.0,705.0
10185.0,705.0
10185.0,705.0
10185.0,705.0
10185.0,705.0
10185.0,705.0
10185.0,705.0
10185.0,705.0
10185.0,705.0
10185.0,705.0
10185.0,705.0
10185.0,705.0
10185.0,705.0
10185.0,705.0
10185.0,705.0
10185.0,705.0
10185.0,705.0
10185.0,705.0
10185.0,705.0
10185.0,705.0
10185.0,705.0
10185.0,705.0
10185.0,705.0
10185.0,705.0
10185.0,705.0
10185.0,705.0
10185.0,705.0
10185.0,705.0
10185.0,705.0
10185.0,705.0
10185.0,705.0
10185.0,705.0
10185.0,705.0
10185.0,705.0
10185.0,705.0
10185.0,705.0
10185.0,705.0
10185.0,705.0
10185.0,705.0
10185.0,705.0
10184.0,705.0
10184.0,705.0
10181.0,705.0
10178.0,705.0
10178.0,705.0
10170.0,705.0
10167.0,705.0
10167.0,705.0
10159.0,705.0
10157.0,705.0
10157.0,705.0
10154.0,705.0
10153.0,705.0
10153.0,705.0
10152.0,705.0
10152.0,705.0
10152.0,705.0
10152.0,705.0
10152.0,705.0
10152.0,705.0
10152.0,705.0
10152.0,705.0
10152.0,705.0
10152.0,705.0
10152.0,705.0
10152.0,705.0
10152.0,705.0
10152.0,705.0
10152.0,705.0
10152.0,705.0
10152.0,705.0
10152.0,705.0
10152.0,705.0
10152.0,705.0
10152.0,705.0
10152.0,705.0
10152.0,705.0
10152.0,705.0
10152.0,705.0
10152.0,705.0
10152.0,705.0
10152.0,705.0
10152.0,705.0
10152.0,705.0
10152.0,705.0
10152.0,705.0
10152.0,705.0
10152.0,705.0
10152.0,705.0
10152.0,705.0
10152.0,705.0
10152.0,705.0
10152.0,705.0
10152.0,705.0
10152.0,705.0
10152.0,705.0
10152.0,705.0
10152.0,715.0
10152.0,715.0
10152.0,731.0
10152.0,739.0
10152.0,739.0
10152.0,751.0
10152.0,756.0
10152.0,756.0
10152.0,763.0
10152.0,766.0
10152.0,766.0
10152.0,769.0
10152.0,769.0
10152.0,769.0
10152.0,767.0
10152.0,765.0
10152.0,765.0
10152.0,758.0
10152.0,754.0
10152.0,754.0
10152.0,743.0
10152.0,736.0
10152.0,736.0
10152.0,720.0
10152.0,711.0
10152.0,711.0
10152.0,690.831932773086
10152.0,679.0
10152.0,679.0
10152.0,655.6783066167554
10152.0,641.0
10152.0,641.0
10152.0,616.7297133504471
10152.0,608.629717138152
10152.0,608.629717138152
10152.0,576.5920113009779
10152.0,560.0
10152.0,560.0
10152.0,536.4864739717523
10152.0,519.0
10152.0,519.0
10152.0,492.3654533416193
10152.0,479.0
10152.0,479.0
10152.0,456.95416495647805
10152.0,158.0
10152.0,158.0
10152.0,126.7420737787179
10152.0,102.0
10152.0,102.0
10152.0,102.0
10152.0,102.0
10152.0,102.0
10152.0,102.0
10152.0,102.0
10152.0,102.0
10152.0,102.0
10152.0,102.0
10152.0,102.0
10152.0,102.0
10152.0,102.0
10152.0,102.0
10152.0,102.0
10152.0,102.0
10152.0,102.0
10152.0,102.0
10152.0,102.0
10152.0,102.0
10152.0,102.0
10152.0,102.0
10152.0,102.0
10152.0,102.0
10152.0,102.0
10152.0,102.0
10152.0,102.0
10152.0,102.0
10152.0,102.0
10152.0,102.0
10152.0,102.0
10152.0,102.0
10152.0,102.0
10152.0,102.0
10152.0,102.0
10152.0,102.0
10152.0,102.0
10152.0,102.0
10152.0,102.0
10152.0,102.0
10152.0,102.0
10152.0,102.0
10152.0,102.0
10152.0,102.0
10152.0,102.0
10152.0,102.0
10152.0,102.0
10152.0,102.0
10152.0,102.0
10152.0,102.0
10152.0,102.0
10152.0,102.0
10152.0,102.0
10152.0,102.0
10152.0,102.0
10152.0,102.0
10152.0,102.0
10152.0,102.0
10152.0,102.0
10152.0,102.0
10152.0,102.0
10152.0,102.0
10152.0,102.0
10152.0,102.0
10152.0,102.0
10152.0,102.0
10152.0,102.0
10152.0,102.0
10152.0,111.0
10152.0,120.0
10152.0,120.0
10152.0,135.0
10152.0,142.0
10152.0,142.0
10152.0,152.0
10152.0,157.0
10152.0,157.0
10152.0,163.0
10152.0,164.0
10152.0,164.0
10152.0,166.0
10152.0,165.0
10152.0,165.0
10152.0,162.0
10152.0,159.0
10152.0,159.0
10152.0,151.0
10152.0,146.0
10152.0,146.0
10152.0,140.0
10152.0,125.0
10152.0,117.0
10152.0,108.0
10152.0,104.0
10152.0,104.0
10152.0,123.0
10152.0,131.0
10152.0,138.0
10152.0,144.0
10152.0,150.0
10152.0,150.0
10152.0,159.0
10152.0,162.0
10152.0,165.0
10152.0,167.0
10152.0,167.0
10152.0,167.0
10152.0,167.0
10152.0,167.0
10152.000000000002,160.72489334377315
10152.000000000002,156.6666426267293
10152.000000000002,152.60839190968545
10152.000000000002,148.55014119263797
10152.000000000002,144.49189047559412
10152.000000000002,140.43363975855027
10152.000000000002,136.37538904150642
10151.999999999998,132.50097374757024
10151.999999999998,129.9491580082249
10151.999999999998,129.9491580082249
10152.0,120.01546016707653
10152.0,102.0
10152.0,102.0
10152.0,102.0
10152.0,102.0
10152.0,102.0
10152.0,102.0
10152.0,102.0
10152.0,102.0
10152.0,102.0
10152.0,102.0
10152.0,102.0
10152.0,102.0
10152.0,102.0
10152.0,102.0
10152.0,102.0
10152.0,102.0
10152.0,102.0
10152.0,102.0
10152.0,102.0
10152.0,102.0
10152.0,102.0
10152.0,102.0
10152.0,102.0
10152.0,102.0
10152.0,102.0
10152.0,102.0
10152.0,102.0
10152.0,102.0
10152.0,102.0
10152.0,102.0
10152.0,102.0
10152.0,102.0
10152.0,102.0
10152.0,102.0
