Voidflew, 16
42,225
42,225
42,225
42,225
51.0,225.0
51.0,225.0
51.0,225.0
58.0,225.0
58.0,225.0
67.0,225.0
67.0,225.0
78.0,225.0
78.0,225.0
90.0,225.0
90.0,225.0
90.0,225.0
101.0,225.0
101.0,225.0
113.0,225.0
113.0,225.0
113.0,225.0
125.0,225.0
136.0,225.0
136.0,225.0
136.0,225.0
148.0,225.0
148.0,225.0
160.0,225.0
160.0,225.0
160.0,225.0
171.0,225.0
183.0,225.0
183.0,225.0
183.0,225.0
195.0,225.0
195.0,225.0
206.0,225.0
206.0,225.0
206.0,225.0
218.0,225.0
230.0,239.0
230.0,239.0
230.0,239.0
230.0,239.0
241.0,257.0
253.0,271.0
253.0,271.0
253.0,271.0
265.0,281.0
276.0,287.0
276.0,287.0
276.0,287.0
288.0,289.0
288.0,289.0
300.0,287.0
300.0,287.0
300.0,287.0
312.0,281.0
323.0,271.0
323.0,271.0
323.0,271.0
335.0,258.0
335.0,258.0
347.0,240.0
347.0,240.0
347.0,240.0
358.0,225.0
370.0,225.0
370.0,225.0
370.0,225.0
382.0,225.0
382.0,225.0
393.0,225.0
393.0,225.0
393.0,225.0
405.0,225.0
417.0,225.0
417.0,225.0
417.0,225.0
428.0,225.0
428.0,225.0
440.0,225.0
440.0,225.0
440.0,225.0
452.0,225.0
463.0,225.0
463.0,225.0
463.0,225.0
475.0,225.0
475.0,225.0
487.0,225.0
487.0,225.0
487.0,225.0
498.0,225.0
510.0,225.0
510.0,225.0
510.0,225.0
522.0,239.0
522.0,239.0
533.0,257.0
533.0,257.0
533.0,257.0
545.0,271.0
557.0,281.0
557.0,281.0
557.0,281.0
568.0,287.0
568.0,287.0
580.0,289.0
580.0,289.0
580.0,289.0
592.0,287.0
603.0,281.0
603.0,281.0
603.0,281.0
615.0,271.0
615.0,271.0
627.0,258.0
627.0,258.0
627.0,258.0
638.0,240.0
650.0,225.0
650.0,225.0
650.0,225.0
662.0,225.0
662.0,225.0
673.0,239.0
673.0,239.0
673.0,239.0
685.0,257.0
697.0,271.0
697.0,271.0
697.0,271.0
709.0,281.0
709.0,281.0
720.0,287.0
720.0,287.0
720.0,287.0
732.0,289.0
744.0,287.0
744.0,287.0
744.0,287.0
755.0,281.0
755.0,281.0
767.0,271.0
767.0,271.0
767.0,271.0
779.0,258.0
790.0,240.0
790.0,240.0
790.0,240.0
802.0,229.0
802.0,229.0
814.0,249.0
814.0,249.0
814.0,249.0
825.0,266.0
837.0,278.0
837.0,278.0
837.0,278.0
849.0,286.0
849.0,286.0
860.0,290.0
860.0,290.0
860.0,290.0
872.0,290.0
884.0,287.0
884.0,287.0
884.0,287.0
895.0,279.0
895.0,279.0
907.0,268.0
907.0,268.0
907.0,268.0
919.0,252.0
930.0,233.0
930.0,233.0
930.0,233.0
942.0,236.0
942.0,236.0
954.0,255.0
954.0,255.0
954.0,255.0
965.0,270.0
977.0,280.0
977.0,280.0
977.0,280.0
989.0,287.0
989.0,287.0
1000.0,290.0
1000.0,290.0
1012.0,289.0
1012.0,289.0
1024.0,284.0
1024.0,284.0
1024.0,284.0
1035.0,276.0
1035.0,276.0
1047.0,263.0
1047.0,263.0
1047.0,263.0
1071.0,243.39830278343436
1071.0,225.0
1071.0,225.0
1071.0,225.0
1082.0,225.0
1082.0,225.0
1094.0,225.0
1094.0,225.0
1094.0,225.0
1106.0,225.0
1117.0,225.0
1117.0,225.0
1117.0,225.0
1129.0,225.0
1129.0,225.0
1141.0,225.0
1141.0,225.0
1141.0,225.0
1152.0,225.0
1164.0,225.0
1164.0,225.0
1164.0,225.0
1164.0,225.0
1176.0,225.0
1176.0,225.0
1187.0,225.0
1187.0,225.0
1199.0,225.0
1211.0,232.0
1211.0,232.0
1211.0,232.0
1222.0,251.0
1222.0,251.0
1234.0,267.0
1234.0,267.0
1234.0,267.0
1246.0,278.0
1257.0,285.0
1257.0,285.0
1257.0,285.0
1269.0,289.0
1269.0,289.0
1281.0,288.0
1281.0,288.0
1292.0,284.0
1292.0,284.0
1304.0,275.0
1304.0,275.0
1304.0,275.0
1316.0,263.0
1316.0,263.0
1327.0,247.0
1327.0,247.0
1327.0,247.0
1339.0,226.0
1351.0,225.0
1351.0,225.0
1351.0,225.0
1362.0,225.0
1362.0,225.0
1374.0,225.0
1374.0,225.0
1374.0,225.0
1386.0,245.0
1397.0,262.0
1397.0,262.0
1397.0,262.0
1409.0,275.0
1409.0,275.0
1421.0,283.0
1421.0,283.0
1421.0,283.0
1432.0,288.0
1444.0,289.0
1444.0,289.0
1444.0,289.0
1456.0,285.0
1456.0,285.0
1475.6179926482139,287.7465027337886
1475.6179926482139,287.7465027337886
1491.0,277.0
1503.0,288.0476088300758
1503.0,288.0476088300758
1503.0,288.0476088300758
1503.0,288.0476088300758
1514.0,309.0
1514.0,309.0
1514.0,309.0
1514.0,309.0
1514.0,309.0
1526.0,319.0
1538.0,325.0
1538.0,325.0
1538.0,325.0
1549.0,327.0
1549.0,327.0
1561.0,325.0
1561.0,325.0
1561.0,325.0
1573.0,319.0
1584.0,309.0
1584.0,309.0
1584.0,309.0
1596.0,296.0
1596.0,296.0
1608.0,278.0
1608.0,278.0
1608.0,278.0
1619.0,295.0
1631.0,312.0
1631.0,312.0
1631.0,312.0
1643.0,326.0
1643.0,326.0
1654.0,335.0
1654.0,335.0
1666.0,341.0
1666.0,341.0
1678.0,342.0
1678.0,342.0
1678.0,342.0
1689.0,340.0
1689.0,340.0
1701.0,334.0
1701.0,334.0
1701.0,334.0
1713.0,324.0
1724.0,310.0
1724.0,310.0
1724.0,310.0
1736.0,307.2459176922057
1736.0,307.2459176922057
1748.0,285.0
1748.0,285.0
1748.0,285.0
1759.0,292.0
1771.0,311.0
1771.0,311.0
1771.0,311.0
1783.0,327.0
1783.0,327.0
1794.0,338.0
1794.0,338.0
1794.0,338.0
1806.0,345.0
1818.0,349.0
1818.0,349.0
1818.0,349.0
1829.0,348.0
1829.0,348.0
1841.0,344.0
1841.0,344.0
1841.0,344.0
1853.0,335.0
1864.0,323.0
1864.0,323.0
1864.0,323.0
1876.0,307.0
1876.0,307.0
1888.0,286.0
1888.0,286.0
1888.0,286.0
1900.0,304.0
1911.0,321.0
1911.0,321.0
1911.0,321.0
1923.0,335.0
1923.0,335.0
1935.0,344.0
1935.0,344.0
1935.0,344.0
1946.0,350.0
8249.53092569526,351.0
8249.53092569526,351.0
8249.53092569526,351.0
1970.0,349.0
1970.0,349.0
2966.169747638429,343.0
2966.169747638429,343.0
2966.169747638429,343.0
1993.0,333.0
2005.0,319.0
2005.0,319.0
2005.0,319.0
2016.0,301.0
2016.0,301.0
2028.0,285.0
2028.0,285.0
2028.0,285.0
2040.0,306.0
2051.0,322.0
2051.0,322.0
2051.0,322.0
2063.0,335.0
2063.0,335.0
2075.0,345.0
2075.0,345.0
2075.0,345.0
2086.0,350.0
2098.0,351.0
2098.0,351.0
2098.0,351.0
2110.0,348.0
2110.0,348.0
2121.0,342.0
2121.0,342.0
2121.0,342.0
2133.0,331.0
2145.0,316.0
2145.0,316.0
2145.0,316.0
2156.0,298.0
2156.0,298.0
2168.0,276.0
2168.0,276.0
2168.0,276.0
2180.0,257.0
2191.0,278.0
2191.0,278.0
2191.0,278.0
2191.0,278.0
2203.0,294.0
2215.0,307.0
2215.0,307.0
2215.0,307.0
2226.0,315.0
2226.0,315.0
2238.0,320.0
2238.0,320.0
2250.0,321.0
2250.0,321.0
2261.0,318.0
2261.0,318.0
2273.0,310.0
2273.0,310.0
2285.0,299.0
2285.0,299.0
2285.0,299.0
2285.0,299.0
2297.0,284.0
2297.0,284.0
2308.0,303.0
2308.0,303.0
2320.0,320.0
2320.0,320.0
2332.0,334.0
2332.0,334.0
2343.0,343.0
2343.0,343.0
2355.0,349.0
2355.0,349.0
2367.0,351.0
2367.0,351.0
2378.0,348.0
2378.0,348.0
2378.0,348.0
2378.0,348.0
2390.0,342.0
2390.0,342.0
2402.0,332.0
2402.0,332.0
2413.0,318.0
2413.0,318.0
2425.0,300.0
2437.0,290.0
2437.0,290.0
2448.0,310.0
2448.0,310.0
2460.0,326.0
2460.0,326.0
2472.0,338.0
2472.0,338.0
2472.0,338.0
2472.0,338.0
2483.0,346.0
2483.0,346.0
2495.0,351.0
2495.0,351.0
2495.0,351.0
2507.0,351.0
2518.0,347.0
2518.0,347.0
2518.0,347.0
2530.0,340.0
2530.0,340.0
2542.0,328.0
2542.0,328.0
2542.0,328.0
2553.0,313.0
2561.0,294.0
2561.0,294.0
2561.0,294.0
2567.0,285.0
2567.0,285.0
2570.0,285.0
2570.0,285.0
2570.0,285.0
2572.0,285.0
2574.0,285.0
2574.0,285.0
2574.0,285.0
2575.0,285.0
2575.0,285.0
2576.0,285.0
2576.0,285.0
2576.0,285.0
2576.0,285.0
2576.0,285.0
2576.0,285.0
2576.0,285.0
2577.0,285.0
2577.0,285.0
2577.0,285.0
2577.0,285.0
2577.0,285.0
2577.0,285.0
2577.0,285.0
2577.0,285.0
2577.0,285.0
2579.0,285.0
2579.0,285.0
2584.0,285.0
2584.0,285.0
2590.0,285.0
2590.0,285.0
2599.0,284.99999999999994
2599.0,284.99999999999994
2599.0,284.99999999999994
2610.0,284.99999999999994
2610.0,284.99999999999994
2622.0,285.0
2622.0,285.0
2622.0,285.0
2634.0,285.0
2645.0,285.0
2645.0,285.0
2645.0,285.0
2657.0,285.0
2657.0,285.0
2669.0,285.0
2669.0,285.0
2669.0,285.0
2680.0,285.0
2692.0,285.0
2692.0,285.0
2692.0,285.0
2704.0,285.0
2704.0,285.0
2715.0,285.0
2715.0,285.0
2715.0,285.0
2715.0,285.0
2727.0,285.0
2727.0,285.0
2727.0,285.0
2727.0,285.0
2752.2921503020634,293.6349846541534
2756.7443963049855,285.0
2756.7443963049855,285.0
2756.7443963049855,285.0
2774.0,299.0
2785.0,317.0
2785.0,317.0
2785.0,317.0
2797.0,331.0
2797.0,331.0
2809.0,341.0
2809.0,341.0
2809.0,341.0
2820.0,347.0
2832.0,349.0
2832.0,349.0
2832.0,349.0
2844.0,347.0
2844.0,347.0
2855.0,341.0
2855.0,341.0
2855.0,341.0
2867.0,331.0
2879.0,318.0
2879.0,318.0
2879.0,318.0
2879.0,318.0
2890.0,300.0
2890.0,300.0
2902.0,290.0
2902.0,290.0
2914.0,310.0
2925.0,326.0
2925.0,326.0
2925.0,326.0
2937.0,338.0
2937.0,338.0
2949.0,346.0
2949.0,346.0
2949.0,346.0
2960.0,351.0
2972.0,351.0
2972.0,351.0
2972.0,351.0
2984.0,347.0
2984.0,347.0
2995.0,340.0
2995.0,340.0
2995.0,340.0
3007.0,328.0
3019.0,313.0
3019.0,313.0
3019.0,313.0
3031.0,294.0
3031.0,294.0
3042.0,297.0
3042.0,297.0
3042.0,297.0
3054.0,316.0
3066.0,331.0
3066.0,331.0
3066.0,331.0
3077.0,341.0
3077.0,341.0
3089.0,348.0
3089.0,348.0
3089.0,348.0
3101.0,351.0
3112.0,350.0
3112.0,350.0
3112.0,350.0
3124.0,345.0
3124.0,345.0
3136.0,336.0
3136.0,336.0
3136.0,336.0
3147.0,324.0
3159.0,307.0
3159.0,307.0
3159.0,307.0
3171.0,315.02543337303194
3171.0,315.02543337303194
3182.0,304.0
3182.0,304.0
3182.0,304.0
3194.0,321.0
3206.0,335.0
3206.0,335.0
3206.0,335.0
3217.0,344.0
3217.0,344.0
3229.0,350.0
3229.0,350.0
3229.0,350.0
3241.0,351.0
3252.0,349.0
3252.0,349.0
3252.0,349.0
3264.0,343.0
3264.0,343.0
3276.0,333.0
3276.0,333.0
3276.0,333.0
3287.0,319.0
3299.0,301.0
3299.0,301.0
3299.0,301.0
3311.0,290.0
3311.0,290.0
3322.0,310.0
3322.0,310.0
3322.0,310.0
3334.0,326.0
3346.0,338.0
3346.0,338.0
3346.0,338.0
3357.0,346.0
3357.0,346.0
3369.0,351.0
3369.0,351.0
3369.0,351.0
3381.0,351.0
3392.0,347.0
3392.0,347.0
3400.0,343.0
3400.0,343.0
3400.0,343.0
3412.0,331.0
3412.0,331.0
3412.0,331.0
3417.0,338.0
3418.0,357.0
3418.0,357.0
3418.0,357.0
3416.0,373.0
3416.0,373.0
3412.0,384.0
3412.0,384.0
3412.0,384.0
3406.0,391.0
3398.0,395.0
3398.0,395.0
3398.0,395.0
3387.0,394.0
3387.0,394.0
3376.0,397.0
3376.0,397.0
3376.0,397.0
3364.0,409.0
3352.0,418.0
3352.0,418.0
3352.0,418.0
3341.0,423.0
3341.0,423.0
3329.0,434.0
3329.0,434.0
3329.0,434.0
3317.0,445.0
3306.0,453.0
3306.0,453.0
3306.0,453.0
3298.0,457.0
3298.0,457.0
3298.0,457.0
3293.0,456.0
3293.0,456.0
3292.0,452.0
3293.0,468.0
3293.0,468.0
3293.0,468.0
3297.0,485.0
3297.0,485.0
3303.0,499.0
3303.0,499.0
3303.0,499.0
3311.0,509.0
3322.0,515.0
3322.0,515.0
3322.0,515.0
3333.0,517.0
3333.0,517.0
3345.0,516.0
3345.0,516.0
3345.0,516.0
3357.0,510.0
3368.0,530.0
3368.0,530.0
3368.0,530.0
3380.0,547.0
3380.0,547.0
3392.0,559.0
3392.0,559.0
3392.0,559.0
3403.0,573.0
3415.0,592.0
3415.0,592.0
3415.0,592.0
3427.0,607.0
3427.0,607.0
3438.0,618.0
3438.0,618.0
3438.0,618.0
3450.0,626.0
3462.0,629.0
3462.0,629.0
3462.0,629.0
3473.0,629.0
3473.0,629.0
3485.0,624.0
3485.0,624.0
3485.0,624.0
3497.0,616.0
3508.0,603.0
3508.0,603.0
3508.0,603.0
3520.0,587.0
3520.0,587.0
3532.0,567.0
3532.0,567.0
3532.0,567.0
3543.0,543.0
3555.0,525.0
3555.0,525.0
3555.0,525.0
3567.0,525.0
3567.0,525.0
3578.0,525.0
3578.0,525.0
3578.0,525.0
3590.0,525.0
3602.0,525.0
3602.0,525.0
3602.0,525.0
3613.0,525.0
3613.0,525.0
3625.0,525.0
3625.0,525.0
3625.0,525.0
3637.0,525.0
3649.0,525.0
3649.0,525.0
3649.0,525.0
3660.0,525.0
3660.0,525.0
3672.0,525.0
3672.0,525.0
3672.0,525.0
3684.0,525.0
3695.0,525.0
3695.0,525.0
3695.0,525.0
3707.0,525.0
3707.0,525.0
3719.0,525.0
3719.0,525.0
3719.0,525.0
3730.0,525.0
3742.0,525.0
3742.0,525.0
3742.0,525.0
3754.0,525.0
3754.0,525.0
3765.0,525.0
3765.0,525.0
3765.0,525.0
3777.0,525.0
3789.0,525.0
3789.0,525.0
3789.0,525.0
3800.0,525.0
3800.0,525.0
3812.0,525.0
3812.0,525.0
3812.0,525.0
3824.0,532.0
3835.0,551.0
3835.0,551.0
3835.0,551.0
3847.0,567.0
3847.0,567.0
3859.0,578.0
3859.0,578.0
3859.0,578.0
3870.0,585.0
3882.0,589.0
3882.0,589.0
3882.0,589.0
3894.0,588.0
3894.0,588.0
3905.0,584.0
3905.0,584.0
3905.0,584.0
3917.0,575.0
3929.0,563.0
3929.0,563.0
3929.0,563.0
3940.0,547.0
3940.0,547.0
3952.0,526.0
3952.0,526.0
3952.0,526.0
3964.0,525.0
3975.0,525.0
3975.0,525.0
3975.0,525.0
3987.0,525.0
3987.0,525.0
3999.0,525.0
3999.0,525.0
3999.0,525.0
4010.0,525.0
4022.0,525.0
4022.0,525.0
4022.0,525.0
4034.0,521.0
4034.0,521.0
4046.0,513.0
4046.0,513.0
4046.0,513.0
4057.0,501.0
4069.0,485.0
4069.0,485.0
4069.0,485.0
4081.0,486.0
4081.0,486.0
4092.0,516.0
4092.0,516.0
4092.0,516.0
4104.0,525.0
4116.0,531.0
4116.0,531.0
4116.0,531.0
4127.0,534.0
4127.0,534.0
4139.0,532.0
4139.0,532.0
4139.0,532.0
4151.0,527.0
4162.0,525.0
4162.0,525.0
4162.0,525.0
4174.0,525.0
4174.0,525.0
4186.0,525.0
4186.0,525.0
4186.0,525.0
4197.0,525.0
4209.0,525.0
4209.0,525.0
4209.0,525.0
4221.0,525.0
4221.0,525.0
4232.0,525.0
4232.0,525.0
4244.0,525.0
4244.0,525.0
4256.0,525.0
4256.0,525.0
4256.0,525.0
4267.0,525.0
4267.0,525.0
4279.0,525.0
4279.0,525.0
4279.0,525.0
4291.0,525.0
4302.0,539.0
4302.0,539.0
4302.0,539.0
4314.0,557.0
4314.0,557.0
4326.0,571.0
4326.0,571.0
4326.0,571.0
4337.0,581.0
4349.0,587.0
4349.0,587.0
4349.0,587.0
4361.0,589.0
4361.0,589.0
4372.0,587.0
4372.0,587.0
4372.0,587.0
4384.0,581.0
4396.0,571.0
4396.0,571.0
4396.0,571.0
4408.0,558.0
4408.0,558.0
4419.0,540.0
4419.0,540.0
4419.0,540.0
4431.0,525.0
4443.0,525.0
4443.0,525.0
4443.0,525.0
4454.0,525.0
4454.0,525.0
4466.0,525.0
4466.0,525.0
4466.0,525.0
4478.0,525.0
4489.0,525.0
4489.0,525.0
4489.0,525.0
4501.0,542.8262538044228
4501.0,542.8262538044228
4513.0,562.0
4513.0,562.0
4513.0,562.0
4524.0,575.0
4536.0,583.0
4536.0,583.0
4536.0,583.0
4548.0,588.0
4548.0,588.0
4559.0,589.0
4559.0,589.0
4559.0,589.0
4571.0,585.0
4583.0,578.0
4583.0,578.0
4583.0,578.0
4594.0,567.0
4594.0,567.0
4606.0,552.0
4606.0,552.0
4618.0,533.0
4618.0,533.0
4629.0,525.0
4629.0,525.0
4629.0,525.0
4641.0,525.0
4641.0,525.0
4653.0,525.0
4653.0,525.0
4653.0,525.0
4664.0,525.0
4676.0,525.0
4676.0,525.0
4676.0,525.0
4688.0,525.0
4688.0,525.0
4699.0,525.0
4699.0,525.0
4699.0,525.0
4711.0,525.0
4723.0,525.0
4723.0,525.0
4723.0,525.0
4734.0,525.0
4734.0,525.0
4746.0,525.0
4746.0,525.0
4746.0,525.0
4758.0,525.0
4769.0,525.0
4769.0,525.0
4769.0,525.0
4781.0,525.0
4781.0,525.0
4793.0,525.0
4793.0,525.0
4793.0,525.0
4804.0,525.0
4816.0,525.0
4816.0,525.0
4816.0,525.0
4828.0,525.0
4828.0,525.0
4840.0,525.0
4840.0,525.0
4840.0,525.0
4851.0,525.0
4863.0,525.0
4863.0,525.0
4863.0,525.0
4875.0,525.0
4875.0,525.0
4886.0,525.0
4886.0,525.0
4886.0,525.0
4898.0,525.0
4910.0,525.0
4910.0,525.0
4910.0,525.0
4921.0,525.0
4921.0,525.0
4933.0,525.0
4933.0,525.0
4933.0,525.0
4945.0,525.0
4956.0,525.0
4956.0,525.0
4956.0,525.0
4968.0,525.0
4968.0,525.0
4980.0,525.0
4980.0,525.0
4980.0,525.0
4991.0,525.0
5003.0,525.0
5003.0,525.0
5003.0,525.0
5015.0,525.0
5015.0,525.0
5026.0,525.0
5026.0,525.0
5026.0,525.0
5038.0,525.0
5050.0,525.0
5050.0,525.0
5050.0,525.0
5061.0,525.0
5061.0,525.0
5073.0,525.0
5073.0,525.0
5073.0,525.0
5085.0,525.0
5096.0,525.0
5096.0,525.0
5096.0,525.0
5108.0,525.0
5108.0,525.0
5120.0,525.0
5120.0,525.0
5120.0,525.0
5131.0,525.0
5143.0,525.0
5143.0,525.0
5143.0,525.0
5155.0,525.0
5155.0,525.0
5166.0,539.0
5166.0,539.0
5178.0,557.0
5178.0,557.0
5190.0,571.0
5190.0,571.0
5190.0,571.0
5201.0,581.0
5201.0,581.0
5213.0,587.0
5213.0,587.0
5213.0,587.0
5225.0,589.0
5237.0,587.0
5237.0,587.0
5237.0,587.0
5248.0,581.0
5248.0,581.0
5260.0,571.0
5260.0,571.0
5260.0,571.0
5272.0,558.0
5281.0,540.0
5281.0,540.0
5281.0,540.0
5286.0,526.0
5286.0,526.0
5289.0,529.0
5289.0,529.0
5289.0,529.0
5290.0,532.0
5290.0,535.0
5290.0,535.0
5290.0,535.0
5290.0,538.0
5290.0,538.0
5289.0,542.0
5289.0,542.0
5289.0,542.0
5290.0,545.0
5293.0,548.0
5293.0,548.0
5293.0,548.0
5298.0,552.0
5298.0,552.0
5306.0,555.0
5306.0,555.0
5306.0,555.0
5316.0,559.0
5327.0,562.0
5327.0,562.0
5327.0,562.0
5338.0,565.0
5338.0,565.0
5349.0,569.0
5349.0,569.0
5349.0,569.0
5361.0,589.0
5373.0,606.0
5373.0,606.0
5373.0,606.0
5384.0,618.0
5384.0,618.0
5396.0,627.0
5396.0,627.0
5396.0,627.0
5408.0,632.0
5420.0,633.0
5420.0,633.0
5420.0,633.0
5431.0,629.0
5431.0,629.0
5443.0,622.0
5443.0,622.0
5443.0,622.0
5455.0,611.0
5466.0,596.0
5466.0,596.0
5466.0,596.0
5478.0,577.0
5478.0,577.0
5489.0,559.0
5489.0,559.0
5489.0,559.0
5500.0,555.0
5511.0,552.0
5511.0,552.0
5511.0,552.0
5523.0,570.3782453354552
5523.0,570.3782453354552
5534.0,589.0
5534.0,589.0
5534.0,589.0
5546.0,601.0
5558.0,610.0
5558.0,610.0
5558.0,610.0
5569.0,615.0
5569.0,615.0
5581.0,616.0
5581.0,616.0
5581.0,616.0
5593.0,613.0
5603.0,605.0
5603.0,605.0
5603.0,605.0
5611.0,594.0
5611.0,594.0
5615.0,579.0
5615.0,579.0
5621.0,580.0
5621.0,580.0
5629.0,584.0
5629.0,584.0
5629.0,584.0
5640.0,587.0
5640.0,587.0
5652.0,591.0
5652.0,591.0
5652.0,591.0
5665.0,594.0
5678.0,597.0
5678.0,597.0
5678.0,597.0
5691.0,601.0
5691.0,601.0
5703.0,616.0
5703.0,616.0
5703.0,616.0
5715.0,634.0
5726.0,647.0
5726.0,647.0
5726.0,647.0
5738.0,657.0
5738.0,657.0
5750.0,663.0
5750.0,663.0
5750.0,663.0
5762.0,665.0
5773.0,664.0
5773.0,664.0
5773.0,664.0
5785.0,658.0
5785.0,658.0
5798.0,650.0
5798.0,650.0
5798.0,650.0
5812.0,648.0
5826.0,646.0
5826.0,646.0
5826.0,646.0
5841.0,643.0
5841.0,643.0
5853.0,657.0
5853.0,657.0
5853.0,657.0
5865.0,674.0
5877.0,688.0
5877.0,688.0
5877.0,688.0
5888.0,698.0
5888.0,698.0
5900.0,704.0
5900.0,704.0
5900.0,704.0
5912.0,706.0
5923.0,705.0
5923.0,705.0
5923.0,705.0
5935.0,699.0
5935.0,699.0
5947.0,689.0
5947.0,689.0
5947.0,689.0
5958.0,675.0
5970.0,658.0
5970.0,658.0
5970.0,658.0
5981.0,634.7777689559352
5981.0,634.7777689559352
5989.0,611.0
5989.0,611.0
5989.0,611.0
5995.0,581.0
6000.0,558.0
6000.0,558.0
6000.0,558.0
6005.0,558.0
6005.0,558.0
6010.0,557.0
6010.0,557.0
6010.0,557.0
6015.0,556.7147461724419
6022.0,556.3714746172445
6022.0,556.3714746172445
6022.0,556.1197421434331
6030.0,555.9137792103146
6030.0,555.9137792103146
6041.0,555.0
6041.0,555.0
6041.0,555.0
6055.0,555.0
6070.0,555.0
6070.0,555.0
6070.0,555.0
6085.0,555.0
6085.0,555.0
6100.0,555.0
6100.0,555.0
6100.0,555.0
6116.0,555.0
6128.0,570.0
6128.0,570.0
6128.0,570.0
6140.0,587.0
6140.0,587.0
6140.0,587.0
6152.0,601.0
6152.0,601.0
6163.0,611.0
6175.0,617.0
6175.0,617.0
6175.0,617.0
6187.0,619.0
6187.0,619.0
6198.0,618.0
6198.0,618.0
6198.0,618.0
6210.0,612.0
6222.0,602.0
6222.0,602.0
6222.0,602.0
6232.0,608.0
6232.0,608.0
6240.0,627.0
6240.0,627.0
6240.0,627.0
6244.0,642.0
6247.0,653.0
6247.0,653.0
6247.0,653.0
6249.0,661.0
6249.0,661.0
6251.0,664.0
6251.0,664.0
6251.0,664.0
6252.0,663.0
6252.0,665.0
6252.0,665.0
6252.0,665.0
6253.0,681.9962948259845
6253.0,681.9962948259845
6255.0,701.0
6255.0,701.0
6255.0,701.0
6257.0,714.0
6260.0,722.0
6260.0,722.0
6260.0,722.0
6266.0,726.0
6266.0,726.0
6275.0,726.0
6275.0,726.0
6275.0,726.0
6285.0,723.0
6297.0,715.0
6297.0,715.0
6297.0,715.0
6309.0,705.0
6309.0,705.0
6320.0,726.0
6320.0,726.0
6320.0,726.0
6332.0,743.0
6344.0,756.0
6344.0,756.0
6344.0,756.0
6355.0,765.0
6355.0,765.0
6367.0,770.0
6367.0,770.0
6367.0,770.0
6379.0,771.0
6390.0,769.0
6390.0,769.0
6390.0,769.0
6402.0,762.0
6402.0,762.0
6414.0,751.0
6414.0,751.0
6414.0,751.0
6426.0,737.0
6437.0,718.0
6437.0,718.0
6437.0,718.0
6449.0,705.0
6449.0,705.0
6461.0,705.0
6461.0,705.0
6461.0,705.0
6472.0,705.0
6484.0,705.0
6484.0,705.0
6484.0,705.0
6496.0,705.0
6496.0,705.0
6507.0,705.0
6507.0,705.0
6507.0,705.0
6519.0,705.0
6531.0,705.0
6531.447910383457,705.0
6531.447910383457,705.0
6531.447910383457,705.0
6531.447910383457,705.0
6554.0,705.0
6554.0,705.0
6554.0,705.0
6566.0,705.0
6577.0,705.0
6577.0,705.0
6577.0,705.0
6589.0,705.0
6589.0,705.0
6601.0,705.0
6601.0,705.0
6601.0,705.0
6612.0,705.0
6624.0,705.0
6624.0,705.0
6624.0,705.0
6636.0,705.0
6636.0,705.0
6647.0,705.0
6647.0,705.0
6647.0,705.0
6659.0,705.0
6671.0,705.0
6671.0,705.0
6671.0,705.0
6682.0,705.0
6682.0,705.0
6694.0,705.0
6694.0,705.0
6694.0,705.0
6706.0,705.0
6717.0,705.0
6717.0,705.0
6717.0,705.0
6729.0,705.0
6729.0,705.0
6741.0,705.0
6741.0,705.0
6741.0,705.0
6752.0,705.0
6764.0,705.0
6764.0,705.0
6764.0,705.0
6776.0,705.0
6776.0,705.0
6787.0,705.0
6787.0,705.0
6799.0,705.0
6799.0,705.0
6811.0,705.0
6811.0,705.0
6811.0,705.0
6822.0,705.0
6822.0,705.0
6834.0,705.0
6834.0,705.0
6834.0,705.0
6846.0,705.0
6858.0,705.0
6858.0,705.0
6858.0,705.0
6858.0,705.0
6858.0,705.0
6858.0,705.0
6882.714441205225,705.0
6882.714441205225,705.0
6893.0,705.0
6904.0,705.0
6904.0,705.0
6904.0,705.0
6916.0,705.0
6916.0,705.0
6928.0,705.0
6928.0,705.0
6928.0,705.0
6939.0,705.0
6951.0,705.0
6951.0,705.0
6951.0,705.0
6963.0,705.0
6963.0,705.0
6974.0,705.0
6974.0,705.0
6974.0,705.0
6986.0,705.0
6998.0,705.0
6998.0,705.0
6998.0,705.0
7009.0,705.0
7009.0,705.0
7021.0,705.0
7021.0,705.0
7021.0,705.0
7033.0,705.0
7044.0,705.0
7044.0,705.0
7044.0,705.0
7056.0,705.0
7056.0,705.0
7068.0,705.0
7068.0,705.0
7068.0,705.0
7079.0,705.0
7091.0,705.0
7091.0,705.0
7091.0,705.0
7103.0,705.0
7103.0,705.0
7114.0,705.0
7114.0,705.0
7114.0,705.0
7126.0,705.0
7138.0,705.0
7138.0,705.0
7138.0,705.0
7149.0,705.0
7149.0,705.0
7161.0,705.0
7161.0,705.0
7161.0,705.0
7173.0,705.0
7184.0,705.0
7184.0,705.0
7184.0,705.0
7196.0,705.0
7196.0,705.0
7208.0,705.0
7208.0,705.0
7208.0,705.0
7220.0,705.0
7231.0,705.0
7231.0,705.0
7231.0,705.0
7243.0,705.0
7243.0,705.0
7258.0,705.0
7258.0,705.0
7258.0,705.0
7266.713182353715,705.0
7276.270061526381,705.0
7276.270061526381,705.0
7276.270061526381,705.0
7289.012567089937,705.0
7289.012567089937,705.0
7301.0,705.0
7301.0,705.0
7301.0,705.0
7313.0,705.0
7325.0,705.0
7325.0,705.0
7325.0,705.0
7336.0,705.0
7336.0,705.0
7348.0,705.0
7348.0,705.0
7348.0,705.0
7360.0,705.0
7371.0,705.0
7371.0,705.0
7371.0,705.0
7383.0,705.0
7383.0,705.0
7395.0,705.0
7395.0,705.0
7395.0,705.0
7406.0,705.0
7418.0,705.0
7418.0,705.0
7418.0,705.0
7430.0,705.0
7430.0,705.0
7441.0,705.0
7441.0,705.0
7441.0,705.0
7453.0,705.0
7465.0,705.0
7465.0,705.0
7465.0,705.0
7476.0,705.0
7476.0,705.0
7488.0,705.0
7488.0,705.0
7488.0,705.0
7500.0,705.0
7511.0,705.0
7511.0,705.0
7511.0,705.0
7523.0,705.0
7523.0,705.0
7535.0,705.0
7535.0,705.0
7535.0,705.0
7546.0,705.0
7558.0,705.0
7558.0,705.0
7558.0,705.0
7570.0,705.0
7570.0,705.0
7581.0,705.0
7581.0,705.0
7581.0,705.0
7593.0,705.0
7605.0,705.0
7605.0,705.0
7605.0,705.0
7617.0,705.0
7617.0,705.0
7628.0,705.0
7628.0,705.0
7628.0,705.0
7640.0,705.0
7652.0,705.0
7652.0,705.0
7652.0,705.0
7663.0,705.0
7663.0,705.0
7675.0,705.0
7675.0,705.0
7675.0,705.0
7687.0,705.0
7698.0,705.0
7698.0,705.0
7698.0,705.0
7710.0,705.0
7710.0,705.0
7722.0,705.0
7722.0,705.0
7733.0,705.0
7733.0,705.0
7745.0,705.0
7745.0,705.0
7745.0,705.0
7757.0,705.0
7757.0,705.0
7768.0,705.0
7768.0,705.0
7768.0,705.0
7780.0,705.0
7792.0,705.0
7792.0,705.0
7792.0,705.0
7803.0,705.0
7803.0,705.0
7815.0,705.0
7815.0,705.0
7815.0,705.0
7827.0,705.0
7838.0,705.0
7838.0,705.0
7838.0,705.0
7850.0,705.0
7850.0,705.0
7862.0,705.0
7862.0,705.0
7862.0,705.0
7873.0,705.0
7885.0,705.0
7885.0,705.0
7885.0,705.0
7897.0,705.0
7897.0,705.0
7908.0,705.0
7908.0,705.0
7908.0,705.0
7920.0,705.0
7932.0,705.0
7932.0,705.0
7932.0,705.0
7943.0,705.0
7943.0,705.0
7955.0,705.0
7955.0,705.0
7955.0,705.0
7967.0,705.0
7978.0,705.0
7978.0,705.0
7978.0,705.0
7990.0,705.0
7990.0,705.0
8002.0,705.0
8002.0,705.0
8002.0,705.0
8014.0,705.0
8025.0,705.0
8025.0,705.0
8025.0,705.0
8037.0,705.0
8037.0,705.0
8049.0,705.0
8049.0,705.0
8049.0,705.0
8060.0,705.0
8072.0,705.0
8072.0,705.0
8072.0,705.0
8084.0,705.0
8084.0,705.0
8095.0,705.0
8095.0,705.0
8095.0,705.0
8107.0,705.0
8119.0,705.0
8119.0,705.0
8119.0,705.0
8130.0,705.0
8130.0,705.0
8142.0,705.0
8142.0,705.0
8142.0,705.0
8154.0,705.0
8165.0,705.0
8165.0,705.0
8165.0,705.0
8177.0,705.0
8177.0,705.0
8187.0,709.0
8187.0,709.0
8187.0,709.0
8194.0,709.0
8198.0,709.0
8198.0,709.0
8198.0,709.0
8201.0,709.0
8201.0,709.0
8203.0,709.0
8203.0,709.0
8203.0,709.0
8204.0,709.0
8205.0,709.0
8205.0,709.0
8205.0,709.0
8206.0,709.0
8206.0,709.0
8206.0,709.0
8206.0,709.0
8206.0,709.0
8206.0,709.0
8207.0,709.0
8207.0,709.0
8207.0,709.0
8207.0,709.0
8207.0,709.0
8207.0,709.0
8207.0,709.0
8207.0,709.0
8207.0,709.0
8207.0,709.0
8207.0,709.0
8207.0,709.0
8207.0,709.0
8207.0,709.0
8207.0,709.0
8207.0,709.0
8207.0,709.0
8207.0,709.0
8207.0,709.0
8207.0,709.0
8207.0,709.0
8207.0,709.0
8207.0,709.0
8207.0,709.0
8207.0,709.0
8207.0,709.0
8207.0,709.0
8207.0,709.0
8207.0,709.0
8207.0,709.0
8207.0,709.0
8207.0,709.0
8207.0,709.0
8207.0,709.0
8207.0,709.0
8207.0,709.0
8207.0,708.0
8207.0,708.0
8207.0,708.0
8207.0,708.0
8207.0,708.0
8207.0,708.0
8207.0,708.0
8207.0,708.0
8207.0,708.0
8207.0,708.0
8207.0,708.0
8207.0,708.0
8207.0,708.0
8207.0,708.0
8207.0,708.0
8207.0,708.0
8207.0,708.0
8207.0,708.0
8207.0,708.0
8207.0,708.0
8207.0,708.0
8207.0,708.0
8207.0,708.0
8207.0,708.0
8207.0,708.0
8207.0,708.0
8207.0,708.0
8207.0,708.0
8207.0,708.0
8207.0,708.0
8207.0,708.0
8207.0,708.0
8207.0,708.0
8207.0,708.0
8207.0,707.0
8207.0,707.0
8207.0,707.0
8207.0,707.0
8207.0,707.0
8207.0,707.0
8207.0,707.0
8207.0,707.0
8207.0,707.0
8207.0,707.0
8207.0,707.0
8207.0,707.0
8207.0,707.0
8207.0,707.0
8207.0,706.0
8207.0,706.0
8207.0,706.0
8207.0,706.0
8207.0,706.0
8207.0,706.0
8207.0,706.0
8207.0,706.0
8207.0,706.0
8207.0,706.0
8207.0,706.0
8207.0,705.0
8207.0,705.0
8207.0,705.0
8207.0,705.0
8207.0,705.0
8207.0,705.0
8207.0,705.0
8207.0,705.0
8207.0,705.0
8207.0,705.0
8207.0,705.0
8207.0,705.0
8207.0,705.0
8207.0,705.0
8207.0,705.0
8207.0,705.0
8207.0,705.0
8207.0,705.0
8207.0,705.0
8207.0,705.0
8207.0,705.0
8207.0,705.0
8207.0,705.0
8207.0,705.0
8207.0,705.0
8207.0,705.0
8207.0,705.0
8207.0,705.0
8207.0,705.0
8207.0,705.0
8207.0,705.0
8207.0,705.0
8207.0,705.0
8207.0,705.0
8207.0,705.0
8207.0,705.0
8207.0,705.0
8207.0,705.0
8207.0,705.0
8207.0,705.0
8207.0,705.0
8207.0,705.0
8207.0,705.0
8207.0,705.0
8207.0,705.0
8207.0,705.0
8207.0,705.0
8207.0,705.0
8207.0,705.0
8207.0,705.0
8207.0,705.0
8207.0,705.0
8207.0,705.0
8207.0,705.0
8207.0,705.0
8207.0,705.0
8207.0,705.0
8207.0,705.0
8207.0,705.0
8207.0,705.0
8207.0,705.0
8207.0,705.0
8207.0,705.0
8207.0,705.0
8207.0,705.0
8207.0,705.0
8207.0,705.0
8207.0,705.0
8207.0,705.0
8207.0,705.0
8207.0,705.0
8207.0,705.0
8207.0,705.0
8207.0,705.0
8207.0,705.0
8207.0,705.0
8207.0,705.0
8207.0,705.0
8207.0,705.0
8207.0,705.0
8207.0,705.0
8207.0,705.0
8207.0,705.0
8207.0,705.0
8207.0,705.0
8207.0,705.0
8207.0,705.0
8207.0,705.0
8207.0,705.0
8207.0,705.0
8207.0,705.0
8207.0,705.0
8207.0,705.0
8207.0,705.0
8207.0,705.0
8207.0,705.0
8207.0,705.0
8207.0,705.0
8207.0,705.0
8207.0,705.0
8207.0,705.0
8207.0,705.0
8207.0,705.0
8207.0,705.0
8207.0,705.0
8207.0,705.0
8207.0,705.0
8207.0,705.0
8207.0,705.0
8207.0,705.0
8207.0,705.0
8207.0,705.0
8207.0,705.0
8207.0,705.0
8207.0,705.0
8207.0,705.0
8207.0,705.0
8207.0,705.0
8207.0,705.0
8207.0,705.0
8207.0,705.0
8207.0,705.0
8207.0,705.0
8207.0,705.0
8207.0,705.0
8207.0,705.0
8207.0,705.0
8207.0,705.0
8207.0,705.0
8207.0,705.0
8207.0,705.0
8207.0,705.0
8207.0,705.0
8207.0,705.0
8207.0,705.0
8207.0,705.0
8207.0,705.0
8207.0,705.0
8207.0,705.0
8207.0,705.0
8207.0,705.0
8207.0,705.0
8207.0,705.0
8207.0,705.0
8207.0,705.0
8207.0,705.0
8207.0,705.0
8207.0,705.0
8207.0,705.0
8207.0,705.0
8207.0,705.0
8207.0,705.0
8207.0,705.0
8207.0,705.0
8207.0,705.0
8207.0,705.0
8207.0,705.0
8207.0,705.0
8207.0,705.0
8207.0,705.0
8207.0,705.0
8207.0,705.0
8207.0,705.0
8207.0,705.0
8207.0,705.0
8207.0,705.0
8207.0,705.0
8207.0,705.0
8207.0,705.0
8207.0,705.0
8207.0,705.0
8207.0,705.0
8207.0,705.0
8207.0,705.0
8207.0,705.0
8207.0,705.0
8207.0,705.0
8207.0,705.0
8207.0,705.0
8207.0,705.0
8207.0,705.0
8207.0,705.0
8207.0,705.0
8207.0,705.0
8207.0,705.0
8207.0,705.0
8207.0,705.0
8207.0,705.0
8207.0,705.0
8207.0,705.0
8207.0,705.0
8207.0,705.0
8207.0,705.0
8207.0,705.0
8207.0,705.0
8207.0,705.0
8207.0,705.0
8207.0,705.0
8207.0,705.0
8207.0,705.0
8207.0,705.0
8207.0,705.0
8207.0,705.0
8207.0,705.0
8207.0,705.0
8207.0,705.0
8207.0,705.0
8207.0,705.0
8207.0,705.0
8207.0,705.0
8207.0,705.0
8207.0,705.0
8207.0,705.0
8207.0,705.0
8207.0,705.0
8207.0,705.0
8207.0,705.0
8207.0,705.0
8207.0,705.0
8207.0,705.0
8207.0,705.0
8207.0,705.0
8207.0,705.0
8207.0,705.0
8207.0,705.0
8207.0,705.0
8207.0,705.0
8207.0,705.0
8207.0,705.0
8207.0,705.0
8207.0,705.0
8207.0,705.0
8207.0,705.0
8207.0,705.0
8207.0,705.0
8207.0,705.0
8207.0,705.0
8207.0,705.0
8207.0,705.0
8207.0,705.0
8207.0,705.0
8207.0,705.0
8207.0,705.0
8207.0,705.0
8207.0,705.0
8207.0,705.0
8207.0,705.0
8207.0,705.0
8207.0,705.0
8207.0,705.0
8207.0,705.0
8207.0,705.0
8207.0,705.0
8207.0,705.0
8207.0,705.0
8207.0,705.0
8207.0,705.0
8207.0,705.0
8207.0,705.0
8207.0,705.0
8207.0,705.0
8207.0,705.0
8207.0,705.0
8207.0,705.0
8207.0,705.0
8207.0,705.0
8207.0,705.0
8207.0,705.0
8207.0,705.0
8207.0,705.0
8207.0,705.0
8207.0,705.0
8207.0,705.0
8207.0,705.0
8207.0,705.0
8207.0,705.0
8207.0,705.0
8207.0,705.0
8207.0,705.0
8207.0,705.0
8207.0,705.0
8207.0,705.0
8207.0,705.0
8207.0,705.0
8207.0,705.0
8207.0,705.0
8207.0,705.0
8207.0,705.0
8207.0,705.0
8207.0,705.0
8207.0,705.0
8207.0,705.0
8207.0,705.0
8207.0,705.0
8207.0,705.0
8207.0,705.0
8207.0,705.0
8207.0,705.0
8207.0,705.0
8207.0,705.0
8207.0,705.0
8207.0,705.0
8207.0,705.0
8207.0,705.0
8207.0,705.0
8207.0,705.0
8207.0,705.0
8207.0,705.0
8207.0,705.0
8207.0,705.0
8207.0,705.0
8207.0,705.0
8207.0,705.0
8207.0,705.0
8207.0,705.0
8207.0,705.0
8207.0,705.0
8207.0,705.0
8207.0,705.0
8207.0,705.0
8207.0,705.0
8207.0,705.0
8207.0,705.0
8207.0,705.0
8207.0,705.0
8207.0,705.0
8207.0,705.0
8207.0,705.0
8207.0,705.0
8207.0,705.0
8207.0,705.0
8207.0,705.0
8207.0,705.0
8207.0,705.0
8207.0,705.0
8207.0,705.0
8207.0,705.0
8207.0,705.0
8207.0,705.0
8207.0,705.0
8207.0,705.0
8207.0,705.0
8207.0,705.0
8207.0,705.0
8207.0,705.0
8207.0,705.0
8207.0,705.0
8207.0,705.0
8207.0,705.0
8207.0,705.0
8207.0,705.0
8207.0,705.0
8207.0,705.0
8207.0,705.0
8207.0,705.0
8207.0,705.0
8207.0,705.0
8207.0,705.0
8207.0,705.0
8207.0,705.0
8207.0,705.0
8207.0,705.0
8207.0,705.0
8207.0,705.0
8207.0,705.0
8207.0,705.0
8207.0,705.0
8207.0,705.0
8207.0,705.0
8207.0,705.0
8207.0,705.0
8207.0,705.0
8207.0,705.0
8207.0,705.0
8207.0,705.0
8207.0,705.0
8207.0,705.0
8207.0,705.0
8207.0,705.0
8207.0,705.0
8207.0,705.0
8207.0,705.0
8207.0,705.0
8207.0,705.0
8207.0,705.0
8207.0,705.0
8207.0,705.0
8207.0,705.0
8207.0,705.0
8207.0,705.0
8207.0,705.0
8207.0,705.0
8207.0,705.0
8207.0,705.0
8207.0,705.0
8207.0,705.0
8207.0,705.0
8207.0,705.0
8207.0,705.0
8207.0,705.0
8207.0,705.0
8207.0,705.0
8207.0,705.0
8207.0,705.0
8207.0,705.0
8207.0,705.0
8207.0,705.0
8207.0,705.0
8207.0,705.0
8207.0,705.0
8207.0,705.0
8207.0,705.0
8207.0,705.0
8207.0,705.0
8207.0,705.0
8207.0,705.0
8207.0,705.0
8207.0,705.0
8207.0,705.0
8207.0,705.0
8207.0,705.0
8207.0,705.0
8207.0,705.0
8207.0,705.0
8207.0,705.0
8207.0,705.0
8207.0,705.0
8207.0,705.0
8207.0,705.0
8207.0,705.0
8207.0,705.0
8207.0,705.0
8207.0,705.0
8207.0,705.0
8207.0,705.0
8207.0,705.0
8207.0,705.0
8207.0,705.0
8207.0,705.0
8207.0,705.0
8207.0,705.0
8207.0,705.0
8207.0,705.0
8207.0,705.0
8207.0,705.0
8207.0,705.0
8207.0,705.0
8207.0,705.0
8207.0,705.0
8207.0,705.0
8207.0,705.0
8207.0,705.0
8207.0,705.0
8207.0,705.0
8207.0,705.0
8207.0,705.0
8207.0,705.0
8207.0,705.0
8207.0,705.0
8207.0,705.0
8207.0,705.0
8207.0,705.0
8207.0,705.0
8207.0,705.0
8207.0,705.0
8207.0,705.0
8207.0,705.0
8207.0,705.0
8207.0,705.0
8207.0,705.0
8207.0,705.0
8207.0,705.0
8207.0,705.0
8207.0,705.0
8207.0,705.0
8207.0,705.0
8207.0,705.0
8207.0,705.0
8207.0,705.0
8207.0,705.0
8207.0,705.0
8207.0,705.0
8207.0,705.0
8207.0,705.0
8207.0,705.0
8207.0,705.0
8207.0,705.0
8207.0,705.0
8207.0,705.0
8207.0,705.0
8207.0,705.0
8207.0,705.0
8207.0,705.0
8207.0,705.0
8207.0,705.0
8207.0,705.0
8207.0,705.0
8207.0,705.0
8207.0,705.0
8207.0,705.0
8207.0,705.0
8207.0,705.0
8207.0,705.0
8207.0,705.0
8207.0,705.0
8207.0,705.0
8207.0,705.0
8207.0,705.0
8207.0,705.0
8207.0,705.0
8207.0,705.0
8207.0,705.0
8207.0,705.0
8207.0,705.0
8207.0,705.0
8207.0,705.0
8207.0,705.0
8207.0,705.0
8207.0,705.0
8207.0,705.0
8207.0,705.0
8206.999999999993,704.9999999999997
8207.0,705.0
8207.0,705.0
8207.0,705.0
8207.0,705.0
8207.0,705.0
8207.0,705.0
8207.0,705.0
8207.0,705.0
8207.0,705.0
8207.0,705.0
8207.0,705.0
8207.0,705.0
8207.0,705.0
8207.0,705.0
8207.0,705.0
8207.0,705.0
8207.0,705.0
8207.0,705.0
8207.0,705.0
8207.0,705.0
8207.0,705.0
8207.0,705.0
8207.0,705.0
8207.0,705.0
8207.0,705.0
8207.0,705.0
8207.0,705.0
8207.0,705.0
8207.0,705.0
8207.0,705.0
8207.0,705.0
8207.0,705.0
8207.0,705.0
8207.0,705.0
8207.0,705.0
8207.0,705.0
8207.0,705.0
8207.0,705.0
8207.0,705.0
8207.0,705.0
8207.0,705.0
8207.0,705.0
8207.0,705.0
8207.0,705.0
8207.0,705.0
8207.0,705.0
8207.0,705.0
8207.0,705.0
8207.0,705.0
8207.0,705.0
8207.0,705.0
8207.0,705.0
8207.0,705.0
8207.0,705.0
8207.0,705.0
8207.0,705.0
8207.0,705.0
8207.0,705.0
8207.0,705.0
8207.0,705.0
8207.0,705.0
8207.0,705.0
8207.0,705.0
8207.0,705.0
8207.0,705.0
8207.0,705.0
8207.0,705.0
8207.0,705.0
8207.0,705.0
8207.0,705.0
8207.0,705.0
8207.0,705.0
8207.0,705.0
8207.0,705.0
8207.0,705.0
8207.0,705.0
8207.0,705.0
8207.0,705.0
8207.0,705.0
8207.0,705.0
8207.0,705.0
8207.0,705.0
8207.0,705.0
8207.0,705.0
8207.0,705.0
8207.0,705.0
8207.0,705.0
8207.0,705.0
8207.0,705.0
8207.0,705.0
8207.0,705.0
8207.0,705.0
8207.0,705.0
8207.0,705.0
8207.0,705.0
8207.0,705.0
8207.0,705.0
8207.0,705.0
8207.0,705.0
8207.0,705.0
8207.0,705.0
8207.0,705.0
8207.0,705.0
8207.0,705.0
8207.0,705.0
8207.0,705.0
8207.0,705.0
8207.0,705.0
8207.0,705.0
8207.0,705.0
8207.0,705.0
8207.0,705.0
8207.0,705.0
8207.0,705.0
8207.0,705.0
8207.0,705.0
8207.0,705.0
8207.0,705.0
8207.0,705.0
8207.0,705.0
8207.0,705.0
8207.0,705.0
8207.0,705.0
8207.0,705.0
8207.0,705.0
8207.0,705.0
8207.0,705.0
8207.0,705.0
8207.0,705.0
8207.0,705.0
8207.0,705.0
8207.0,705.0
8207.0,705.0
8207.0,705.0
8207.0,705.0
8207.0,705.0
8207.0,705.0
8207.0,705.0
8207.0,705.0
8207.0,705.0
8207.0,705.0
8207.0,705.0
8207.0,705.0
8207.0,705.0
8207.0,705.0
8207.0,705.0
8207.0,705.0
8207.0,705.0
8207.0,705.0
8207.0,705.0
8207.0,705.0
8207.0,705.0
8207.0,705.0
8207.0,705.0
8207.0,705.0
8207.0,705.0
8207.0,705.0
8207.0,705.0
8207.0,705.0
8207.0,705.0
8207.0,705.0
8207.0,705.0
8207.0,705.0
8207.0,705.0
8207.0,705.0
8207.0,705.0
8207.0,705.0
8207.0,705.0
8207.0,705.0
8207.0,705.0
8207.0,705.0
8207.0,705.0
8207.0,705.0
8207.0,705.0
8207.0,705.0
8207.0,705.0
8207.0,705.0
8207.0,705.0
8207.0,705.0
8207.0,705.0
8207.0,705.0
8207.0,705.0
8207.0,705.0
8207.0,705.0
8207.0,705.0
8207.0,705.0
8207.0,705.0
8207.0,705.0
8207.0,705.0
8207.0,705.0
8207.0,705.0
8207.0,705.0
8207.0,705.0
8207.0,705.0
8207.0,705.0
8207.0,705.0
8207.0,705.0
8207.0,705.0
8207.0,705.0
8207.0,705.0
8207.0,705.0
8207.0,705.0
8207.0,705.0
8207.0,705.0
8207.0,705.0
8207.0,705.0
8207.0,705.0
8207.0,705.0
8207.0,705.0
8207.0,705.0
8207.0,705.0
8207.0,705.0
8207.0,705.0
8207.0,705.0
8207.0,705.0
8207.0,705.0
8207.0,705.0
8207.0,705.0
8207.0,705.0
8207.0,705.0
8207.0,705.0
8207.0,705.0
8207.0,705.0
8207.0,705.0
8207.0,705.0
8207.0,705.0
8207.0,705.0
8207.0,705.0
8207.0,705.0
8207.0,705.0
8207.0,705.0
8207.0,705.0
8207.0,705.0
8207.0,705.0
8207.0,705.0
8207.0,705.0
8207.0,705.0
8207.0,705.0
8207.0,705.0
8207.0,705.0
8207.0,705.0
8207.0,705.0
8207.0,705.0
8207.0,705.0
8207.0,705.0
8207.0,705.0
8207.0,705.0
8207.0,705.0
8207.0,705.0
8207.0,705.0
8207.0,705.0
8207.0,705.0
8207.0,705.0
8207.0,705.0
8207.0,705.0
8207.0,705.0
8207.0,705.0
8207.0,705.0
8207.0,705.0
8207.0,705.0
8207.0,705.0
8207.0,705.0
8207.0,705.0
8207.0,705.0
8207.0,705.0
8207.0,705.0
8207.0,705.0
8207.0,705.0
8207.0,705.0
8207.0,705.0
8207.0,705.0
8207.0,705.0
8207.0,705.0
8207.0,705.0
8207.0,705.0
8207.0,705.0
8207.0,705.0
8207.0,705.0
8207.0,705.0
8207.0,705.0
8207.0,705.0
8207.0,705.0
8207.0,705.0
8207.0,705.0
8207.0,705.0
8207.0,705.0
8207.0,705.0
8207.0,705.0
8207.0,705.0
8207.0,705.0
8207.0,705.0
8207.0,705.0
8207.0,705.0
8207.0,705.0
8207.0,705.0
8207.0,705.0
8207.0,705.0
8207.0,705.0
8207.0,705.0
8207.0,705.0
8207.0,705.0
8207.0,705.0
8207.0,705.0
8207.0,705.0
8207.0,705.0
8207.0,705.0
8207.0,705.0
8207.0,705.0
8207.0,705.0
8207.0,705.0
8207.0,705.0
8207.0,705.0
8207.0,705.0
8207.0,705.0
8207.0,705.0
8207.0,705.0
8207.0,705.0
8207.0,705.0
8207.0,705.0
8207.0,705.0
8207.0,705.0
8207.0,705.0
8207.0,705.0
8207.0,705.0
8207.0,705.0
8207.0,705.0
8207.0,705.0
8207.0,705.0
8207.0,705.0
8207.0,705.0
8207.0,705.0
8207.0,705.0
8207.0,705.0
8207.0,705.0
8207.0,705.0
8207.0,705.0
8207.0,705.0
8207.0,705.0
8207.0,705.0
8207.0,705.0
8207.0,705.0
8207.0,705.0
8207.0,705.0
8207.0,705.0
8207.0,705.0
8207.0,705.0
8207.0,705.0
8207.0,705.0
8207.0,705.0
8207.0,705.0
8207.0,705.0
8207.0,705.0
8207.0,705.0
8207.0,705.0
8207.0,705.0
8207.0,705.0
8207.0,705.0
8207.0,705.0
8207.0,705.0
8207.0,705.0
8207.0,705.0
8207.0,705.0
8207.0,705.0
8207.0,705.0
8207.0,705.0
8207.0,705.0
8207.0,705.0
8207.0,705.0
8207.0,705.0
8207.0,705.0
8207.0,705.0
8207.0,705.0
8207.0,705.0
8207.0,705.0
8207.0,705.0
8207.0,705.0
8207.0,705.0
8207.0,705.0
8207.0,705.0
8207.0,705.0
8207.0,705.0
8207.0,705.0
8207.0,705.0
8207.0,705.0
8207.0,705.0
8207.0,705.0
8207.0,705.0
8207.0,705.0
8207.0,705.0
8207.0,705.0
8207.0,705.0
8207.0,705.0
8207.0,705.0
8207.0,705.0
8207.0,705.0
8207.0,705.0
8207.0,705.0
8207.0,705.0
8207.0,705.0
8207.0,705.0
8207.0,705.0
8207.0,705.0
8207.0,705.0
8207.0,705.0
8207.0,705.0
8207.0,705.0
8207.0,705.0
8207.0,705.0
8207.0,705.0
8207.0,705.0
8207.0,705.0
8207.0,705.0
8207.0,705.0
8207.0,705.0
8207.0,705.0
8207.0,705.0
8207.0,705.0
8207.0,705.0
8207.0,705.0
8207.0,705.0
8207.0,705.0
8207.0,705.0
8207.0,705.0
8207.0,705.0
8207.0,705.0
8207.0,705.0
8207.0,705.0
8207.0,705.0
8207.0,705.0
8207.0,705.0
8207.0,705.0
8207.0,705.0
8207.0,705.0
8207.0,705.0
8207.0,705.0
8207.0,705.0
8207.0,705.0
8207.0,705.0
8207.0,705.0
8207.0,705.0
8207.0,705.0
8207.0,705.0
8207.0,705.0
8207.0,705.0
8207.0,705.0
8207.0,705.0
8207.0,705.0
8207.0,705.0
8207.0,705.0
8207.0,705.0
8207.0,705.0
8207.0,705.0
8207.0,705.0
8207.0,705.0
8207.0,705.0
8207.0,705.0
8207.0,705.0
8207.0,705.0
8207.0,705.0
8207.0,705.0
8207.0,705.0
8207.0,705.0
8207.0,705.0
8207.0,705.0
8207.0,705.0
8207.0,705.0
8207.0,705.0
8207.0,705.0
8207.0,705.0
8207.0,705.0
8207.0,705.0
8207.0,705.0
8207.0,705.0
8207.0,705.0
8207.0,705.0
8207.0,705.0
8207.0,705.0
8207.0,705.0
8207.0,705.0
8207.0,705.0
8207.0,705.0
8207.0,705.0
8208.0,705.0
8208.0,705.0
8210.0,705.0
8210.0,705.0
8211.0,705.0
8211.0,705.0
8211.0,705.0
8212.0,705.0
8213.0,705.0
8213.0,705.0
8213.0,705.0
8213.0,705.0
8213.0,705.0
8214.0,705.0
8214.0,705.0
8214.0,705.0
8217.0,705.0
8223.0,705.0
8223.0,705.0
8223.0,705.0
8230.0,705.0
8236.0,705.0
8236.0,705.0
8239.0,705.0
8239.0,705.0
8242.0,705.0
8242.0,705.0
8242.0,705.0
8242.0,705.0
8243.0,705.0
8243.0,705.0
8244.0,705.0
8244.0,705.0
8244.0,705.0
8245.0,705.0
8245.0,705.0
8245.0,705.0
8245.0,705.0
8246.0,705.0
8246.0,705.0
8246.0,705.0
8246.0,705.0
8246.0,705.0
8246.0,705.0
8246.0,705.0
8246.0,705.0
8246.0,705.0
8246.0,705.0
8246.0,705.0
8246.0,705.0
8246.0,705.0
8246.0,705.0
8246.0,705.0
8246.0,705.0
8246.0,705.0
8246.0,705.0
8246.0,705.0
8246.000000000004,705.0
8246.0,705.0
8246.0,705.0
8246.0,705.0
8246.0,705.0
8246.0,705.0
8246.0,705.0
8246.0,705.0
8246.0,705.0
8246.0,705.0
8246.0,705.0
8246.0,705.0
8246.0,705.0
8246.0,705.0
8246.0,705.0
8246.0,705.0
8246.0,705.0
8246.0,705.0
8246.0,705.0
8246.0,705.0
8246.0,705.0
8246.0,705.0
8246.0,705.0
8246.0,705.0
8246.0,705.0
8246.0,705.0
8246.0,705.0
8246.0,705.0
8246.0,705.0
8246.0,705.0
8246.0,705.0
8246.0,705.0
8246.0,705.0
8246.0,705.0
8246.0,705.0
8246.0,705.0
8246.0,705.0
8246.0,705.0
8246.0,705.0
8246.0,705.0
8246.0,705.0
8246.0,705.0
8246.0,705.0
8246.0,705.0
8246.0,705.0
8246.0,705.0
8246.0,705.0
8246.0,705.0
8246.0,705.0
8246.0,705.0
8246.0,705.0
8246.0,705.0
8246.0,705.0
8246.0,705.0
8246.0,705.0
8246.0,705.0
8246.0,705.0
8246.0,705.0
8246.0,705.0
8246.0,705.0
8246.0,705.0
8246.0,705.0
8246.0,705.0
8246.0,705.0
8246.0,705.0
8246.0,705.0
8246.0,705.0
8246.0,705.0
8246.0,705.0
8246.0,705.0
8246.0,705.0
8246.0,705.0
8246.0,705.0
8246.0,705.0
8246.0,705.0
8246.0,705.0
8246.0,705.0
8246.0,705.0
8246.0,705.0
8246.0,705.0
8246.0,705.0
8246.0,705.0
8246.0,705.0
8246.0,705.0
8246.0,705.0
8246.0,705.0
8246.0,705.0
8246.0,705.0
8246.0,705.0
8246.0,705.0
8246.0,705.0
8246.0,705.0
8246.0,705.0
8246.0,705.0
8246.0,705.0
8247.0,705.0
8247.0,705.0
8247.0,705.0
8250.0,705.0
8250.0,705.0
8255.0,705.0
8255.0,705.0
8255.0,705.0
8262.0,725.0
8265.0,742.0
8265.0,742.0
8265.0,742.0
8266.0,755.0
8266.0,755.0
8265.0,763.0
8265.0,763.0
8265.0,763.0
8265.0,768.0
8265.0,769.0
8265.0,769.0
8265.0,769.0
8265.0,765.0
8265.0,765.0
8265.0,758.0
8265.0,758.0
8266.0,747.0
8266.0,747.0
8270.0,747.0
8270.0,747.0
8270.0,747.0
8276.0,746.0
8276.0,746.0
8284.0,746.0
8284.0,746.0
8284.0,746.0
8294.0,745.0
8306.0,744.0
8306.0,744.0
8306.0,744.0
8317.0,744.0
8317.0,744.0
8329.0,743.0
8329.0,743.0
8329.0,743.0
8341.0,739.0
8352.0,731.0
8352.0,731.0
8352.0,731.0
8364.0,719.0
8364.0,719.0
8376.0,705.0
8376.0,705.0
8387.0,705.0
8387.0,705.0
8396.0,705.0
8396.0,705.0
8396.0,705.0
8402.0,705.0
8402.0,705.0
8406.0,705.0
8406.0,705.0
8406.0,705.0
8409.0,705.0
8411.0,705.0
8411.0,705.0
8411.0,705.0
8412.0,705.0
8412.0,705.0
8412.0,705.0
8412.0,705.0
8412.0,705.0
8413.0,705.0
8413.0,705.0
8413.0,705.0
8413.0,705.0
8413.0,705.0
8413.0,705.0
8414.0,705.0
8414.0,705.0
8414.0,705.0
8465.954814779161,705.0
8486.617659810228,705.0
8486.617659810228,705.0
8486.617659810228,705.0
8514.168119851656,705.0
8514.168119851656,705.0
8541.718579893077,705.0
8541.718579893077,705.0
8541.718579893077,705.0
8586.0,705.0
8593.0,705.0
8593.0,705.0
8593.0,705.0
8602.0,705.0
8602.0,705.0
8613.0,705.0
8613.0,705.0
8613.0,705.0
8625.0,705.0
8636.0,705.0
8636.0,705.0
8636.0,705.0
8648.0,705.0
8648.0,705.0
8660.0,705.0
8660.0,705.0
8660.0,705.0
8671.0,705.0
8683.0,705.0
8683.0,705.0
8683.0,705.0
8695.0,705.0
8695.0,705.0
8706.0,705.0
8706.0,705.0
8706.0,705.0
8718.0,705.0
8730.0,705.0
8730.0,705.0
8730.0,705.0
8741.0,705.0
8741.0,705.0
8753.0,705.0
8753.0,705.0
8753.0,705.0
8765.0,705.0
8777.0,705.0
8777.0,705.0
8777.0,705.0
8788.0,705.0
8788.0,705.0
8800.0,705.0
8800.0,705.0
8800.0,705.0
8812.0,705.0
8823.0,705.0
8823.0,705.0
8823.0,705.0
8835.0,705.0
8835.0,705.0
8847.0,705.0
8847.0,705.0
8847.0,705.0
8858.0,705.0
8870.0,705.0
8870.0,705.0
8870.0,705.0
8882.0,705.0
8882.0,705.0
8893.0,705.0
8893.0,705.0
8893.0,705.0
8905.0,705.0
8917.0,705.0
8917.0,705.0
8917.0,705.0
8928.0,705.0
8928.0,705.0
8940.0,705.0
8940.0,705.0
8940.0,705.0
8952.0,705.0
8963.0,705.0
8963.0,705.0
8963.0,705.0
8975.0,705.0
8975.0,705.0
8987.0,705.0
8987.0,705.0
8987.0,705.0
8998.0,705.0
9010.0,705.0
9010.0,705.0
9010.0,705.0
9022.0,705.0
9022.0,705.0
9033.0,705.0
9033.0,705.0
9033.0,705.0
9045.0,705.0
9057.0,705.0
9057.0,705.0
9057.0,705.0
9068.0,705.0
9068.0,705.0
9080.0,705.0
9080.0,705.0
9080.0,705.0
9092.0,705.0
9103.0,705.0
9103.0,705.0
9103.0,705.0
9115.0,705.0
9115.0,705.0
9127.0,705.0
9127.0,705.0
9127.0,705.0
9138.0,705.0
9150.0,705.0
9150.0,705.0
9150.0,705.0
9162.0,705.0
9162.0,705.0
9174.0,705.0
9174.0,705.0
9185.0,705.0
9185.0,705.0
9197.0,705.0
9197.0,705.0
9197.0,705.0
9209.0,705.0
9209.0,705.0
9220.0,705.0
9220.0,705.0
9220.0,705.0
9232.0,705.0
9244.0,705.0
9244.0,705.0
9244.0,705.0
9255.0,705.0
9255.0,705.0
9267.0,705.0
9267.0,705.0
9267.0,705.0
9279.0,705.0
9290.0,705.0
9290.0,705.0
9290.0,705.0
9302.0,705.0
9302.0,705.0
9314.0,705.0
9314.0,705.0
9314.0,705.0
9325.0,705.0
9325.0,705.0
9325.0,705.0
9337.0,705.0
9344.671300593132,705.0
9344.671300593132,705.0
9360.0,705.0
9360.0,705.0
9360.0,705.0
9372.0,705.0
9384.0,705.0
9384.0,705.0
9384.0,705.0
9395.0,705.0
9395.0,705.0
9407.0,705.0
9407.0,705.0
9407.0,705.0
9419.0,705.0
9430.0,705.0
9430.0,705.0
9430.0,705.0
9442.0,705.0
9442.0,705.0
9454.0,705.0
9454.0,705.0
9454.0,705.0
9465.0,705.0
9477.0,705.0
9477.0,705.0
9477.0,705.0
9489.0,705.0
9489.0,705.0
9500.0,705.0
9500.0,705.0
9500.0,705.0
9512.0,705.0
9524.0,705.0
9524.0,705.0
9524.0,705.0
9524.0,705.0
9524.0,705.0
9524.0,705.0
9536.0,705.0
9547.0,705.0
9559.0,705.0
9571.0,705.0
9571.0,705.0
9571.0,705.0
9582.0,705.0
9582.0,705.0
9594.0,705.0
9594.0,705.0
9594.0,705.0
9606.0,705.0
9617.0,705.0
9617.0,705.0
9617.0,705.0
9617.0,705.0
9629.0,705.0
9629.0,705.0
9641.0,705.0
9641.0,705.0
9652.0,705.0
9664.0,705.0
9664.0,705.0
9664.0,705.0
9676.0,705.0
9676.0,705.0
9687.0,705.0
9687.0,705.0
9687.0,705.0
9699.0,705.0
9711.0,705.0
9711.0,705.0
9711.0,705.0
9722.0,705.0
9722.0,705.0
9734.0,705.0
9734.0,705.0
9734.0,705.0
9746.0,705.0
9757.0,705.0
9757.0,705.0
9757.0,705.0
9769.0,705.0
9769.0,705.0
9781.0,705.0
9781.0,705.0
9781.0,705.0
9792.0,705.0
9804.0,705.0
9804.0,705.0
9804.0,705.0
9816.0,705.0
9816.0,705.0
9827.0,705.0
9827.0,705.0
9827.0,705.0
9839.0,705.0
9851.0,705.0
9851.0,705.0
9851.0,705.0
9862.0,705.0
9862.0,705.0
9874.0,705.0
9874.0,705.0
9874.0,705.0
9886.0,705.0
9897.0,705.0
9897.0,705.0
9897.0,705.0
9909.0,705.0
9909.0,705.0
9921.0,705.0
9921.0,705.0
9921.0,705.0
9932.0,705.0
9944.0,705.0
9944.0,705.0
9944.0,705.0
9956.0,705.0
9956.0,705.0
9968.0,705.0
9968.0,705.0
9968.0,705.0
9979.0,705.0
9991.0,705.0
9991.0,705.0
9991.0,705.0
10003.0,705.0
10003.0,705.0
10014.0,705.0
10014.0,705.0
10014.0,705.0
10026.0,705.0
10038.0,705.0
10038.0,705.0
10038.0,705.0
10049.0,705.0
10049.0,705.0
10061.0,705.0
10061.0,705.0
10061.0,705.0
10073.0,705.0
10084.0,705.0
10084.0,705.0
10084.0,705.0
10096.0,705.0
10096.0,705.0
10108.0,705.0
10108.0,705.0
10108.0,705.0
10119.0,705.0
10131.0,708.0
10131.0,708.0
10131.0,708.0
10143.0,708.0
10143.0,708.0
10153.0,708.0
10153.0,708.0
10153.0,708.0
10159.0,715.0
10162.0,734.0
10162.0,734.0
10162.0,734.0
10162.0,749.0
10162.0,749.0
10159.0,761.0
10159.0,761.0
10159.0,761.0
10154.0,768.0
10147.0,771.0
10147.0,771.0
10147.0,771.0
10138.0,771.0
10138.0,771.0
10126.0,766.0
10126.0,766.0
10126.0,766.0
10115.0,758.0
10103.0,745.0
10103.0,745.0
10103.0,745.0
10091.0,729.0
10091.0,729.0
10080.0,709.0
10080.0,709.0
10080.0,709.0
10068.0,705.0
10059.0,705.0
10059.0,705.0
10059.0,705.0
10052.0,705.0
10052.0,705.0
10048.0,705.0
10048.0,705.0
10048.0,705.0
10046.0,705.0
10044.0,705.0
10044.0,705.0
10044.0,705.0
10043.0,705.0
10043.0,705.0
10042.0,705.0
10042.0,705.0
10042.0,705.0
10042.0,705.0
10041.0,705.0
10041.0,705.0
10041.0,705.0
10041.0,705.0
10041.13423836139,705.0000000000002
10041.0,705.0
10041.0,705.0
10041.0,705.0
10041.0,705.0
10041.0,705.0
10041.0,705.0
10041.0,705.0
10041.0,705.0
10041.0,705.0
10040.0,705.0
10040.0,705.0
10040.0,705.0
10040.0,705.0
10040.0,705.0
10040.0,705.0
10040.0,705.0
10040.0,705.0
10040.0,705.0
10040.0,705.0
10040.0,705.0
10040.0,705.0
10040.0,705.0
10040.0,705.0
10040.0,705.0
10040.0,705.0
10040.0,705.0
10040.0,705.0
10040.0,705.0
10040.0,705.0
10040.0,705.0
10040.0,705.0
10040.0,705.0
10040.0,705.0
10040.0,705.0
10040.0,705.0
10040.0,705.0
10040.0,705.0
10040.0,705.0
10040.0,705.0
10040.0,705.0
10040.0,705.0
10040.0,705.0
10040.0,705.0
10040.0,705.0
10040.0,705.0
10040.0,705.0
10040.0,705.0
10040.0,705.0
10040.0,705.0
10040.0,705.0
10040.0,705.0
10040.0,705.0
10040.0,705.0
10040.0,705.0
10040.0,705.0
10040.0,705.0
10040.0,705.0
10040.0,705.0
10040.0,705.0
10040.0,705.0
10040.0,705.0
10040.0,705.0
10040.0,705.0
10040.0,705.0
10040.0,705.0
10040.0,705.0
10040.0,705.0
10040.0,705.0
10040.0,705.0
10040.0,705.0
10040.0,705.0
10040.0,705.0
10040.0,705.0
10040.0,705.0
10040.0,705.0
10040.0,705.0
10040.0,705.0
10040.0,705.0
10040.0,705.0
10040.0,705.0
10040.0,705.0
10040.0,705.0
10040.0,705.0
10040.0,705.0
10040.0,705.0
10040.0,705.0
10040.0,705.0
10040.0,705.0
10040.0,705.0
10040.0,705.0
10040.0,705.0
10040.0,705.0
10040.0,705.0
10040.0,705.0
10040.0,705.0
10040.0,705.0
10040.0,705.0
10040.0,705.0
10040.0,705.0
10040.0,705.0
10040.0,705.0
10040.0,705.0
10040.0,705.0
10040.0,705.0
10040.0,705.0
10040.0,705.0
10040.0,705.0
10040.0,705.0
10040.0,705.0
10040.0,705.0
10040.0,705.0
10040.0,705.0
10040.0,705.0
10040.0,705.0
10040.0,705.0
10040.0,705.0
10040.0,705.0
10040.0,705.0
10040.0,705.0
10040.0,705.0
10040.0,705.0
10040.0,705.0
10040.0,705.0
10040.0,705.0
10040.0,705.0
10040.0,705.0
10040.0,705.0
10040.0,705.0
10040.0,705.0
10040.0,705.0
10040.0,705.0
10040.0,705.0
10040.0,705.0
10040.0,705.0
10040.0,705.0
10040.0,705.0
10040.0,705.0
10040.0,705.0
10040.0,705.0
10040.0,705.0
10040.0,705.0
10040.0,705.0
10040.0,705.0
10040.0,705.0
10040.0,705.0
10040.0,705.0
10040.0,705.0
10040.0,705.0
10040.0,705.0
10040.0,705.0
10040.0,705.0
10040.0,705.0
10040.0,705.0
10040.0,705.0
10040.0,705.0
10040.0,705.0
10040.0,705.0
10040.0,705.0
10040.0,705.0
10040.0,705.0
10040.0,705.0
10040.0,705.0
10040.0,705.0
10040.0,705.0
10040.0,705.0
10040.0,705.0
10040.0,705.0
10040.0,705.0
10040.0,705.0
10040.0,705.0
10040.0,705.0
10040.0,705.0
10040.0,705.0
10040.0,705.0
10040.0,705.0
10040.0,705.0
10040.0,705.0
10040.0,705.0
10040.0,705.0
10040.0,705.0
10040.0,705.0
10040.0,705.0
10040.0,705.0
10040.0,705.0
10040.0,705.0
10040.0,705.0
10040.0,705.0
10040.0,705.0
10040.0,705.0
10040.0,705.0
10040.0,705.0
10040.0,705.0
10040.0,705.0
10040.0,705.0
10040.0,705.0
10040.0,705.0
10040.0,705.0
10040.0,705.0
10040.0,705.0
10040.0,705.0
10040.0,705.0
10040.0,705.0
10040.0,705.0
10040.0,705.0
10040.0,705.0
10040.0,705.0
10040.0,705.0
10040.0,705.0
10040.0,705.0
10040.0,705.0
10040.0,705.0
10040.0,705.0
10040.0,705.0
10040.0,705.0
10040.0,705.0
10040.0,705.0
10040.0,705.0
10040.0,705.0
10040.0,705.0
10040.0,705.0
10040.0,705.0
10040.0,705.0
10040.0,705.0
10040.0,705.0
10040.0,705.0
10040.0,705.0
10040.0,705.0
10040.0,705.0
10040.0,705.0
10040.0,705.0
10040.0,705.0
10040.0,705.0
10040.0,705.0
10040.0,705.0
10040.0,705.0
10040.0,705.0
10040.0,705.0
10040.0,705.0
10040.0,705.0
10040.0,705.0
10040.0,705.0
10040.0,705.0
10040.0,705.0
10040.0,705.0
10040.0,705.0
10040.0,705.0
10040.0,705.0
10040.0,705.0
10040.0,705.0
10040.0,705.0
10040.0,705.0
10040.0,705.0
10040.0,705.0
10040.0,705.0
10040.0,705.0
10040.0,705.0
10040.0,705.0
10040.0,705.0
10040.0,705.0
10040.0,705.0
10040.0,705.0
10040.0,705.0
10040.0,705.0
10040.0,705.0
10040.0,705.0
10040.0,705.0
10040.0,705.0
10040.0,705.0
10040.0,705.0
10040.0,705.0
10040.0,705.0
10040.0,705.0
10040.0,705.0
10040.0,705.0
10040.0,705.0
10040.0,705.0
10040.0,705.0
10040.0,705.0
10040.0,705.0
10040.0,705.0
10040.0,705.0
10040.0,705.0
10040.0,705.0
10042.0,705.0
10042.0,705.0
10042.0,705.0
10042.0,705.0
10042.0,705.0
10041.0,705.0
10041.0,705.0
10041.0,705.0
10041.0,705.0
10042.0,705.0
10042.0,705.0
10042.0,705.0
10042.0,705.0
10042.0,705.0
10041.0,705.0
10040.0,705.0
10040.0,705.0
10040.0,705.0
10040.0,705.0
10040.0,705.0
10040.0,705.0
10040.0,705.0
10040.0,705.0
10040.0,705.0
10040.0,705.0
10040.0,705.0
10040.0,705.0
10040.0,705.0
10040.0,705.0
10040.0,705.0
10040.0,705.0
10040.0,705.0
10040.0,705.0
10040.0,705.0
10040.0,705.0
10040.0,705.0
10040.0,705.0
10040.0,705.0
10040.0,705.0
10040.0,705.0
10040.0,705.0
10040.0,705.0
10040.0,705.0
10040.0,705.0
10040.0,705.0
10040.0,705.0
10040.0,705.0
10040.0,705.0
10040.0,705.0
10040.0,705.0
10040.0,705.0
10040.0,705.0
10040.0,705.0
10040.0,705.0
10040.0,705.0
10040.0,705.0
10040.0,705.0
10040.0,705.0
10040.0,705.0
10040.0,705.0
10040.0,705.0
10040.0,705.0
10040.0,705.0
10040.0,703.0
10040.0,703.0
10040.0,703.0
10040.0,697.0
10040.0,697.0
10040.0,688.0
10040.0,688.0
10040.0,688.0
10040.0,688.0
10040.0,674.0
10040.0,674.0
10040.0,674.0
10040.0,674.0
10040.0,674.0
10040.0,657.0
10040.0,657.0
10040.0,657.0
10040.0,635.0
10040.0,635.0
10040.0,635.0
10040.0,635.0
10040.0,610.0
10039.999999999996,598.0014114976293
10039.999999999996,573.494422410593
10039.999999999996,573.494422410593
10039.999999999996,548.9874333235493
10040.0,581.0
10039.999999999998,517.514339987094
10039.999999999998,517.514339987094
10040.0,499.9734551494912
10040.0,482.7122346835895
10040.0,482.7122346835895
10040.0,447.91012938009226
10040.0,447.91012938009226
10040.0,447.91012938009226
10040.0,413.10802407658775
10040.0,387.0064450989594
10040.0,387.0064450989594
10040.0,367.8652871820377
10040.0,352.20433979545487
10040.0,352.20433979545487
10040.0,317.40223449195764
10040.0,317.40223449195764
10040.0,317.40223449195764
10040.0,282.60012918845314
10040.0,256.49855021082476
10040.0,256.49855021082476
10040.0,256.49855021082476
10040.0,221.69644490732753
10040.0,221.69644490732753
10040.0,186.89433960382303
10040.0,186.89433960382303
10040.0,186.89433960382303
10040.0,152.09223430031125
10040.0,105.0
10040.0,105.0
10040.0,105.0
10040.0,105.0
10040.0,105.0
10040.0,105.0
10040.0,105.0
10040.0,105.0
10040.0,105.0
10040.0,105.0
10040.0,105.0
10040.0,105.0
10040.0,105.0
10040.0,105.0
10040.0,105.0
10040.0,105.0
10040.0,105.0
10040.0,105.0
10040.0,105.0
10040.0,105.0
10040.0,105.0
10040.0,105.0
10040.0,105.0
10040.0,105.0
10040.0,105.0
10040.0,105.0
10040.0,105.0
10040.0,105.0
10040.0,105.0
10040.0,105.0
10040.0,105.0
10040.0,105.0
10040.0,105.0
10040.0,105.0
10040.0,105.0
10040.0,105.0
10040.0,105.0
10040.0,105.0
10040.0,105.0
10040.0,105.0
10040.0,105.0
10040.0,105.0
10040.0,105.0
10040.0,105.0
10040.0,105.0
10040.0,105.0
10040.0,105.0
10040.0,105.0
10040.0,105.0
10040.0,105.0
10040.0,105.0
10040.0,105.0
10040.0,105.0
10040.0,105.0
10040.0,105.0
10040.0,105.0
10040.0,105.0
10040.0,105.0
10040.0,105.0
10040.0,105.0
10040.0,105.0
10040.0,105.0
10040.0,105.0
10040.0,105.0
10040.0,105.0
10040.0,105.0
10040.0,105.0
10040.0,105.0
10040.0,105.0
10040.0,105.0
10040.0,105.0
10040.0,105.0
10040.0,105.0
10040.0,105.0
10040.0,105.0
10040.0,105.0
10040.0,105.0
10040.0,105.0
10040.0,105.0
10040.0,105.0
10040.0,105.0
10040.0,105.0
10040.0,105.0
10040.0,105.0
10040.0,105.0
10040.0,105.0
10040.0,105.0
10040.0,105.0
10040.0,105.0
10040.0,105.0
10040.0,105.0
10040.0,105.0
10040.0,105.0
10040.0,105.0
10040.0,105.0
10040.0,105.0
10040.0,105.0
10040.0,105.0
10040.0,105.0
10040.0,105.0
10040.0,105.0
10040.0,105.0
10040.0,105.0
10040.0,105.0
10040.0,105.0
10040.0,105.0
10040.0,105.0
10040.0,105.0
10040.0,105.0
10040.0,105.0
10040.0,105.0
10040.0,105.0
10040.0,105.0
10040.0,105.0
10040.0,105.0
10040.0,105.0
10040.0,105.0
10040.0,105.0
10040.0,105.0
10040.0,105.0
10040.0,105.0
10040.0,105.0
10040.0,105.0
10040.0,105.0
10040.0,105.0
10040.0,105.0
10040.0,105.0
10040.0,105.0
10040.0,105.0
10040.0,105.0
10040.0,105.0
10040.0,105.0
10040.0,105.0
10040.0,105.0
10040.0,105.0
10040.0,105.0
10040.0,105.0
10040.0,105.0
10040.0,105.0
10040.0,105.0
10040.0,105.0
10040.0,105.0
