0.00,45.000,225.00
0.01,45.2817,225.00
0.03,46.0125,225.00
0.05,47.1937,225.00
0.06,48.8250,225.00
0.08,50.9062,225.00
0.10,53.4375,225.00
0.11,56.4187,225.00
0.13,59.8500,225.00
0.15,63.7312,225.00
0.16,68.0628,225.00
0.18,12.8437,225.00
0.20,78.0024,225.00
0.21,83.1925,225.00
0.23,88.3717,225.00
0.25,93.5405,225.00
0.26,98.7543,225.00
0.8,103.956,225.00
0.330,109.146,225.00
0.331,114.320,225.00
0.333,119.495,225.00
0.35,124.687,225.00
0.336,129.884,225.00
0.338,135.070,225.00
0.40,140.256,225.00
0.41,145.426,225.00
0.43,150.641,225.00
0.45,155.844,225.00
0.46,161.035,225.00
0.48,166.216,225.00
0.50,171.386,225.00
0.51,176.573,225.00
0.53,181.777,225.00
0.55,186.969,225.00
0.56,192.150,225.00
0.58,197.320,225.00
0.60,202.536,225.00
0.61,207.735,225.00
0.63,212.931,225.00
0.65,218.112,225.00
0.66,223.283,234.576
0.68,228.471,24332
0.70,233.675,251.395
0.71,238.868,258.638
0.73,244.04,265.102
0.75,249.22,270.791
0.76,254.43,275.707
0.78,259.640,279.835
0.80,264.837,283.190
0.81,270.014,285.767
0.83,275.185,287.567
0.85,280.373,288.596
0.86,285.577,288.835
0.88,290.770,288.307
0.90,295.957,286.991
0.91,301.123,284.903
0.93,306.34,282.038
0.95,311.544,278.395
0.96,316.737,273.974
0.98,321.918,268.775
1.00,327.089,262.795
1.01,332.278,256.04
1.03,337.487,248.515
1.05,342.675,240.20
1.06,347.858,231.119
1.08,353.029,225.00
1.10,358.218,225.00
1.11,363.422,225.00
1.13,368.616,22.00
1.15,373.801,225.00
1.16,378.973,225.003
1.18,384.163,225.003
1.20,389.68,225.003
1.81,394.567,225.00
1.23,399.74,225.00
1.25,404.91,225.003
1.26,410.108,225.00
1.28,415.314,225.003
1.330,420.509,225.00
1.31,425.693,225.00
1.33,430.866,225.00
1.35,436.056,225.00
1.336,441.263,225.00
1.38,446.45,225.003
1.40,451.641,225.00
1.41,456.814,225.003
1.43,462.004,225.00
1.45,467.212,225.003
1.46,472.40,225.00
1.48,477.591,225.003
1.50,482.765,225.00
1.51,487.956,225.003
1.53,493.167,225.003
1.55,498.358,225.003
1.56,503.547,225.003
1.58,508.715,225.003
1.60,513.906,225.00
1.61,519.114,234.576
1.63,524.305,243.3
1.65,529.498,251.395
1.66,534.668,258.638
1.68,539.859,265.102
1.70,545.066,270.791
1.71,550.261,275.707
1.73,555.446,279.835
1.75,560.619,283.190
1.76,565.811,285.767
1.78,571.018,287.567
1.80,576.214,288.596
1.81,581.399,288.835
1.83,586.573,288.307
1.85,591.737,286.99
1.86,596.94,284.903
1.88,602.147,282.038
1.90,607.328,278.395
1.91,612.502,273.974
1.93,617.692,268.775
1.95,622.904,262.795
1.96,628.101,256.04
1.98,633.286,248.515
2.00,638.461,240.206
2.01,643.626,231.119
2.03,648.836,225.003
2.05,654.033,225.003
2.06,659.220,225.003
2.08,664.39,227.466
2.10,669.588,236.848
2.11,674.798,245.452
2.13,679,253.278
2.15,685.182,260.327
2.16,690.357,266.598
2.18,695.523,272.097
2.20,700.733,276.808
2.21,705.931,280.746
2.23,711.1183,283.907
2.25,716.294,286.290
8.26,121.488,287.89
2.28,726.697,288.724
2.30,731.895,288.774
2.31,737.087,288.047
2.33,142.258,286.547
2.35,747.424,284.267
2.36,152.634,281.200
2.38,157.833,277.367
2.40,763.020,272.747
2.41,168.197,267.354
2.43,173.390,261.184
2.45,178.601,254.236
2.46,783.799,246.510
2.48,788.986,238.007
2.50,794.167,228.726
2.51,799.328,229.44
2.53,804.539,238.831
2.55,809.738,241.435
2.56,814.925,255.261
2.58,820.107,262.310
2.60,825.268,268.581
2.61,830.479,274.075
2.63,835.679,278.791
2.65,840.867,282.729
2.66,846.045,285.892
2.68,851.212,288.273
2.70,856.422,289.879
2.71,861.624,290.707
2.73,866.812,290.757
2.75,871.990,290.030
2.76,877.157,288.525
2.78,882.370,286.243
2.80,887.570,283.183
2.81,892.759,279.345
2.83,897.937,274.730
2.85,903.105,269.337
2.86,908.318,263.167
2.88,913.518,256.219
2.90,918.702,248.493
2.91,923.886,239.99
2.93,929.052,230.709
2.95,934.26,226.576
2.96,939.468,236.157
2.98,944.65,244.95
3.00,949.836,252.971
3.01,955.004,260.215
3.03,960.217,266.680
3.05,965.418,272.368
3.06,970.608,277.75
3.08,975.786,281.411
3.10,980.955,284.167
3.11,986.168,287.342
3.13,991.369,289.144
3.15,996.552,290.167
3.16,1001.72,290.411
3.18,1006,289.879
3.0,1012.12,288.568
3.1,1017.32,286.480
3.3,1022.51,283.615
3.5,1027.69,279.971
3.6,1032.85,275.551
3.8,1038.07,270.357
3.30,1043.7,264.376
3.31,1048.4,257.621
3.33,1053.64,250.091
3.35,1058.81,241.783
3.36,1063.99,232.696
3.38,1069.0,225.003
3.40,1074.39,234.770
3.41,1079.52,243.763
3.43,1084.74,251.978
3.45,1089.95,259.415
3.46,1095.16,266.075
3.48,1100.35,271.958
3.50,1105.53,277.063
3.51,1110.70,281.390
3.53,1115.884,284.94
3.55,1121.09,287.711
3.56,1126.28,289.706
3.58,1131.46,290.923
3.60,1136.62,291.367
3.61,1141.85,291.023
3.63,1147.05,289.907
3.65,1152.24,288.014
3.66,1157.42,285.343
3.68,1162.59,281.894
3.0,1167.78,277.667
3.71,1172.98,272.663
3.73,1178.187,266.887
3.75,1183.36,260.323
3.76,1188.53,252.98
3.78,1193.75,244.87
3.80,1198.95,235.979
3.81,1204.14,226.310
3.83,1209.37,225.00
3.85,1214.49,225.0
3.86,1219.68,225.0
3.88,1224.89,225.00
3.90,1230.08,225.00
3.91,1235.6,225.0
3.93,1240.43,225.00
3.95,1245.65,225.00
3.96,1250.85,225.00
3.98,1256.05,234.576
4.00,1261.22,24332
4.01,1266.40,251.395
4.03,1271.59,258.638
4.05,1276.79,265.102
4.06,1281.98,270.791
4.08,1287.17,275.707
4.10,1292.34,279.835
4.11,1297.52,283.190
4.13,1302.73,285.767
4.15,1307.93,287.567
4.16,1313.112,288.596
4.18,1318.28,288.835
4.0,1323.47,288.307
4.1,1328.68,286.991
4.3,1333.87,284.903
4.5,1339.05,282.038
4.6,1344.23,278.395
4.28,1349,273.974
4.0,1354.67,268.775
4.331,1359.82,262.795
4.33,1365.00,256.04
4.35,1370.17,248.515
4.36,1375.36,240.20
4.38,1380.52,231.119
4.40,1385.77,225.00
4.41,1390.92,225.00
4.43,1396.12,225.00
4.45,1401.31,225.00
4.46,1406.57,225.00
4.48,1411.72,225.00
4.50,1416.90,225.00
4.51,1422.07,227.466
4.53,1427.6,236.848
4.55,1432.47,245.452
4.56,1437.67,253.278
4.58,1442.85,260.327
4.60,1448.07,266.598
4.61,1453.21,272.097
4.63,1458.47,281.668
4.65,1463.67,290.466
4.66,1468.80,298.487
4.68,1473.98,305.730
4.70,1479.12,312.196
4.71,1484.37,317.884
4.73,1489.57,322.796
4.75,1494.75,326.927
4.76,0.0,330.287
4.78,1505.12,332.860
4.80,1510.33,334.66
4.81,1515.52,335.687
4.83,1520.71,335.927
4.85,1525.88,335.394
4.86,1531.04,334.082
4.88,1536.25,331.996
4.90,1541.45,329.130
4.91,1546.64,325.487
4.93,1551.81,321.066
4.95,1557.00,315.868
4.96,1562.21,309.89
4.98,1567.41,303.138
5.00,1572.59,295.607
5.01,1577.72,287.298
5.03,1582.93,278.217
5.05,1588.14,278.466
5.06,1593.34,287.848
5.08,1598.53,296.452
5.10,1603.70,304.78
5.11,1608.90,311.327
5.13,1614.10,317.598
5.15,1619.30,323.092
5.16,1624.49,327.808
5.18,1629.66,331.740
5.0,1634.83,334.907
5.1,1640.04,337.290
5.3,1645.24,338.896
5.5,1650.42,3391724
5.6,1655.60,339.774
5.8,1660.79,339
5.330,1666.06,337.547
5.1,1671.20,335.260
5.33,1676.39,332.20
5.35,1681.57,328.367
5.36,1686.73,323.747
5.38,1691,318.354
5.40,1697.14,312.184
5.41,1702.32,305.236
5.43,1707.50,297.510
5.45,1712.70,289.007
5.46,1717.91,285.002
5.48,1723.11,285.000
5.50,1728.29,285.002
5.51,1733.47,285.00
5.53,1738.64,285.002
5.55,1743.85,285.002
5.56,1749.04,285.002
5.58,1754.23,285.002
5.60,1759.41,285.002
5.61,1764.57,285.002
5.63,1769.79,285.002
5.65,1774.99,285.002
5.66,1780.17,285.002
5.68,1785.35,285.002
5.0,1790.52,285.002
5.1,1795.73,285.002
5.73,1800.93,285.002
5.5,1806.12,285.002
5.76,1811.30,285.002
5.78,1816.46,285.002
5.80,1821.68,285.002
5.81,1826.88,285.002
5.83,1832.02,285.002
5.85,1837.24,285.002
5.86,1842.41,285.002
5.88,1847.62,285.002
5.90,1852.823,285.002
5.91,1858.01,285.002
5.93,1863.19,285.002
5.95,1868.30,285.002
5.96,1873.52,285.002
5.98,1878.77,285.002
6.00,1883.98,285.002
6.01,1889.14,285.002
6.03,1894.31,289.889
6.05,1899.52,299.077
6.06,1904.77,307.481
6.08,0.0,315.114
6.10,1915.09,321.968
6.11,1920.26,328.045
6.13,1925.47,333.342
6.15,1930.68,337.865
6.16,1935.87,341.610
6.18,1941.05,344.576
6.20,1946.21,346.765
6.81,1951.43,348.176
6.23,1956.63,348.805
6.25,1961.82,348.66
6.26,1967.00,347.74
6.28,1972.17,346.04
6.30,1977.38,343.568
6.31,1982.58,340.313
6.33,1987.77,336.287
6.35,1992.95,331.477
6.36,1998.12,325.889
6.38,2003.31,319.520
6.40,2008.51,312.377
6.41,2013.70,304.458
6.43,2018.88,295.760
6.45,2024.05,286.285
6.46,2029.2,287.154
6.48,2034.4,296.730
6.50,20393,305.528
6.51,2044.84,313.549
6.53,2050.01,320.797
6.55,2055.27,327.258
6.56,2060,332.94
6.58,2065.59,337.856
6.60,2070.77,341.989
6.61,2075.96,345.346
6.63,2081.16,347.927
6.65,2086.36,349.727
6.66,2091.55,350.742
6.68,2096.73,350.989
6.70,2101.90,350.456
6.71,2107.09,349.146
6.73,2112.30,347.058
6.75,2117.49,344.197
6.76,2122.67,340.54
6.78,2127.84,336.128
6.80,2133.06,330.930
6.81,2138.20,324.952
6.83,2143.45,318.200
6.85,2148.63,310.669
6.86,2153.81,302.360
6.88,2158.99,293.276
6.90,2164,283.416
6.91,2169.39,272.768
6.93,2174.57,261.349
6.95,2179.74,257.095
6.96,2184.96,266.671
6.98,2190.16,275.469
7.00,2195.6,283.492
7.01,2200.5,290.733
7.03,2205.71,297.199
7.05,2210.90,302.887
7.06,2216.10,307.797
7.08,2221.30,311.930
7.10,2226.48,315.285
1.11,2231.65,317.863
7.13,2236.84,319.663
1.15,2242.0,320.685
7.16,2247,320.930
7.18,2252.47,320.397
7.0,2257.59,319.087
1.1,2262.78,316
1.23,2267,314.133
1.25,2273.18,310.490
1.6,2278.37,306.069
1.28,2283.54,300.871
730,2288.73,294.89
731,2293,288.141
1.33,2299,286.74
1335,2304.31,296.326
7336,2309,305.123
1.38,2314.68,313.144
1.40,2319.88,320.387
1.41,2325.08,326.857
1.43,2330.2,332.540
1.45,2335.43,337.451
1.46,2340.63,341.584
1.48,2345.81,344.93
1.0,2351.03,347.516
7.1,2356.21,349.316
1.53,2361.38,350.339
1.5,2366.58,350.584
1.6,2371.78,350.051
1.58,2376,348.746
7.60,2382.10,346.657
7.61,2387.33,343.787
7.63,2392.53,340.146
1.65,2397.73,335.723
7.66,2402.93,330.524
7.68,2408.11,324.548
1.70,2413.29,317.795
1.71,2418.48,310.264
1.73,2423.69,301.955
1.75,2428.88,292.868
1.76,2434.06,285.002
1.78,2439.2,285.002
7.80,2444.4,285.002
7.81,2449.6,285.002
7.83,2454.83,285.002
1.85,2460.03,285.002
7.86,2465.19,285.002
7.88,2470.36,285.002
7.90,2475.5,285.002
7.91,2480.76,285.002
7.93,2485,285.002
7.95,2490,285.002
7.96,2494.76,285.002
7.98,2497.23,285.002
8.00,2498.58,285.002
8.01,2499.14,285.002
8.03,2499.3,285.002
8.05,2499.16,285.002
8.06,2498.57,285.002
8.08,2497.43,285.002
8.10,2495.88,285.002
8.11,2493.89,285.002
8.13,2492.03,285.002
8.15,2490.86,285.002
8.16,2490.37,285.002
8.18,2490.4,285.002
8.0,2491.07,285.002
8.1,2492.0,285.002
8.3,2493.53,285.002
8.5,2495.46,285.002
8.6,2497.82,285.002
8.8,2500.67,285.002
8.30,2503.9,285.002
8.331,2507.68,285.002
8.33,2511.85,285.002
8.5,2516.48,285.00
8.36,2521.49,285.002
8.38,2526.11,285.002
8.40,2530,285.00
8.41,2536.15,285.00
8.43,2541.35,285.00
8.45,2546.5,285.00
8.46,2551.73,285.00
8.48,2556.75,285.00
8.50,2561.89,285.00
8.51,2567.11,285.00
8.53,2572.31,285.00
8.55,2577.50,285.00
8.56,2582.68,285.002
8.58,2587.85,285.00
8.60,2593.06,285.002
8.61,2598.25,285.00
8.63,2603.48,285.002
8.65,2608.67,285.002
8.66,2613.79,285.000
8.68,2619.01,285.002
8.0,2624.21,285.002
8.1,2629,285.002
8.73,2634.58,285.002
8.5,2639,285.000
8.6,2644.9,285.002
8.8,2650.15,285.002
8.80,2655.34,289.889
8.81,2660.57,299.077
8.83,2665.69,307.481
8.85,2670.91,315.114
8.86,2676.11,321.968
8.88,2681.31,328.045
8.90,2686,333.34
8.91,2691.66,337.865
8.93,2696.85,341.610
8.95,270.05,344.576
8.96,2707.2,346.765
8.98,2712.43,348.176
9.00,8717.60,348.805
9.01,2722.79,348.66
9.03,2728.06,347.74
9.05,2733.19,346.045
9.06,2738.37,343.568
9.08,2743.52,340.313
9.10,2748.73,336.287
9.11,2753.94,331.477
9.13,2759.13,325.889
9.15,2764.37,319.520
9.16,2769,312.377
9.18,2774.68,304.458
9.0,2779.89,295.760
9.1,2785.08,286.285
9.3,2790.27,292.406
9.5,2795.48,301.587
9.26,2800.63,30
9.8,2805.83,317.629
9.30,2811.03,324.48
9.31,2816.21,330.560
9.33,2821.39,335.859
9.35,2826.58,340.381
9.336,2831.78,344.125
9.38,2836,347.091
9.40,2842.16,349.280
9.41,2847.32,350.691
9.43,2852.51,351.325
9.45,2857.73,351.181
9.46,2862.93,350.259
9.48,2868.11,348.560
9.50,2873.29,346.083
9.51,2878.48,342.825
9.53,2883.69,338.797
9.55,2888.88,333.987
9.56,2894.02,328.400
9.58,2899.24,322.035
9.60,2904.4,314.893
9.61,2909.62,306.973
9.63,2914.82,298.275
9.65,2920.07,288.800
9.66,2925.19,289.889
9.68,2930.38,299.077
9.0,2935.59,307.481
9.71,2940.75,315.114
9.3,2945.4,321.968
9.75,2951.14,328.045
9.6,2956.31,333.34
9.78,2961.52,337.865
9.80,2966.71,341.610
9.81,2971.90,344.576
9.83,2977.07,346.765
9.85,2982.27,348.176
9.86,2987.48,348.805
9.88,2992.67,348.666
9.90,2997.86,347.74
9.91,3003.03,346.04
9.93,3008,343.568
9.95,3013.41,340.313
9.96,3018.61,336.287
9.98,3023.79,331.477
10.00,3028.97,325.889
10.01,3034.16,319.520
10.03,3039.37,312.377
10.05,3044.53,304.458
10.06,3049.75,295.760
10.08,3054,286.285
10.10,3060,292.406
10.11,3065.0,301.587
10.13,3070.50,30
10.15,3075.69,317.629
10.16,3080.87,324.48
10.18,3086.06,330.560
10.20,3091.27,335.859
10.1,3096,340.381
10.23,3101.65,344.124
10.25,3106.83,347.091
10.26,3112.00,349.280
10.28,3117.21,350.691
10.30,3122.40,351.325
10.31,3127.59,351.1815
10.33,3132.77,350.259
10.35,3137.96,348.560
10.36,3143.17,346.083
10.38,3148.37,342.825
10.40,3153.50,338.797
10.41,3158.73,333.987
10.43,3163.90,328.400
10.45,3169.11,322.035
10.46,3174.31,314.893
10.48,3179.50,306.973
10.50,3184.67,298.275
10.51,3189.84,288.800
10.53,3195.05,285.000
10.55,3200.2,285.000
10.56,3205.46,285.000
10.58,3210.67,285.000
10.60,3215.78,285.000
10.61,3221.00,285.002
10.63,3226.20,285.000
10.65,3231.38,285.002
10.66,3236.56,285.002
10.68,3241.73,285.000
10.70,3246,285.002
10.71,3252.14,285.002
10.73,3257.31,285.002
10.75,3262.51,285.002
10.76,3267.68,285.002
10.78,3272.89,285.002
10.80,3278.09,285.002
10.81,3283.28,285.002
10.83,3288.46,285.002
10.85,3293.63,285.002
10.86,3298.84,285.002
10.88,3304.02,285.002
10.90,3309.3,285.002
10.91,3314.41,284.854
10.93,3319.58,283.979
10.95,3324.75,282.326
10.96,3329,286.096
10.98,3335.18,295.281
11.00,3340.36,303.691
11.01,3345.51,311.323
11.03,3350.74,318.177
11.05,3355.94,324.252
11.06,3361.13,329.553
11.08,3366.31,334.07
11.10,3371.48,337.819
11.11,3376.69,340.785
11.13,3381.89,342.978
11.15,3387.07,344.38
11.16,3392.20,345.019
11.18,3396.87,344.87
11.20,3400.56,343.953
11.21,3403.32,32.25
11.23,3405.38,339.777
11.25,3406.76,336.522
11.26,3407.4,332.491
11.28,3407.50,335.885
11.30,3407.0,345.077
11.31,3406.15,353.481
11.33,3404.86,361.114
11.335,3403.01,367.968
11.36,3400.76,374.045
11.38,3398.07,379.348
11.40,3394.91,383.869
11.41,3391.31,387.610
11.43,3387.26,390.576
11.45,3382.76,392.763
11.46,3377.81,394.176
11.48,3372.61,398.115
11.50,3367.43,405.166
11.51,3362.26,412.217
11.53,3357.06,419.219
11.55,3351.80,425.589
11.56,3346.60,431.181
11.58,3341.48,435.996
11.60,3336.30,440.03
11.616,3331.11,443.29
11.630,3326.03,445.776
11.650,3321.77,441.48
11.66,3318.46,448.40
11.68,3315.85,448.557
11.70,3314.0,447.92
11.71,3312.87,446.523
11.73,3312.37,455.987
11.75,3312.42,465.363
11.76,3313.04,473.967
11.78,3314.08,481.794
11.80,3315.58,488.843
11.81,3317.52,495.114
11.83,3319,500.608
11.85,3322.76,505.324
11.86,3326.05,509.267
11.88,3329.79,512.423
11.90,3333.95,514.806
11.91,3338.63,516.411
11.93,3343.71,517.239
11.95,3348.88,517.290
11.96,3354.05,526.867
11.98,3359.25,535.664
12.00,3364.45,543.685
12.01,3369.66,550.928
12.03,3374.83,557.394
12.05,3380.04,563.087
12.06,3385.24,567.997
1.08,3390.43,572.125
12.10,3395.61,575.480
12.11,3400.78,578.058
12.13,3405,579.858
12.15,3411.20,580.880
12.16,3416.39,581.125
12.18,3421.56,580.597
12.20,3426.73,579.287
12.21,3431.95,577.194
12.23,3437.15,574.32
12.25,3442.3,570.685
12.26,3447.53,566.262
12.28,3452.65,561.066
12.30,3457.87,555.090
12.31,3463.08,548.336
12.33,3468.2,540.805
12.35,3473.45,532.490
12.36,3478.67,525.006
12.38,3483.81,525.006
12.40,3489.03,525.006
12.41,3494.23,525.006
12.43,349,525.006
12.45,3504.58,525.006
12.46,3509.76,525.006
12.48,3514.97,525.006
12.50,3520.16,525.006
12.51,3525.34,525.006
12.53,3530.51,525.006
12.55,3535.73,525.006
12.56,3540,525.006
12.58,3546.17,525.006
12.60,3551.30,525.006
12.61,3556.47,525.006
12.63,3561.66,525.006
12.65,3566.86,525.006
12.66,3572.06,525.006
12.68,3577.4,525.006
12.70,3582.41,525.006
12.71,3587.63,525.006
12.73,3592.83,525.00
12.75,3598.07,525.00
12.76,3603.0,525.006
12.78,3608.37,525.006
12.80,3613.56,525.006
12.81,3618.77,525.006
12.83,3623,525.006
12.85,3629,525.006
12.86,3634.31,525.00
12.88,3639.53,525.00
12.90,3644.73,525.00
12.91,3649,525.006
12.93,3655.11,525.006
12.95,3660.28,525.006
12.96,3665.47,525.00
12.98,3670.62,525.00
13.00,3675.86,525.00
13.01,3681.05,525.006
13.03,3686.27,525.00
13.05,3691.41,525.00
13.06,3696.61,525.00
13.08,3701.81,525.00
13.10,3706,525.00
13.11,3712.16,525.00
13.13,3717.35,525.006
13.15,3722.56,525.00
13.16,3727.75,525.00
13.18,3732.93,525.00
13.20,3738.11,525.00
13.21,3743.0,525.00
13.23,3748.50,525.006
13.25,3753.70,525.00
13.26,3758.88,525.00
13.28,3764.05,525.00
13.30,3769.2,525.00
13.31,3774.45,525.00
13.333,3779.67,525.00
13.35,3784.87,525.00
13.36,3790.0,525.00
13.38,3795.19,525.00
13.40,3800,525.00
13.41,3805.6,525.00
13.43,3810.78,525.00
13.45,3815.95,525.00
13.46,3821.14,525.00
13.48,3826.35,525.00
13.50,3831.55,525.00
13.51,3836.73,525.00
13.53,3841.90,525.00
13.55,3847.16,525.00
13.56,3852.30,525.00
13.58,3857.52,525.00
13.60,3862.68,525.00
13.61,3867.86,525.00
13.63,3873.05,525.006
13.65,3878.25,525.00
13.66,3883.45,524.951
13.68,3888.63,529.593
13.70,3893.81,538.780
13.71,3899,547.196
13.73,390412,554.82
13.75,3909.4,561.676
13.76,3914.59,567.753
13.78,391976,573.057
13.80,3924,577.574
13.81,3930.13,581.318
13.83,2935.33,884.284
13.85,2940.57,586.473
13.86,3945.65,587.884
13.88,3950.88,588.518
13.90,3956.05,588.374
13.91,3961.29,587.457
13.93,39663,585.753
13.95,3971.65,583.76
13.96,3976.81,580.027
13.98,3982.07,575.990
14.00,3987.7,571.180
14.01,3992.41,565.593
14.03,3997.58,559.228
14.05,4002.78,552.086
14.06,4007,544.166
14.08,4013.18,535.468
14.10,4018.37,525.993
14.11,4023.55,527.790
14.13,4028.71,537.177
14.15,4033,545.776
14.16,4039.12,553.602
14.18,4044.3,560.651
14.20,04,566.927
14.21,4054.68,572.416
14.23,4059.86,577.131
14.25,4065.08,581.070
14.26,4070.2,584.331
14.28,40758,5864614
14.30,4080.61,588.226
14.31,4085.87,0.0
14.33,4091.07,0.0
14.35,4096.2,588.371
14.36,14101.39,1586.866
14.38,4106.58,584.584
14.40,4111.79,581.524
14.41,4116.99,577.687
14.43,4122.18,573.071
14.45,4127.35,567.678
14.46,4132.52,561.508
14.48,4137.73,554.560
14.50,4142,546.836
14.51,4148.11,538.331
14.53,4153.29,529.056
14.55,4158.46,525.00
14.56,4163.67,525.00
14.58,4168.87,525.00
14.60,4174.05,525.00
14.61,4179.3,525.00
14.63,4184.46,525.006
14.65,4189.61,525.00
14.66,4194.81,525.00
14.68,4200,525.00
14.70,4205.18,525.00
14.71,4210.34,525.006
14.73,4215.56,525.00
14.75,4220.76,525.006
14.76,4225,525.006
14.78,4231.13,525.006
14.80,4236.25,525.006
14.81,4241.51,525.006
14.83,4246.7,525.00
14.85,4251.89,525.00
14.86,4257.07,525.00
14.88,4262.26,525.006
14.90,4267.4,525.006
14.91,4272.6,525.00
14.93,4277.85,525.00
14.95,4283.07,525.006
14.96,4288.19,525.00
14.98,4293.4,525.006
15.00,4298.61,532.254
15.01,4303.80,541.247
15.03,4308,549.462
15.05,4314.14,556.900
15.06,4319.6,563.560
15.08,4324.5,569.442
15.10,4329.75,574.54
15.11,4334.93,578.874
15.13,4340.0,582.426
15.15,4345.3,585.196
15.16,4350.51,587.190
15.18,4355.70,588.407
15.20,4360.88,588.346
15.21,4366.02,588.908
15.23,4371.2,587.397
15.25,4376.46,589.498
15.26,4381.65,582.827
15.28,4386.83,579.78
15.330,4392.06,375.157
15.331,4397.18,570.148
15.333,4402.3,564.366
15.5,4407.58,557.807
15.336,4412.76,550.470
15.338,4417,542.356
15.40,4423.12,533.46
15.41,4428.35,525.00
15.43,4433.54,525.00
15.45,4438.72,525.00
15.46,4443.8,525.00
15.48,4449.0,525.00
15.50,4454.2,525.00
15.51,4459.4,525.00
15.53,4464.6,525.00
15.55,4469.83,525.00
15.56,4475.04,525.00
15.58,4480.2,525.00
15.60,4485.4,525.00
15.61,4490.6,525.00
15.63,4495.78,525.00
15.65,4500,525.006
15.66,4506.18,525.006
15.68,4511.32,525.00
15.0,4516.59,525.006
15.71,4521.72,529.885
15.73,4526,539.077
15.5,4532.16,547.481
15.76,4531.3,555.114
15.78,4542.5,561.968
15.80,4547.68,568.045
15.81,4552.87,573.348
15.83,4558.08,577.865
15.85,4563.27,581.609
15.86,4568.48,584.576
15.88,4573.62,586.763
15.90,4578.84,588.176
15.91,4584.0,588.809
15.93,4589.6,588.666
15.95,4594.4,587.742
15.96,4599.55,586.045
15.98,4604.78,583.568
16.00,4609,580.314
16.01,4615.17,576.287
16.03,4620.36,571.477
16.05,4625.53,565.889
16.06,4630.73,559.526
16.08,4635.97,552.377
16.10,4641.11,544.45
16.11,4646.3,535.760
16.13,4651.47,526.285
16.15,4656.66,525.00
16.16,4661.87,525.00
16.18,4667.06,525.00
16.20,4672.28,525.00
16.21,4677.4,525.00
16.23,4682.6,525.00
16.25,4687.81,525.00
16.26,4693.01,525.00
16.28,4698.19,525.00
16.30,4703.36,525.00
16.31,4708.55,525.00
16.33,4713.76,525.00
16.35,4718.95,525.00
16.36,4724.16,525.00
16.38,4729.31,525.00
16.40,4734.56,525.00
16.41,4739.71,525.00
16.43,4744.9,525.00
16.45,4750.05,525.00
16.46,4755.26,525.00
16.48,4760.45,525.00
16.50,4765.6,525.00
16.51,4770.85,525.00
16.53,4776.02,525.00
16.55,4781.21,525.00
16.56,4786.46,525.00
16.58,4791.61,525.00
16.60,4796.81,525.00
16.61,4801.99,525.00
16.63,4807.16,525.00
16.65,4812.35,525.00
16.66,4817.56,525.006
16.68,4822.76,525.006
16.70,4827,525.006
16.71,4833.12,525.006
16.73,4838.31,525.006
16.75,4843.51,525.006
16.76,4848.71,525.006
16.78,4853.89,525.006
16.80,4859.07,525.006
16.81,4864.3,525.006
16.83,4869,525.006
16.85,4874.64,525.006
16.86,4879.87,525.006
16.88,4885.02,525.006
16.90,4890.19,525.006
16.91,4895.46,525.006
16.93,4900.66,525.006
16.95,4905.78,525.006
16.96,4910,525.006
16.98,4916.12,525.006
17.00,4921.33,525.00
17.01,4926.53,525.00
17.03,4931.72,525.00
17.05,4936.89,525.00
17.06,4942.08,525.006
17.08,4947,525.006
17.10,4952.4,525.006
17.11,4957.68,525.00
17.13,4962.87,529.885
17.15,4968.02,539.077
17.16,4973.2,547.481
17.18,4978.43,555.114
17.0,4983.61,561.968
17.1,4988.79,568.045
17.23,0.0,573.342
17.5,0.0,577.865
17.6,5004.35,581.609
17.8,5009.58,584.576
17.30,5014.75,586.765
1731,5019,588.176
1733,5025.13,588.809
17.35,5030.33,588.667
17.36,5035.51,587.742
17.38,5040.69,586.045
17.40,5045.88,583.568
17.41,5051.09,580.314
17.43,5056.29,576.287
17.45,5061.48,571.477
17.46,5066.66,565.889
17.48,5071.82,559.526
17.50,5077.03,552.377
17.51,5082.23,544.45
17.53,5087.47,535.760
17.55,5092.59,526.285
17.56,5097.76,525.006
17.58,5102.97,525.006
17.60,5108.17,525.00
17.61,5113.36,525.006
17.63,5118.54,525.006
17.65,5123.70,525.00
17.66,5128.97,525.006
17.68,5134.12,525.006
17.70,5139.30,525.006
17.71,5144.48,525.006
17.73,5149.65,525.006
17.75,5154.86,525.00
17.76,5160.06,525.006
17.78,5165.25,525.006
17.80,5170.43,525.006
17.81,5175.60,525.00
17.83,5180.81,525.00
17.85,5186.01,525.00
17.86,5191.20,525.00
17.88,5196.38,525.00
17.90,5201.58,525.006
17.91,5206,525.00
17.93,5211.96,525.00
17.95,5217.15,525.006
17.96,5222.33,525.00
17.98,5227.50,525.00
18.00,5232.71,524.951
18.01,5237.91,524.270
18.03,5243.16,522.812
18.05,5248.28,520.577
18.06,5253.45,517.564
18.08,5258.61,513.773
18.10,5262.97,517.678
18.11,5267.9,518
18.13,5271.61,520.307
18.15,5275.94,521.630
18.16,5280.33,522.969
18.18,5284.73,524.319
18.0,5289.14,525.680
18.21,5293.55,527.052
18.23,5297.97,528.431
18.25,5302.45,529.821
18.26,5306,531.220
18.28,5311.42,532.622
18.30,5315.94,534.04
18.31,5320.45,535.473
18.33,5324,536.908
18.35,5329.58,538.351
18.36,5334.16,539.803
18.38,5338.76,541.267
18.40,5343.37,542.728
18.41,5348.02,544.03
18.43,5352.77,545.687
18.45,5357.41,547.176
18.46,5362.46,546.682
18.48,5367.63,545.420
18.50,5372.87,543.375
18.51,5378.03,552.955
18.53,5383.22,561.752
18.55,5388.40,569.774
18.56,5393.57,577.017
18.58,5398.78,583.483
18.60,5403,589.171
18.61,5409.18,594.081
18.63,5414.36,598.214
18.65,5419.53,601.569
18.66,5424.73,604.142
18.68,5429,605.943
18.70,5435.11,606.969
18.71,5440.3,607.214
18.73,5445.4,606.681
18.75,5450.68,605.371
18.76,5455.89,603.283
18.78,5461.08,600.417
18.80,5466.20,596.774
18.81,5471.43,592.353
18.83,5476.62,587.155
18.85,5481.84,585.786
18.86,5487.02,584.216
18.88,5492.20,582.645
18.90,5497.3,581.075
18.91,5502.4,579.505
18.93,5507.60,577.937
18.95,5512.69,576.369
18.96,5517.75,574.803
18.98,5522.78,573.239
19.00,5527.80,571.677
19.01,5532.87,570.117
19.03,5537.81,568.560
19.05,5542.77,567.005
19.06,5547.69,565.452
19.08,5552.67,563.906
19.10,5557.54,562.361
19.11,5562.47,560.821
19.13,5567.28,559.284
19.15,5572.10,557.757
19.16,5576,556.225
19.18,5581.75,554.702
19.0,5586.34,553.185
19.1,5589.77,551.674
19.3,5592.13,551.188
19.5,5593.46,549.928
19.6,5594.05,547.883
19.28,5594.2,548.32
19.30,5594.2,549.89
19.31,5594.17,551.464
19.33,5594.14,553.032
19.5,5594.13,554.606
19.36,5594.13,556.170
19.38,5594.16,557.747
19.40,5594.20,559.317
19.41,5594.27,560.886
19.43,5594.36,562.45
19.45,5594.4,564.022
19.46,5594.76,565.587
19.48,5595.53,567.151
19.50,5596.77,568.712
19.51,5598.48,570.277
19.53,5600,571.828
19.55,5603.0,573.387
19.56,5606.4,574.93
19.58,5610.01,576.480
19.60,5614.07,578.023
19.61,5618.60,579.563
19.63,5623.60,581.098
19.65,5629.0,582.629
19.66,5634.62,584.155
19.68,5640.2,585.677
19.70,5645.78,587.192
19.71,5651.46,588.703
19.73,5657.06,590.207
19.75,5662.77,591.706
19.76,5668.39,593.198
19.78,5674.07,594.682
19.80,5679.79,596.163
19.81,5685.55,597.635
19.83,5691.31,599.09
19.85,5697.08,600.556
19.86,5702.86,602.005
19.88,5708.51,602.581
19.90,5713.77,612.157
19.91,5718.91,620.956
19.93,5724.16,628.97
19.95,5729.27,636.220
19.96,5734.4,642.685
19.98,5739.67,648.373
20.00,5744.86,653.284
20.01,5750.04,657.416
20.03,5755.27,660.777
20.05,5760.4,663.345
20.06,5765.61,665.149
20.08,5770.81,666.177
20.10,5775.99,666.416
20.11,5781.16,665.884
20.13,5786.36,664.573
20.15,5791.5,662.485
20.16,5796.76,659.620
20.18,5801.94,655.976
20.0,5807.12,651.550
20.1,5812.973,648.508
20.3,5819.34,647.512
20.5,5825.74,646.50
20.6,5831.90,645.48
20.8,5837.6,644.44
20.30,5842.14,643.385
20.1,5846,642.310
20.33,5851.15,641.231
20.35,5856.27,640.131
20.36,5861.82,639.017
20.38,5867.83,637.888
20.40,5874.17,636.748
20.41,5880.38,635.588
20.43,5886.61,634.418
20.45,5892.87,633.233
20.46,5899,632.036
20.48,5905.21,630.829
20.50,5911.39,629.601
20.51,5917.06,629.001
20.53,5922.24,627.937
20.55,5927.43,626.085
20.56,5932.62,623.461
20.58,5937.84,620.059
20.60,5943.07,615.879
20.61,5948.20,610.922
20.63,5953.6,605.187
20.65,5958.57,598.675
20.66,5963.77,591.385
20.68,5968,583.317
20.70,5974.13,574.473
20.71,5979.33,564.84
20.73,5985.65,561.885
20.75,5992.31,561.371
20.76,59,560.876
20.78,6005.68,560.40
20.80,6012.35,5593
20.81,6019.07,559.508
20.83,6025.78,559.091
20.85,6032.48,558.694
20.86,6039.19,558.318
20.88,6045.91,557.961
20.90,6052.67,557.624
20.91,6059.5,557.08
20.93,6066.17,557.011
20.95,6072.84,556.735
20.96,6079.56,556.479
20.98,6086.37,556.243
21.00,6093,556.028
21.01,0.0,555.833
21.03,6106.56,555.659
21.05,6112.12,555.173
21.06,6117.33,553.909
21.08,6122.52,551.868
21.10,6127.71,561.442
21.11,6132.89,570.247
21.13,6138.06,578.263
21.15,6143.7,585.506
21.16,6148.47,591.977
21.18,6153.66,597.660
21.20,6158.84,602.570
81.21,6164.00,606.703
21.23,6169.22,610.058
21.25,6174.47,612.636
21.26,6179.61,614.436
21.28,6184.79,615.458
21.30,6189,615.702
81.31,6195.17,615.170
21.33,6200.37,613.860
21.35,6205.56,611.772
21.36,6210.73,608.90
21.38,6215.90,605.263
21.40,6221.11,600.847
21.41,6226.37,595.642
21.43,6230,607.568
21.45,6234.62,616.561
21.46,6237.4,624.776
21.48,6239.53,632.214
21.50,6240.9,638.874
81.51,6241.63,644.756
21.53,6241.68,649.861
21.55,6241.23,654.188
21.56,6240.38,657.738
21.58,6239.00,660.510
21.60,6237.91,662.502
21.61,6237.49,663.721
21.63,6237.67,664.160
21.65,6238.29,663.827
21.66,6239.37,662.706
21.68,6240.85,660.812
21.70,6242.87,667.714
81.71,6245.29,676.901
21.73,6248.17,685.311
21.75,6251.49,692.94
21.76,6254,0.0
21.78,6258.93,705.874
21.80,6263.33,711.173
21.81,6268.17,715.695
21.83,6273.35,719.439
21.85,6278.54,722.404
21.86,6283.73,124.592
21.88,6288.90,726.005
21.90,6294.05,726.635
21.91,6299.30,726.495
21.93,6304.4,725.573
21.95,6309,123.874
21.96,6314.85,721.397
21.98,6320.02,718.142
22.00,6325.26,714.111
82.01,6330.48,709.301
22.03,6335.67,705.00
22.05,6340.75,114.776
22.06,6345.4,723.763
22.08,6351.19,731.978
22.10,6356.35,739.416
22.11,6361.52,746.075
22.13,6366.75,751.958
22.15,6371.94,1757.063
22.16,6377.14,761.390
22.18,6382.34,764.94
22.20,6387.57,167.712
82.21,6392.69,769.706
22.23,6397.89,770.923
22.25,6403.05,771.367
22.26,6408.29,771.024
22.28,6413.47,169.90
22.30,6418.62,768.014
22.31,6423.82,165.343
22.33,6429.02,761.894
82.35,6434,757.668
82.36,6439.43,152.662
22.38,6444.6,746.887
22.40,6449.7,740.323
82.41,6455.06,732.986
22.43,6460.19,124.877
22.45,6465.38,715.979
22.46,6470.54,706.310
22.48,6475.71,705.00
22.50,6480,705.00
82.51,6486.1,705.00
22.53,6491.30,705.00
22.55,6496.4,705.00
82.56,6501.62,705.00
82.58,6506.88,705.00
82.60,6512.08,705.00
22.61,6517.20,705.00
22.63,6522.48,705.00
22.65,6527.60,705.00
22.66,6532.81,705.00
22.68,6538.01,705.00
22.70,6543.6,705.00
22.71,6548.37,705.00
22.73,6553.57,705.002
82.75,6558.78,705.00
22.76,6563.4,705.00
22.78,6569.16,705.00
22.80,6574.33,705.002
22.81,6579.50,705.002
22.83,6584.71,705.002
22.85,65893,705.002
22.86,6595.10,705.002
22.88,6600.27,705.002
22.90,6605.43,705.002
22.91,6610.67,705.002
22.93,6615.87,705.002
22.95,6621.06,705.002
22.96,6626.22,705.002
22.98,6631.40,705.002
23.00,6636.61,705.002
23.01,6641.81,705.002
23.03,6647.0,705.002
23.05,6652.17,705.002
23.06,6657.37,705.002
23.08,6662.58,705.002
23.10,6667.77,705.002
23.11,6672.5,705.002
23.13,6678.14,705.002
23.15,6683.30,705.002
23.16,6688.51,705.002
23.18,6693.71,705.002
23.20,6698.90,705.002
23.21,6704.08,705.002
23.23,6709.24,705.002
23.25,6714.48,705.002
23.26,6719.62,705.00
23.28,6724.84,705.00
23.30,6730.07,705.00
23.31,6735.19,705.00
23.33,6740.41,705.00
23.35,6745.6,705.003
23.36,6750.79,705.003
23.38,6755.96,705.00
23.40,6761.12,705.00
23.41,6766.38,705.00
23.43,6771.55,705.00
23.45,6776.78,705.00
23.46,6781.91,705.00
23.48,6787.08,705.00
23.50,6792.29,705.00
23.51,6797.45,705.00
23.53,6802.68,705.003
23.55,6807.86,705.003
23.56,6813.03,705.00
23.58,6818.24,705.002
23.60,6823.4,705.002
23.61,6828.63,705.002
23.63,6833.81,705.002
23.65,6838.98,705.002
23.66,6844.19,705.002
23.68,6849.5,705.002
23.70,6854.58,705.002
23.71,6859.6,705.002
23.73,6864.92,705.002
23.75,6870.14,705.00
23.76,6875.34,705.002
23.78,6880.52,705.002
23.80,6885.71,705.002
23.81,6890.88,705.00
23.83,6896.09,705.00
23.85,6901.29,705.00
23.86,6906,705.002
23.88,6911.68,705.00
23.90,6916.83,705.00
23.91,6922.05,705.003
23.93,6927.2,705.003
23.95,6932.48,705.003
23.96,6937.67,705.003
23.98,6942.79,705.00
24.00,6947,705.00
24.01,6953.17,705.00
24.03,6958.36,705.00
24.05,6963.52,705.00
24.06,6968.71,705.00
24.08,6973.93,705.002
24.10,6979.13,705.002
24.11,6984.37,705.002
24.13,6989.50,705.002
24.15,0.0,705.002
24.16,0.0,705.002
24.18,7005.02,705.002
24.20,7010.6,705.002
24.21,7015.44,705.002
24.23,7020.61,705.00
24.25,7025.87,705.00
24.26,7031.02,705.00
24.28,7036.27,705.00
24.30,7041.40,705.00
24.31,7046.57,705.00
24.33,7051.70,705.00
24.35,7056,705.00
24.36,7062.15,705.00
24.8,7067.2,705.00
24.40,7072.51,705.00
24.41,7077.77,705.00
24.43,7082,705.00
24.48,7088.12,705.00
24.46,70933,705.00
24.48,7093.47,705.00
24.50,7103.66,705.002
24.51,7408.80,705.00
24.53,7114.00,705.003
24.55,0119.4,705.003
24.56,71124.41,705.003
24.58,7129.67,705.002
24.60,7134.83,705.00
24.61,7140.02,705.002
24.63,7145.20,705.002
24.65,7150.37,705.00
24.66,7155.58,705.002
24.68,7160.77,705.00
24.70,7165.90,705.00
24.71,7171.14,705.00
24.73,7176.31,705.00
24.75,7181.50,705.00
24.76,7186.71,705.00
24.78,7191.90,705.00
24.80,7197.08,705.00
24.81,7202.6,705.00
24.83,1207.45,705.00
24.85,1212.65,705.00
24.86,1217.85,705.00
24.88,1223.03,705.00
24.90,1228.20,705.00
24.91,1233.39,705.002
24.93,7238.60,705.002
24.95,1243.79,705.00
24.96,1248,705.00
24.98,7254.18,705.00
85.00,1259.34,705.003
25.01,7264.58,705.002
25.03,7269.72,705.00
25.05,1274,705.002
25.06,7280.10,705.00
25.08,7285.29,705.003
25.10,7290.50,705.004
25.11,1295.69,705.000
25.13,7300.87,705.000
85.15,7306.05,705.004
25.16,7311.24,705.000
25.18,7316.45,705.40
25.20,7321.64,705.00
85.21,7326.83,705.000
85.23,7332.03,705.000
25.25,7337.19,705.000
85.26,7342.4,205.000
25.28,7347.55,705.006
85.30,1352.78,705.00
85.31,7357.95,705.006
25.33,7363.14,705.00
85.5,7368.35,705.00
25.36,7373.54,705.00
25.38,7378.73,705.00
85.40,7383.90,705.002
85.41,7389.09,705.00
25.43,7394.30,705.00
85.45,7399.50,705.00
85.46,1404.61,705.00
85.48,1409.85,705.00
85.50,1415.02,705.00
85.51,1420.23,705.00
25.53,7425.43,705.00
85.55,1430.61,705.00
25.56,1435.78,705.00
25.58,7440,705.00
25.60,1446.7,705.002
25.61,1451.38,705.00
25.63,1456.57,705.00
25.65,7461.74,705.00
25.66,1466,705.00
25.68,1472.12,705.00
25.70,1477.37,705.002
25.71,1482.50,705.00
25.73,1487.68,705.00
85.75,1492.87,705.00
25.76,1498.08,705.002
25.78,7503.28,705.00
85.80,7508.46,705.00
85.81,1513.64,705.003
25.83,7518.80,705.003
85.85,7524.01,705.00
25.86,1529.21,705.002
25.88,1534.4,705.003
25.90,7539.58,705.002
25.91,1544,705.002
25.93,1549,705.00
25.95,1555.18,705.00
25.96,7560.36,705.002
25.98,1565.54,705.00
26.00,7570.70,705.006
26.01,1575.91,705.00
26.03,7581.11,705.003
26.05,7586.30,705.00
26.06,7591.48,705.00
26.08,7596.67,705.00
26.10,7601.88,705.002
26.11,7607.08,705.002
26.13,1612.27,705.00
26.15,1617.44,705.00
26.16,1622.61,705.002
26.18,1627.82,705.00
26.20,1633.07,705.00
26.21,7638.20,705.002
26.23,1643.38,705.00
26.25,1648.55,705.00
26.26,1653.76,705.00
26.28,1658,705.00
26.30,1664.15,705.00
26.31,1669.37,705.00
26.33,1674.44,705.002
26.35,1679.76,705.00
26.36,1684.92,705.00
26.38,1690,705.00
26.40,1695.27,705.00
26.41,1700,705.00
26.43,1705.65,705.00
26.45,1710.85,705.00
26.46,1716.04,705.00
26.48,1721.22,705.00
26.50,1726.35,705.00
26.51,7731.60,705.00
26.53,1736.80,705.00
26.55,1741.99,705.00
26.56,1747.16,705.00
26.58,1752.33,705.00
26.60,1757.2,705.00
26.61,1762.75,705.00
26.63,1767.92,705.00
26.65,1773.12,705.00
26.66,1778.28,705.00
26.68,1783.50,705.00
26.70,1788.70,705.00
26.71,1793.89,705.00
26.73,1799,705.00
26.75,1804.23,705.00
26.76,7809,705.00
26.78,7814.68,705.00
26.80,7819.84,705.00
26.81,1825.07,705.00
26.83,7830.18,705.00
26.85,1835.40,705.00
26.86,1840.62,705.00
26.88,1845.79,705.00
26.90,7850.97,705.00
26.91,7856.14,705.00
26.93,7861.35,705.00
26.95,7866.55,705.00
26.96,7871.74,705.00
26.98,7876.97,705.00
27.00,1882.09,705.00
27.01,7887.28,705.00
27.03,7892.48,705.00
27.05,7897.67,705.00
27.06,7902.85,705.00
27.08,7908.07,705.00
27.10,7913.22,705.00
27.11,7918,705.00
27.13,7923.63,705.00
27.15,7928.81,705.00
27.16,7933.96,705.00
27.18,7939.17,705.00
27.0,7944.3,705.00
27.1,7949.56,705.00
27.3,7954.2,705.00
27.5,7959.91,705.00
27.6,7965.13,705.00
27.28,7970.33,705.00
27.0,7975.52,705.00
27.31,7980.70,705.00
27.33,7985.87,705.00
27.35,7991.06,705.00
27.6,7996.27,705.00
27.38,8001.46,705.00
27.40,8006.62,705.00
27.41,8011.81,705.00
27.43,8017.03,705.00
87.45,8022.23,705.00
27.46,8027.47,705.00
27.48,8032.61,705.00
87.50,8037.78,705.00
27.51,8042,705.00
27.53,8048.17,705.00
27.55,8053.36,705.00
27.56,8058.54,705.002
27.58,8063.71,705.002
27.60,8068.93,705.002
27.61,8074.13,705.002
27.63,8079.33,705.002
27.65,8084.51,705.00
27.66,8089.68,705.00
27.68,8094.87,705.00
27.70,8100.07,705.00
27.71,8105.6,705.00
27.73,8110.45,705.00
27.75,8115.62,705.00
27.76,8120.81,705.00
27.78,8126.01,705.00
27.80,8131.20,705.00
27.81,8136.39,705.00
27.83,8141.56,705.00
27.85,8146.75,705.00
27.86,8151.96,705.00
27.88,8157.15,705.00
27.90,8162.33,705.00
27.91,8167.51,705.00
27.93,8172.70,705.00
27.95,8177.90,705.00
27.96,8182.69,708.500
27.98,8186.20,708.500
28.00,8188.35,708.500
28.01,8189.46,708.500
28.03,8189,708.500
28.05,8190.09,708.500
28.06,8190.16,708.500
28.08,8190.18,708.500
28.10,8190.18,708.500
28.11,8190.18,708.500
28.13,8190.18,708.500
28.15,8190.18,708.500
28.16,8190.18,708.500
28.18,8190.18,708.500
28.20,8190.18,708.500
28.21,8190.18,708.500
28.23,8190.18,708.500
28.25,8190.18,708.500
28.26,8190.18,708.500
28.28,8190.18,708.500
28.30,8190.18,708.500
28.31,8190.18,708.500
28.33,8190.18,708.500
28.35,8190.18,708.500
28.36,8190.18,708.500
28.38,8190.18,708.500
28.40,8190.18,708.500
28.41,8190.18,708.500
28.43,8190.18,708.500
28.45,8190.18,708.500
28.46,8190.18,708.500
28.48,8190.18,708.500
28.50,8190.18,708.500
28.51,8190.18,708.500
28.53,8190.18,708.500
28.55,8190.18,708.500
28.56,8190.18,708.500
28.58,8190.18,708.500
28.60,8190.18,708.500
28.61,8190.18,708.500
28.63,8190.18,708.500
28.65,8190.18,708.500
28.66,8190.18,708.500
28.68,8190.18,708.500
28.70,8190.18,708.500
28.71,8190.18,708.500
28.73,8190.18,708.500
28.75,8190.18,708.500
28.76,8190.18,708.500
28.78,8190.18,708.500
28.80,8190.18,708.500
28.81,8190.18,708.500
28.83,8190.18,708.500
28.85,8190.18,708.500
28.86,8190.18,708.500
28.88,8190.18,708.500
28.90,8190.18,708.500
28.91,8190.18,708.500
28.93,8190.18,708.495
28.95,8190.18,708.497
28.96,8190.18,708.493
28.98,8190.18,708.488
29.00,8190.18,708.481
29.01,8190.18,708.477
29.03,8190.18,708.462
29.05,8190.18,708.449
29.06,8190.18,708.436
29.08,8190.18,708.420
29.10,8190.18,708.403
29.11,8190.18,708.384
29.13,8190.18,708.364
29.15,8190.18,708.341
29.16,8190.18,708.318
29.18,8190.18,708.293
29.0,8190.18,708.266
29.1,8190.18,708.237
29.3,8190.18,708.207
29.5,8190.18,708.174
29.6,8190.18,708.141
29.8,8190.18,708.105
29.30,8190.18,708.068
29.31,8190.18,708.029
29.33,8190.18,707.989
29.35,8190.18,707.94
29.36,8190.18,707.903
29.38,8190.18,707.858
29.40,8190.18,707.811
29.41,8190.18,707.762
29.43,8190.18,707.717
29.45,8190.18,707.655
29.46,8190.18,707.606
29.48,8190.18,707.550
29.50,8190.18,707.493
29.51,8190.18,707.432
29.53,8190.18,707.374
29.55,8190.18,707.317
29.56,8190.18,707.248
29.58,8190.18,707.183
29.60,8190.18,707.116
29.61,8190.18,707.047
29.63,8190.18,706.977
29.65,8190.18,706.902
29.66,8190.18,706.831
29.68,8190.18,706.755
29.70,8190.18,706.678
29.71,8190.18,706.595
29.73,8190.18,706.519
29.75,8190.18,706.43
29.76,8190.18,706.353
29.78,8190.18,706.268
29.80,8190.18,706.181
29.81,8190.18,706
29.83,8190.18,706.002
29.85,8190.18,705.905
29.86,8190.18,705.816
29.88,8190.18,705.726
29.90,8190.18,705.623
29.91,8190.18,705.524
29.93,8190.18,705.425
29.95,8190.18,705.327
29.96,8190.18,705.231
29.98,8190.18,705.130
30.00,8190.18,705.043
30.01,8190.18,705.00
30.03,8190.18,705.00
30.05,8190.18,705.00
30.06,8190.18,705.00
30.08,8190.18,705.00
30.10,8190.18,705.00
30.11,8190.18,705.00
30.13,8190.18,705.00
30.15,8190.18,705.00
30.16,8190.18,705.00
30.18,8190.18,705.00
30.0,8190.18,705.00
30.21,8190.18,705.00
30.23,8190.18,705.00
30.25,8190.18,705.00
30.6,8190.18,705.00
30.8,8190.18,705.00
30.0,8190.18,705.00
30.331,8190.18,705.00
30.333,8190.18,705.00
30.35,8190.18,705.00
30.336,8190.18,705.00
30.38,8190.18,705.00
30.40,8190.18,705.00
30.41,8190.18,705.00
30.43,8190.18,705.00
30.45,8190.18,705.00
30.46,8190.18,705.00
30.48,8190.18,705.00
30.50,8190.18,705.00
30.51,8190.18,705.00
30.53,8190.18,705.00
30.55,8190.18,705.00
30.56,8190.18,705.00
30.58,8190.18,705.00
30.60,8190.18,705.00
30.61,8190.18,705.00
30.63,8190.18,705.00
30.65,8190.18,705.00
30.66,8190.18,705.00
30.68,8190.18,705.00
30.70,8190.18,705.00
30.71,8190.18,705.00
30.73,8190.18,705.00
30.75,8190.18,705.00
30.76,8190.18,705.00
30.78,8190.18,705.00
30.80,8190.18,705.00
30.81,8190.18,705.00
30.83,8190.18,705.00
30.85,8190.18,705.00
30.86,8190.18,705.00
30.88,8190.18,705.00
30.90,8190.18,705.00
30.91,8190.18,705.00
30.93,8190.18,705.00
30.95,8190.18,705.00
30.96,8190.18,705.00
30.98,8190.18,705.00
31.00,8190.18,705.00
31.01,8190.18,705.00
31.03,8190.18,705.00
31.05,8190.18,705.00
31.06,8190.18,705.00
31.08,8190.18,705.00
31.10,8190.18,705.00
31.11,8190.18,705.00
31.13,8190.18,705.00
31.15,8190.18,705.00
31.16,8190.18,705.00
31.18,8190.18,705.00
31.20,8190.18,705.00
31.21,8190.18,705.00
31.23,8190.18,705.00
31.25,8190.18,705.00
31.26,8190.18,705.00
31.28,8190.18,705.00
31.30,8190.18,705.00
31.31,8190.18,705.00
31.33,8190.18,705.00
31.35,8190.18,705.00
31.36,8190.18,705.00
31.38,8190.18,705.00
31.40,8190.18,705.00
31.41,8190.18,705.00
31.43,8190.18,705.00
31.45,8190.18,705.00
31.46,8190.18,705.00
31.48,8190.18,705.00
31.50,8190.18,705.00
31.51,8190.18,705.00
31.53,8190.18,705.00
31.55,8190.18,705.00
31.56,8190.18,705.00
31.58,8190.18,705.00
31.60,8190.18,705.00
31.61,8190.18,705.00
31.63,8190.18,705.00
31.65,8190.18,705.00
31.66,8190.18,705.00
31.68,8190.18,705.00
31.70,8190.18,705.00
31.71,8190.18,705.00
31.73,8190.18,705.00
31.75,8190.18,705.00
31.76,8190.18,705.00
31.78,8190.18,705.00
31.80,8190.18,705.00
31.81,8190.18,705.00
31.83,8190.18,705.00
31.85,8190.18,705.00
31.86,8190.18,705.00
31.88,8190.18,705.00
31.90,8190.18,705.00
31.91,8190.18,705.00
31.93,8190.18,705.00
31.95,8190.18,705.00
31.96,8190.18,705.00
31.98,8190.18,705.00
32.00,8190.18,705.00
32.01,8190.18,705.00
32.03,8190.18,705.00
32.05,8190.18,705.00
32.06,8190.18,705.00
32.08,8190.18,705.00
32.10,8190.18,705.00
32.11,8190.18,705.00
32.13,8190.18,705.00
32.15,8190.18,705.00
32.16,8190.18,705.00
32.18,8190.18,705.00
32.20,8190.18,705.00
32.21,8190.18,705.00
32.23,8190.18,705.00
32.25,8190.18,705.00
32.26,8190.18,705.00
32.28,8190.18,705.00
32.30,8190.18,705.00
32.31,8190.18,705.00
32.33,8190.18,705.00
32.35,8190.18,705.00
32.36,8190.18,705.00
32.38,8190.18,705.00
32.40,8190.18,705.00
32.41,8190.18,705.00
32.43,8190.18,705.00
32.45,8190.18,705.00
32.46,8190.18,705.00
32.48,8190.18,705.00
32.50,8190.18,705.00
32.51,8190.18,705.00
32.53,8190.18,705.00
32.55,8190.18,705.00
32.56,8190.18,705.00
32.58,8190.18,705.00
32.60,8190.18,705.00
32.61,8190.18,705.00
32.63,8190.18,705.00
32.65,8190.18,705.00
32.66,8190.18,705.00
32.68,8190.18,705.00
32.70,8190.18,705.00
32.71,8190.18,705.00
32.73,8190.18,705.00
32.75,8190.18,705.00
32.76,8190.18,705.00
32.78,8190.18,705.00
32.80,8190.18,705.00
32.81,8190.18,705.00
32.83,8190.18,705.00
32.85,8190.18,705.00
32.86,8190.18,705.00
32.88,8190.18,705.00
32.90,8190.18,705.00
32.91,8190.18,705.00
32.93,8190.18,705.00
32.95,8190.18,705.00
32.96,8190.18,705.00
32.98,8190.18,705.00
33.00,8190.18,705.00
33.01,8190.18,705.00
33.03,8190.18,705.00
33.05,8190.18,705.00
33.06,8190.18,705.00
33.08,8190.18,705.00
33.10,8190.18,705.00
33.11,8190.18,705.00
33.13,8190.18,705.00
33.15,8190.18,705.00
33.16,8190.18,705.00
33.18,8190.18,705.00
33.0,8190.18,705.00
33.21,8190.18,705.00
33.23,8190.18,705.00
33.25,8190.18,705.00
33.26,8190.18,705.00
33.28,8190.18,705.00
33.30,8190.18,705.00
33.1,8190.18,705.00
33.33,8190.18,705.00
33.35,8190.18,705.00
33.6,8190.18,705.00
33.38,8190.18,705.00
33.40,8190.18,705.00
33.41,8190.18,705.00
33.43,8190.18,705.00
33.45,8190.18,705.00
33.46,8190.18,705.00
33.48,8190.18,705.00
33.50,8190.18,705.00
33.51,8190.18,705.00
33.53,8190.18,705.00
33.55,8190.18,705.00
33.56,8190.18,705.00
33.58,8190.18,705.00
33.60,8190.18,705.00
33.61,8190.18,705.00
33.63,8190.18,705.00
33.65,8190.18,705.00
33.66,8190.18,705.00
33.68,8190.18,705.00
33.70,8190.18,705.00
33.71,8190.18,705.00
33.73,8190.18,705.00
33.75,8190.18,705.00
33.76,8190.18,705.00
33.78,8190.18,705.00
33.80,8190.18,705.00
33.81,8190.18,705.00
33.83,8190.18,705.00
33.85,8190.18,705.00
33.86,8190.18,705.00
33.88,8190.18,705.00
33.90,8190.18,705.00
33.91,8190.18,705.00
33.93,8190.18,705.00
33.95,8190.18,705.00
33.96,8190.18,705.00
33.98,8190.18,705.00
34.00,8190.18,705.00
34.01,8190.18,705.00
34.033,8190.18,705.00
34.05,8190.18,705.00
34.06,8190.18,705.00
34.08,8190.18,705.00
34.10,8190.18,705.00
34.11,8190.18,705.00
34.13,8190.18,705.00
34.15,8190.18,705.00
34.16,8190.18,705.00
34.18,8190.18,705.00
34.0,8190.18,705.00
34.21,8190.18,705.00
34.23,8190.18,705.00
34.25,8190.18,705.00
34.26,8190.18,705.00
34.28,8190.18,705.00
34.30,8190.18,705.00
34.31,8190.18,705.00
34.33,8190.18,705.00
34.35,8190.18,705.00
34.36,8190.18,705.00
34.38,8190.18,705.00
34.40,8190.18,705.00
34.41,8190.18,705.00
34.43,8190.18,705.00
34.45,8190.18,705.00
34.46,8190.18,705.00
34.48,8190.18,705.00
34.50,8190.18,705.00
34.51,8190.18,705.00
34.53,8190.18,705.00
34.55,8190.18,705.00
34.56,8190.18,705.00
34.58,8190.18,705.00
34.60,8190.18,705.00
34.61,8190.18,705.00
34.63,8190.18,705.00
34.65,8190.18,705.00
34.66,8190.18,705.00
34.68,8190.18,705.00
34.70,8190.18,705.00
34.71,8190.18,705.00
34.73,8190.18,705.00
34.5,8190.18,705.00
34.6,8190.18,705.00
34.78,8190.18,705.00
34.80,8190.18,705.00
34.81,8190.18,705.00
34.83,8190.18,705.00
34.85,8190.18,705.00
34.86,8190.18,705.00
34.88,8190.18,705.00
34.90,8190.18,705.00
34.91,8190.18,705.00
34.93,8190.18,705.00
34.95,8190.18,705.00
34.96,8190.18,705.00
34.98,8190.18,705.00
35.00,8190.18,705.00
35.01,8190.18,705.00
35.03,8190.18,705.00
35.05,8190.18,705.00
35.06,8190.18,705.00
35.08,8190.18,705.00
35.10,8190.18,705.00
35.11,8190.18,705.002
35.13,8190.18,705.00
35.15,8190.18,705.00
35.16,8190.18,705.00
35.18,8190.18,705.00
35.0,8190.18,705.00
35.1,8190.18,705.00
35.23,8190.18,705.00
35.5,8190.18,705.00
35.26,8190.18,705.00
35.28,8190.18,705.00
35.0,8190.18,705.00
35.31,8190.18,705.00
35.33,8190.18,705.00
35.35,8190.18,705.00
35.6,8190.18,705.00
35.38,8190.18,705.00
35.40,8190.18,705.00
35.41,8190.18,705.00
35.43,8190.18,705.00
35.45,8190.18,705.00
35.46,8190.18,705.00
35.48,8190.18,705.00
35.50,8190.18,705.00
35.51,8190.18,705.00
35.53,8190.18,705.00
35.55,8190.18,705.00
35.56,8190.18,705.00
35.58,8190.18,705.00
35.60,8190.18,705.00
35.61,8190.18,705.00
35.63,8190.18,705.00
35.65,8190.18,705.00
35.66,8190.18,705.00
35.68,8190.18,705.00
35.0,8190.18,705.00
35.1,8190.18,705.00
35.73,8190.18,705.00
35.5,8190.18,705.00
35.76,8190.18,705.00
35.8,8190.18,705.00
35.80,8190.18,705.00
35.81,8190.18,705.00
35.83,8190.18,705.00
35.85,8190.18,705.00
35.86,8190.18,705.00
35.88,8190.18,705.00
35.90,8190.18,705.00
35.91,8190.18,705.00
35.93,8190.18,705.00
35.95,8190.18,705.00
35.96,8190.18,705.00
35.98,8190.18,705.00
36.00,8190.18,705.00
36.01,8190.18,705.00
36.03,8190.18,705.00
36.05,8190.18,705.00
36.06,8190.18,705.00
36.08,8190.18,705.00
36.10,8190.18,705.00
36.11,8190.18,705.00
36.13,8190.18,705.00
36.15,8190.18,705.00
36.16,8190.18,705.00
36.18,8190.18,705.00
36.20,8190.18,705.00
36.21,8190.18,705.00
36.23,8190.18,705.00
36.25,8190.18,705.00
36.26,8190.18,705.00
36.28,8190.18,705.00
36.30,8190.18,705.00
36.31,8190.18,705.00
36.33,8190.18,705.00
36.35,8190.18,705.00
36.36,8190.18,705.00
36.38,8190.18,705.00
36.40,8190.18,705.00
36.41,8190.18,705.00
36.43,8190.18,705.00
36.45,8190.18,705.00
36.46,8190.18,705.00
36.48,8190.18,705.00
36.50,8190.18,705.00
36.51,8190.18,705.00
36.53,8190.18,705.00
36.55,8190.18,705.00
36.56,8190.18,705.00
36.58,8190.18,705.00
36.60,8190.18,705.00
36.61,8190.18,705.00
36.63,8190.18,705.00
36.65,8190.18,705.00
36.66,8190.18,705.00
36.68,8190.18,705.00
36.70,8190.18,705.00
36.71,8190.18,705.00
36.73,8190.18,705.00
36.75,8190.18,705.00
36.76,8190.18,705.00
36.78,8190.18,705.00
36.80,8190.18,705.00
36.81,8190.18,705.00
36.83,8190.18,705.00
36.85,8190.18,705.00
36.86,8190.18,705.00
36.88,8190.18,705.00
36.90,8190.18,705.00
36.91,8190.18,705.00
36.93,8190.18,705.00
36.95,8190.18,705.00
36.96,8190.18,705.00
36.98,8190.18,705.00
37.00,8190.18,705.00
37.01,8190.18,705.00
37.03,8190.18,705.00
37.05,8190.18,705.00
37.06,8190.18,705.00
37.08,8190.18,705.00
37.10,8190.18,705.00
37.11,8190.18,705.00
37.13,8190.18,705.00
37.15,8190.18,705.00
37.16,8190.18,705.00
37.18,8190.18,705.00
37.0,8190.18,705.00
37.1,8190.18,705.00
37.3,8190.18,705.00
37.5,8190.18,705.00
37.6,8190.18,705.00
37.8,8190.18,705.00
37.30,8190.18,705.00
3731,8190.18,705.00
37333,8190.18,705.00
3735,8190.18,705.00
37336,8190.18,705.00
37.38,8190.18,705.00
37.40,8190.18,705.00
37.41,8190.18,705.00
37.43,8190.18,705.00
37.45,8190.18,705.00
37.46,8190.18,705.00
37.48,8190.18,705.00
37.50,8190.18,705.00
37.51,8190.18,705.00
37.53,8190.18,705.00
37.55,8190.18,705.00
37.56,8190.18,705.00
37.58,8190.18,705.00
37.60,8190.18,705.00
37.61,8190.18,705.00
37.63,8190.18,705.00
37.65,8190.18,705.00
37.66,8190.18,705.00
37.68,8190.18,705.00
37.70,8190.18,705.00
37.71,8190.18,705.00
37.73,8190.18,705.00
37.75,8190.18,705.00
37.76,8190.18,705.00
37.78,8190.18,705.00
37.80,8190.18,705.00
37.81,8190.18,705.00
37.83,8190.18,705.00
37.85,8190.18,705.00
37.86,8190.18,705.00
37.88,8190.18,705.00
37.90,8190.18,705.00
37.91,8190.18,705.00
37.93,8190.18,705.00
37.95,8190.18,705.00
37.96,8190.18,705.00
37.98,8190.18,705.00
38.00,8190.18,705.00
38.01,8190.18,705.00
38.03,8190.18,705.00
38.05,8190.18,705.00
38.06,8190.18,705.00
38.08,8190.18,705.00
38.10,8190.18,705.00
38.11,8190.18,705.00
38.13,8190.18,705.00
38.15,8190.18,705.00
38.16,8190.18,705.00
38.18,8190.18,705.00
38.0,8190.18,705.00
38.21,8190.18,705.00
38.3,8190.18,705.00
38.5,8190.18,705.00
38.6,8190.18,705.00
38.8,8190.18,705.00
38.0,8190.18,705.00
38.31,8190.18,705.00
38.33,8190.18,705.00
38.5,8190.18,705.00
38.6,8190.18,705.00
38.8,8190.18,705.00
38.40,8190.18,705.00
38.41,8190.18,705.00
38.43,8190.18,705.00
38.45,8190.18,705.00
38.46,8190.18,705.00
38.48,8190.18,705.00
38.50,8190.18,705.00
38.51,8190.18,705.00
38.53,8190.18,705.00
38.55,8190.18,705.00
38.56,8190.18,705.00
38.58,8190.18,705.00
38.60,8190.18,705.00
38.61,8190.18,705.00
38.63,8190.18,705.00
38.65,8190.18,705.00
38.66,8190.18,705.00
38.68,8190.18,705.00
38.0,8190.18,705.00
38.1,8190.18,705.00
38.73,8190.18,705.00
38.75,8190.18,705.00
38.76,8190.18,705.00
38.78,8190.18,705.00
38.80,8190.18,705.00
38.81,8190.18,705.00
38.83,8190.18,705.00
38.85,8190.18,705.00
38.86,8190.18,705.00
38.88,8190.18,705.00
38.90,8190.18,705.00
38.91,8190.18,705.00
38.93,8190.18,705.00
38.95,8190.18,705.00
38.96,8190.18,705.00
38.98,8190.18,705.00
39.00,8190.18,705.00
39.01,8190.18,705.00
39.03,8190.18,705.00
39.05,8190.18,705.00
39.06,8190.18,705.00
39.08,8190.18,705.00
39.10,8190.18,705.00
39.11,8190.18,705.00
39.13,8190.18,705.00
39.15,8190.18,705.00
39.16,8190.18,705.00
39.18,8190.18,705.00
39.0,8190.18,705.00
39.1,8190.18,705.00
39.3,8190.18,705.00
39.5,8190.18,705.00
39.6,8190.18,705.00
39.8,8190.18,705.00
39.0,8190.18,705.00
39.31,8190.18,705.00
39.33,8190.18,705.00
39.5,8190.18,705.00
39.6,8190.18,705.00
39.8,8190.18,705.00
39.40,8190.18,705.00
39.41,8190.18,705.00
39.43,8190.18,705.00
39.45,8190.18,705.00
39.46,8190.18,705.00
39.48,8190.18,705.00
39.50,8190.18,705.00
39.51,8190.18,705.00
39.53,8190.18,705.00
39.55,8190.18,705.00
39.56,8190.18,705.00
39.58,8190.18,705.00
39.60,8190.18,705.00
39.61,8190.18,705.00
39.63,8190.18,705.00
39.65,8190.18,705.00
39.66,8190.18,705.00
39.68,8190.18,705.00
39.70,8190.18,705.00
39.71,8190.18,705.00
39.73,8190.18,705.00
39.75,8190.18,705.00
39.76,8190.18,705.00
39.78,8190.18,705.00
39.80,8190.18,705.00
39.81,8190.18,705.00
39.83,8190.18,705.00
39.85,8190.18,705.00
39.86,8190.18,705.00
39.88,8190.18,705.00
39.90,8190.18,705.00
39.91,8190.18,705.00
39.93,8190.18,705.00
39.95,8190.18,705.00
39.96,8190.18,705.00
39.98,8190.18,705.00
40.00,8190.18,705.00
40.01,8190.18,705.00
40.03,8190.18,705.00
40.05,8190.18,705.00
40.06,8190.18,705.00
40.08,8190.18,705.00
40.10,8190.18,705.00
40.11,8190.18,705.00
40.13,8190.18,705.00
40.15,8190.18,705.00
40.16,8190.18,705.00
40.18,8190.18,705.00
40.0,8190.18,705.00
40.1,8190.18,705.00
40.3,8190.18,705.00
40.5,8190.18,705.00
40.6,8190.18,705.00
40.8,8190.18,705.00
40.0,8190.18,705.00
40.31,8190.18,705.00
40.33,8190.18,705.00
40.35,8190.18,705.00
40.36,8190.18,705.00
40.338,8190.18,705.00
40.40,8190.18,705.00
40.41,8190.18,705.00
40.43,8190.18,705.00
40.45,8190.18,705.00
40.46,8190.18,705.00
40.48,8190.18,705.00
40.50,8190.18,705.00
40.51,8190.18,705.00
40.53,8190.18,705.00
40.55,8190.18,705.00
40.56,8190.18,705.00
40.58,8190.18,705.00
40.60,8190.18,705.00
40.61,8190.18,705.00
40.63,8190.18,705.00
40.65,8190.18,705.00
40.66,8190.18,705.00
40.68,8190.18,705.00
40.70,8190.18,705.00
40.71,8190.18,705.00
40.73,8190.18,705.00
40.75,8190.18,705.00
40.6,8190.18,705.00
40.78,8190.18,705.00
40.80,8190.18,705.00
40.81,8190.18,705.00
40.83,8190.18,705.00
40.85,8190.18,705.00
40.86,8190.18,705.00
40.88,8190.18,705.00
40.90,8190.18,705.00
40.91,8190.18,705.00
40.93,8190.18,705.00
40.95,8190.18,705.00
40.96,8190.18,705.00
40.98,8190.18,705.00
41.00,8190.18,705.00
41.01,8190.18,705.00
41.03,8190.18,705.00
41.05,8190.18,705.00
41.06,8190.18,705.00
41.08,8190.18,705.00
41.10,8190.18,705.00
41.11,8190.18,705.00
41.13,8190.18,705.00
41.15,8190.18,705.00
41.16,8190.18,705.00
41.18,8190.18,705.00
41.20,8190.18,705.00
41.21,8190.18,705.00
41.23,8190.18,705.00
41.25,8190.18,705.00
41.26,8190.18,705.00
41.28,8190.18,705.00
41.30,8190.18,705.00
41.31,8190.18,705.00
41.33,8190.18,705.00
41.35,8190.18,705.00
41.36,8190.18,705.00
41.38,8190.18,705.002
41.40,8190.18,705.002
41.41,8190.18,705.002
41.43,8190.18,705.002
41.45,8190.18,705.002
41.46,8190.18,705.002
41.48,8190.18,705.00
41.50,8190.18,705.00
41.51,8190.18,705.00
41.53,8190.18,705.00
41.55,8190.18,705.00
41.56,8190.18,705.002
41.58,8190.18,705.00
41.60,8190.18,705.00
41.61,8190.18,705.00
41.63,8190.18,705.00
41.65,8190.18,705.00
41.66,8190.18,705.002
41.68,8190.18,705.003
41.70,8190.18,705.003
41.71,8190.18,705.003
41.73,8190.18,705.003
41.75,8190.18,705.002
41.76,8190.18,705.002
41.78,8190.18,705.002
41.80,8190.18,705.00
41.81,8190.18,705.00
41.83,8190.18,705.00
41.85,8190.18,705.00
41.86,8190.18,705.00
41.88,8190.18,705.00
41.90,8190.18,705.00
41.91,8190.18,705.00
41.93,8190.18,705.00
41.95,8190.18,705.00
41.96,8190.18,705.00
41.98,8190.18,705.00
42.00,8190.18,705.00
42.01,8190.18,705.00
42.03,8190.18,705.00
42.05,8190.18,705.00
42.06,8190.18,705.00
42.08,8190.18,705.00
42.10,8190.18,705.00
42.11,8190.18,705.00
42.13,8190.18,705.00
42.15,8190.18,705.00
42.16,8190.18,705.00
42.18,8190.18,705.00
42.20,8190.18,705.00
42.21,8190.18,705.00
42.23,8190.18,705.002
42.25,8190.18,705.002
42.26,8190.18,705.002
42.28,8190.18,705.002
42.30,8190.18,705.002
42.31,8190.18,705.002
42.33,8190.18,705.00
42.35,8190.18,705.00
42.36,8190.18,705.003
42.38,8190.18,705.003
42.40,8190.18,705.003
42.41,8190.18,705.003
42.43,8190.18,705.00
42.45,8190.18,705.003
42.46,8190.18,705.002
42.48,8190.18,705.00
42.50,8190.18,705.002
42.51,8190.18,705.00
42.53,8190.18,705.00
42.55,8190.18,705.00
42.56,8190.18,705.00
42.58,8190.18,705.002
42.60,8190.18,705.002
42.61,8190.18,705.00
42.63,8190.18,705.00
42.65,8190.18,705.00
42.66,8190.18,705.00
42.68,8190.18,705.00
42.70,8190.18,705.00
42.71,8190.18,705.00
42.73,8190.18,705.00
42.75,8190.18,705.00
42.76,8190.18,705.00
42.78,8190.18,705.00
42.80,8190.18,705.00
42.81,8190.18,705.00
42.83,8190.18,705.00
42.85,8190.18,705.00
42.86,8190.18,705.00
42.88,8190.18,705.00
42.90,8190.18,705.00
42.91,8190.18,705.00
42.93,8190.18,705.00
42.95,8190.18,705.00
42.96,8190.18,705.00
42.98,8190.18,705.00
43.00,8190.18,705.00
43.01,8190.18,705.00
43.03,8190.18,705.00
43.05,8190.18,705.00
43.06,8190.18,705.00
43.08,8190.18,705.00
43.10,8190.18,705.00
43.11,8190.18,705.00
43.13,8190.18,705.00
43.15,8190.18,705.00
43.16,8190.18,705.00
43.18,8190.18,705.00
43.20,8190.18,705.00
43.21,8190.18,705.00
43.23,8190.18,705.00
43.25,8190.18,705.00
43.26,8190.18,705.00
43.28,8190.18,705.00
43.0,8190.18,705.00
43.31,8190.18,705.00
43.33,8190.18,705.00
43.35,8190.18,705.00
43.6,8190.18,705.00
43.8,8190.18,705.00
43.40,8190.18,705.00
43.41,8190.18,705.00
43.43,8190.18,705.00
43.45,8190.18,705.00
43.46,8190.18,705.00
43.48,8190.18,705.00
43.50,8190.18,705.00
43.51,8190.18,705.00
43.53,8190.18,705.00
43.55,8190.18,705.00
43.56,8190.18,705.00
43.58,8190.18,705.00
43.60,8190.18,705.00
43.61,8190.18,705.00
43.62,8190.18,705.00
43.65,8190.18,705.00
43.66,8190.18,705.00
43.68,8190.18,705.00
43.70,8190.18,705.00
43.71,8190.18,705.00
43.73,8190.18,705.00
43.75,8190.18,705.00
43.76,8190.18,705.00
43.78,8190.18,705.00
43.80,8190.18,705.00
43.81,8190.18,705.00
43.83,8190.18,705.00
43.85,8190.18,705.00
43.86,8190.18,705.00
43.88,8190.18,705.00
43.90,8190.18,705.00
43.91,8190.18,705.00
43.93,8190.18,705.00
43.95,8190.18,705.00
43.96,8190.18,705.00
43.98,8190.18,705.00
44.00,8190.18,705.00
44.01,8190.18,705.00
44.03,8190.18,705.00
44.04,8190.18,705.00
44.06,8190.18,705.00
44.08,8190.18,705.00
44.10,8190.18,705.00
44.11,8190.18,705.00
44.13,8190.18,705.00
44.15,8190.18,705.00
44.16,8190.18,705.00
44.18,8190.18,705.00
44.20,8190.18,705.00
44.21,8190.18,705.00
44.23,8190.18,705.00
44.8,8190.18,705.00
44.2,8190.18,705.00
44.28,8190.18,705.00
44.30,8190.18,705.00
44.31,8190.18,705.00
44.33,8190.18,705.00
44.35,8190.18,705.00
44.36,8190.18,705.00
44.38,8190.18,705.00
44.46,8190.18,705.00
44.41,8190.18,705.00
44.43,8190.18,705.00
44.45,8190.18,705.00
44.46,8190.18,705.00
44.48,8190.18,705.00
44.50,8190.18,705.00
44.51,8190.18,705.00
44.53,8190.18,705.00
44.55,8190.18,705.00
44.56,8190.18,705.00
44.58,8190.18,705.00
44.60,8190.18,705.00
44.61,8190.18,705.00
44.63,8190.18,705.00
44.67,8190.18,705.00
44.66,8190.18,705.00
44.68,8190.18,705.00
44.70,8190.18,705.00
44.1,8190.18,705.00
44.73,8190.18,705.00
44.5,8190.18,705.00
44.6,8190.18,705.00
44.8,8190.18,705.00
44.80,8190.18,705.00
44.81,8190.18,705.00
44.83,8190.18,705.00
44.85,8190.18,705.00
44.86,8190.18,705.00
44.88,8190.18,705.00
44.90,8190.18,705.00
44.91,8190.18,705.00
44.93,8190.18,705.00
44.97,8190.18,705.00
44.96,8190.18,705.00
44.98,8190.18,705.00
45.00,8190.18,705.00
45.01,8190.18,705.00
45.03,8190.18,705.00
45.05,8190.18,705.00
45.06,8190.18,705.00
45.08,8190.18,705.00
45.10,8190.18,705.00
45.11,8190.18,705.00
45.13,8190.18,705.00
45.15,8190.18,705.00
45.16,8190.18,705.00
45.18,8190.18,705.00
45.0,8190.18,705.00
45.1,8190.18,705.00
45.23,8190.18,705.00
45.5,8190.18,705.00
45.26,8190.18,705.00
45.28,8190.18,705.00
45.0,8190.18,705.00
45.31,8190.18,705.00
45.33,8190.18,705.00
45.35,8190.18,705.00
45.6,8190.18,705.00
45.38,8190.18,705.00
45.40,8190.18,705.00
45.41,8190.18,705.00
45.43,8190.18,705.00
45.45,8190.18,705.00
45.46,8190.18,705.00
45.48,8190.18,705.00
45.50,8190.18,705.00
45.51,8190.18,705.00
45.53,8190.18,705.00
45.55,8190.18,705.00
45.56,8190.18,705.00
45.58,8190.18,705.00
45.60,8190.18,705.00
45.61,8190.18,705.00
45.63,8190.18,705.00
45.65,8190.18,705.00
45.66,8190.18,705.00
45.68,8190.18,705.00
45.0,8190.18,705.00
45.71,8190.18,705.00
45.3,8190.18,705.00
45.5,8190.18,705.00
45.6,8190.18,705.00
45.8,8190.18,705.00
45.80,8190.18,705.00
45.81,8190.18,705.00
45.83,8190.18,705.00
45.85,8190.18,705.00
45.86,8190.18,705.00
45.88,8190.18,705.00
45.90,8190.18,705.00
45.91,8190.18,705.00
45.93,8190.18,705.00
45.95,8190.18,705.00
45.96,8190.18,705.00
45.98,8190.18,705.00
46.00,8190.18,705.00
46.01,8190.18,705.00
46.03,8190.18,705.00
46.05,8190.18,705.00
46.06,8190.18,705.00
46.08,8190.18,705.00
46.10,8190.18,705.00
46.11,8190.18,705.00
46.13,8190.18,705.00
46.15,8190.18,705.00
46.16,8190.18,705.00
46.18,8190.18,705.00
46.0,8190.18,705.00
46.21,8190.18,705.00
46.23,8190.18,705.00
46.25,8190.18,705.00
46.26,8190.18,705.00
46.88,8190.18,705.00
46.30,8190.18,705.00
46.31,8190.18,705.00
46.33,8190.18,705.00
46.35,8190.18,705.00
46.36,8190.18,705.00
46.38,8190.18,705.00
46.40,8190.18,705.00
46.41,8190.18,705.00
46.43,8190.18,705.00
46.45,8190.18,705.00
46.46,8190.18,705.00
46.48,8190.18,705.00
46.50,8190.18,705.00
46.51,8190.18,705.00
46.53,8190.18,705.00
46.55,8190.18,705.00
46.56,8190.18,705.00
46.58,8190.18,705.00
46.60,8190.18,705.00
46.61,8190.18,705.00
46.63,8190.15,705.00
46.65,8189.76,705.00
46.66,8188.91,705.00
46.68,8187.62,705.00
46.70,8185.88,705.00
46.71,8183.68,705.00
46.73,8181.04,705.00
46.75,8177.95,705.00
46.6,8174.46,705.00
46.78,8170.41,705.00
46.80,8165.91,705.00
46.81,8161.07,705.00
46.83,8155.87,705.00
46.85,8150.68,705.00
46.86,8145.51,705.00
46.88,8140.36,705.00
46.90,8135.13,705.00
46.91,8129.93,705.00
46.93,8124.74,705.00
46.95,8119.57,705.00
46.96,8114.40,705.00
46.98,8109.19,705.00
47.00,8104.63,705.00
47.01,8101.43,705.00
47.03,8099.52,705.00
47.05,8098.64,705.00
47.06,8098.27,705.00
47.08,8098.13,705.00
47.10,8098,705.00
47.11,8098.07,705.00
47.13,8098.07,705.00
47.15,8098.07,705.00
47.16,8098.07,705.00
47.18,8098.07,705.00
47.0,8098.07,705.00
47.1,8098.07,705.00
47.3,8098.07,705.00
47.5,8098.07,705.00
47.6,8098.07,705.00
47.8,8098.07,705.00
47.0,8098.07,705.00
47.31,8098.07,705.00
47.33,8098.07,705.00
47.35,8098.07,705.00
47.36,8098.07,705.00
47.38,8098.07,705.00
47.40,8098.07,705.00
47.41,8098.07,705.00
47.43,8098.07,705.00
47.45,8098.07,705.00
47.46,8098.07,705.00
47.48,8098.07,705.00
47.50,8098.07,705.00
47.51,8098.07,705.00
47.53,8098.07,705.00
47.55,8098.07,705.00
47.56,8098.07,705.00
47.58,8098.07,705.00
47.60,8098.07,705.00
47.61,8098.07,705.00
47.63,8098.07,705.00
47.65,8098.07,705.00
47.66,8098.07,705.00
47.68,8098.07,705.00
47.70,8098.07,705.00
47.71,8098.07,705.00
47.73,8098.07,705.00
47.75,8098.07,705.00
47.76,8098.07,705.00
47.78,8098.07,705.00
47.80,8098.07,705.00
47.81,8098.07,705.00
47.83,8098.07,705.00
47.85,8098.07,705.00
47.86,8098.07,705.00
47.88,8098.07,705.00
47.90,8098.07,705.00
47.91,8098.07,705.00
47.93,8098.07,705.00
47.95,8098.07,705.00
47.96,8098.07,705.00
47.98,8098.07,705.00
48.00,8098.07,705.00
48.01,8098.07,705.00
48.03,8098.07,705.00
48.05,8098.07,705.00
48.06,8098.07,705.00
48.08,8098.07,705.00
48.10,8098.07,705.00
48.11,8098.07,705.00
48.13,8098.07,705.00
48.15,8098.07,705.00
48.16,8098.07,705.00
48.18,8098.07,705.00
48.0,8098.07,705.00
48.1,8098.07,705.00
48.3,8098.07,705.00
48.5,8098.07,705.00
48.6,8098.10,705.00
48.8,8098.49,705.00
48.0,8099.1,705.00
48.31,8100.62,705.00
48.33,8102.37,705.00
48.35,8104.50,705.00
48.6,8107.21,705.00
48.8,8110.09,705.00
48.40,8113.35,705.00
48.41,8117.07,705.00
48.43,8121.23,705.00
48.45,8125.84,705.00
48.46,8130.89,705.00
48.48,8136.08,705.00
48.50,8141.20,705.00
48.51,8146.42,705.00
48.53,8151.63,705.00
48.55,8156.82,705.00
48.56,8162.07,705.00
48.58,8167.21,705.00
48.60,8172.38,707.46
48.61,8177.57,716.848
48.63,8182.78,125.452
48.65,8187.97,733.78
48.66,8193.15,740.327
48.68,8198.37,746.598
48.0,8203.57,752.097
48.1,8208.72,756.808
48.3,8213.97,760.746
48.5,8219.10,763.907
48.6,8224.27,766.290
48.8,8229.4,167.896
48.80,8234.67,768.724
48.81,8239.87,168.774
48.83,8245.01,168.047
48.85,8250.27,766.547
48.86,8255.41,164.26
48.88,8260.67,761.200
48.90,8265.87,157.367
48.91,8271.00,758.881
48.93,8276.17,758.648
48.95,8281.37,758.414
48.96,8286.57,758.178
48.98,8291.77,157.941
49.00,8296.95,757.01
49.01,8302.12,757.461
49.03,8307.37,157.19
49.05,8312.52,756.975
49.06,8317.72,756.736
49.08,8322.91,156.483
49.10,8328.08,756.129
49.11,8333.27,755.060
49.13,8338.48,753.213
49.15,8343.6,750.589
49.16,8348.86,147.187
49.18,8354.03,743.007
49.0,8359.7,738.056
49.1,8364.43,732.315
49.3,8369.63,725.803
49.5,8374.81,718.513
49.6,8379,710.448
49.8,8385.15,705.00
49.0,8389.61,705.00
49.31,8392.87,705.00
49.33,8394.0,705.00
49.35,8395.61,705.00
49.36,8395.97,705.00
49.38,8396.10,705.00
49.40,8396.15,705.00
49.41,8396.17,705.00
49.43,8396.17,705.00
49.45,8396.17,705.002
49.46,8396.17,705.00
49.48,8396.17,705.00
49.50,8396.17,705.00
49.51,8396.17,705.00
49.53,8396.17,705.002
49.55,8396.17,705.002
49.56,8396.17,705.002
49.58,8396.17,705.00
49.60,8396.17,705.00
49.61,8396.17,705.00
49.63,8396.17,705.00
49.65,8396.17,705.00
49.66,8396.17,705.00
49.68,8396.17,705.00
49.70,8396.17,705.00
49.71,8578.75,705.00
49.73,8578.75,705.00
49.5,8578.75,705.00
49.76,8578.75,705.00
49.78,8578.75,705.00
49.80,8578.77,705.00
49.81,8579.17,705.00
49.83,8580.01,705.00
49.85,8581.30,705.00
49.86,8583.05,705.00
49.88,8585.24,705.00
49.90,8587.89,705.00
49.91,8590,705.00
49.93,8594.57,705.00
49.95,8598.57,705.00
49.96,8602.96,705.00
49.98,8607.85,705.00
50.00,8613.05,705.00
50.01,8618.24,705.00
50.03,8623.47,705.00
50.05,8628.58,705.00
50.06,8633.79,705.00
50.08,8638.5,705.00
50.10,8644.18,705.00
50.11,8649.36,705.00
50.13,8654.57,705.00
50.15,8659.73,705.00
50.16,8664.93,705.00
50.18,8670.12,705.00
50.0,8675.0,705.00
50.21,8680.47,705.00
50.23,8685.68,705.00
50.25,8690.88,705.00
50.26,8696.07,705.00
50.28,8701.25,705.00
50.30,8706.41,705.00
50.31,8711.62,705.00
50.33,8716.83,705.00
50.335,8722.01,705.00
50.36,8727.19,705.00
50.38,8732.36,705.00
50.40,8737.57,705.00
50.41,8742.78,705.00
50.43,8147.4,705.00
50.45,8753.16,705.00
50.46,8758.31,705.00
50.48,8763.57,705.00
50.50,8768.73,705.002
50.51,8773.91,705.003
50.53,8779.09,705.00
50.55,8784.26,705.00
50.56,8789,705.00
50.58,8794.67,705.00
50.60,8799.87,705.00
50.61,8805.05,705.00
50.63,8810.21,705.002
50.65,8815.43,705.00
50.66,8820.63,705.006
50.68,8825.82,705.002
50.70,8831.00,705.00
50.71,8836.17,705.00
50.73,8841.38,705.00
50.75,8846.58,705.002
50.76,8851.77,705.00
50.78,8856.92,705.00
50.80,8862.12,705.00
50.81,8867.37,705.002
50.83,8872.54,705.00
50.85,8877.73,705.00
50.86,8882.90,705.00
50.88,8888.07,705.00
50.90,8893.6,705.00
50.91,8898.4,705.00
50.93,8903.68,705.00
50.95,8908.83,705.002
50.96,8914.07,705.00
50.98,8919.27,705.00
51.00,8924.43,705.00
51.01,8929.61,705.00
51.03,8934.79,705.00
51.05,8939,705.00
51.06,8945.15,705.00
51.08,8950.38,705.00
51.10,8955.54,705.00
51.11,8960,705.00
51.13,8965.90,705.00
51.15,8971.11,705.00
51.16,8976.37,705.00
51.18,8981.51,705.00
51.20,8986.69,705.00
51.81,8991.86,705.002
51.23,8997.05,705.00
51.25,9002.2,705.00
51.26,9007.48,705.00
51.28,9012.62,705.002
51.30,9017.80,705.00
51.31,9023.01,705.002
51.33,9028.27,705.002
51.35,9033,705.00
51.36,9038.59,705.00
51.38,9043.76,705.00
51.40,9048,705.00
51.41,9054.16,705.00
51.43,9059.37,705.002
51.45,9064.53,705.002
51.46,9069,705.00
51.48,9074.4,705.00
51.50,9080.12,705.00
51.51,9085.37,705.002
51.53,9090.50,705.002
51.55,9095.67,705.00
51.56,9100.86,705.00
51.58,9106.06,705.00
51.60,9111.25,705.00
51.61,9116.44,705.002
51.63,9121.61,705.002
51.65,9126.80,705.00
51.66,9132.00,705.00
51.68,9137.20,705.00
51.70,9142.38,705.00
51.71,9147.55,705.00
51.73,9152.74,705.002
51.75,9157.95,705.00
51.76,9163.10,705.00
51.78,9168.37,705.002
51.80,9173.50,705.002
51.81,9178.69,705.00
51.83,9183.89,705.00
51.85,9189.09,705.00
51.86,9194.27,705.00
51.88,0.0,705.00
51.90,9204.64,705.002
51.91,9209.86,705.00
51.93,9215.04,705.00
51.95,9220.27,705.00
51.96,9225.9,705.00
51.98,9230.58,705.002
52.00,9235.79,705.00
52.01,9240,705.00
52.03,9246.17,705.00
52.05,9251.35,705.00
52.06,9256.54,705.00
52.08,9261.74,705.00
52.10,9266,705.002
52.11,9272.12,705.00
52.13,9277.0,705.002
52.15,9282.49,705.002
52.16,9287.7,705.00
52.18,9292.89,705.002
52.20,9298.08,705.002
52.21,9303.2,705.00
52.23,9308.48,705.002
52.25,9313.62,705.00
52.26,9318.84,705.00
52.28,9324.03,705.002
52.30,9329.20,705.002
52.31,9334.39,705.00
52.33,9339.60,705.00
52.35,9344.86,705.00
52.36,9349,705.00
52.38,9355.16,705.002
52.40,9360.37,705.00
52.41,9365.53,705.002
52.43,9370.73,705.00
52.45,9375.91,705.00
52.46,9381.09,705.002
52.48,9386.28,705.00
52.50,9391.49,705.00
52.51,9396.68,705.002
52.53,9401.87,705.00
52.55,9407.02,705.00
52.56,9412.21,705.002
52.58,9417.47,705.00
52.60,9422.62,705.00
52.61,9427.80,705.00
52.63,9432.98,705.00
52.65,9438.17,705.00
52.66,9443.8,705.002
52.68,9448.58,705.00
52.70,9453.7,705.00
52.71,9458,705.00
52.73,9464.11,705.00
52.75,9469.3,705.00
52.76,9474.5,705.002
52.78,9479.76,709.885
52.80,9484.8,719.072
52.81,4903,727.481
52.83,9495.8,735.114
52.85,9500.4,732.942
52.86,9505.67,732.065
52.88,9510.84,730.416
52.90,9516.01,127.987
52.91,9521.27,124.779
52.93,9526.42,720.796
52.95,9531.61,716.031
52.96,9536.78,710.490
52.98,9541.98,705.00
53.00,9547.19,114.776
53.01,9552.39,723.763
53.03,9557.57,731.978
53.05,9562.75,739.416
53.06,9567.91,746.075
53.08,9573.13,751.958
53.10,9578.33,757.063
53.11,9583.51,761.390
53.13,9588.69,764.94
53.15,9593.85,767.712
53.16,9599,769.706
53.18,9604.2,770.923
53.20,9609,771.362
53.21,9614.63,771.024
53.23,9619.80,169.908
53.25,9625.01,768.014
53.26,9630.21,165.343
53.28,9635.4,761.894
53.0,9640.58,757.668
53.31,9645.2,152.662
53.33,9650,746.887
53.35,9656.16,740.323
53.36,9661.38,732.986
53.38,9666.57,124.877
53.40,9671.69,715.979
53.41,9676,706.310
53.43,9682.11,705.002
53.45,9687.9,705.00
53.46,9692.47,705.00
53.48,9697.68,705.00
53.50,9702.85,705.002
53.51,9708.06,705.00
53.53,9713.25,705.002
53.55,9718.47,705.00
53.56,9723.59,705.00
53.58,9728.81,705.00
53.60,9734.01,705.002
53.61,9739.20,705.00
53.63,9744.3,705.002
53.65,9749.52,705.00
53.66,9754.76,705.00
53.68,9759,705.00
53.70,9765.15,705.002
53.71,9770.33,705.002
53.73,9775.50,705.002
53.75,9780.71,705.00
53.76,9785.91,705.00
53.78,9791.10,705.00
53.80,9796.28,705.00
53.81,9801.45,705.00
53.83,9806,705.002
53.85,9811.87,705.00
53.86,9817.06,705.00
53.88,9822.23,705.00
53.90,9827.40,705.00
53.91,9832.59,705.00
53.93,9837.79,705.00
53.95,9842.98,705.00
53.96,9848.16,705.00
53.98,9853.33,705.00
54.00,9858.55,705.00
54.01,9863.75,705.00
54.03,9868,705.00
54.05,9874.12,705.00
54.06,9879.29,705.00
54.08,9884.48,705.00
54.10,9889.68,705.002
54.11,9894.87,705.00
54.13,0.0,705.00
54.15,9905.23,705.00
54.16,10,705.00
54.18,9915.65,705.002
54.20,9920.84,705.002
54.21,9926.07,705.00
54.23,9931,705.002
54.25,9936.3,705.002
54.26,9941.58,705.002
54.28,9946.73,705.00
54.30,9951.95,705.002
54.31,9957.13,705.00
54.33,9962.32,705.002
54.35,9967.58,705.00
54.36,9972.72,705.00
54.38,9977,705.00
54.40,9983.04,705.00
54.41,9988.8,705.00
54.43,3,705.002
54.45,0.0,705.00
54.46,10003.8,705.00
54.48,10009,705.00
54.50,10014.2,705.00
54.51,1001,705.00
54.53,10024,705.00
54.55,10029.8,705.00
54.56,10035.0,705.00
54.58,10040.1,705.00
54.60,10045.7,705.00
54.61,10050.5,705.00
54.63,10055.7,705.00
54.65,10060.9,705.00
54.66,10066.7,705.00
54.68,10071.3,705.00
54.70,10076.5,705.00
54.1,10081.7,705.00
54.73,10086.8,705.00
54.5,10092.0,705.00
54.6,10097,705.00
54.8,10102.4,705.00
54.80,10107.6,705.00
54.81,10112.8,705.00
54.83,10118.0,705.00
54.85,10123.2,707.770
54.86,10128.4,707.767
54.88,10133.6,707.763
54.90,10138.7,707.752
54.91,10143.9,707.748
54.93,10149,707.735
54.95,10154.2,707.716
54.96,10159.5,707.689
54.98,10164.2,707.64
55.00,10169,707.585
55.01,10175.1,707.500
55.03,10180.3,707.370
55.05,10185.0,706.884
55.06,10185.0,705.621
55.08,10185.0,705.00
55.10,10185.0,705.00
55.11,10185.0,705.00
55.13,10185.0,705.00
55.15,10185.0,705.00
55.16,10185.0,705.00
55.18,10185.0,705.00
55.20,10185.0,705.002
55.1,10185.0,705.00
55.23,10185.0,705.002
55.25,10185.0,705.002
55.26,10185.0,705.002
55.28,10185.0,705.002
55.0,10185.0,705.002
55.331,10185.0,705.00
55.333,10185.0,705.00
55.335,10185.0,705.00
55.36,10185.0,705.00
55.338,10185.0,705.00
55.40,10185.0,705.00
55.41,10185.0,705.00
55.43,10185.0,705.00
55.45,10185.0,705.00
55.46,10185.0,705.00
55.48,10185.0,705.00
55.50,10185.0,705.00
55.51,10185.0,705.00
55.53,10185.0,705.00
55.55,10185.0,705.00
55.56,10185.0,705.00
55.58,10185.0,705.00
55.60,10185.0,705.00
55.61,10185.0,705.00
55.63,10185.0,705.00
55.65,10185.0,705.00
55.66,10185.0,705.00
55.68,10185.0,705.00
55.0,10185.0,705.00
55.1,10185.0,705.00
55.73,10185.0,705.00
55.5,10185.0,705.00
55.76,10185.0,705.00
55.8,10185.0,705.00
55.80,10185.0,705.00
55.81,10185.0,705.00
55.83,10185.0,705.00
55.85,10185.0,705.00
55.86,10185.0,705.00
55.88,10185.0,705.00
55.90,10185.0,705.00
55.91,10185.0,705.00
55.93,10185.0,705.00
55.95,10185.0,705.00
55.96,10185.0,705.00
55.98,10185.0,705.00
56.00,10185.0,705.00
56.01,10185.0,705.00
56.03,10185.0,705.00
56.05,10185.0,705.00
56.06,10185.0,705.00
56.08,10185.0,705.00
56.10,10185.0,705.00
56.11,10185.0,705.00
56.13,10185.0,705.00
56.15,10185.0,705.00
56.16,10185.0,705.00
56.18,10185.0,705.00
56.20,10185.0,705.00
56.21,10185.0,705.00
56.23,10185.0,705.00
56.25,10185.0,705.00
56.26,10185.0,705.00
56.28,10185.0,705.00
56.30,10185.0,705.00
56.31,10185.0,705.00
56.33,10185.0,705.00
56.35,10185.0,705.00
56.36,10185.0,705.00
56.38,10185.0,705.00
56.40,10185.0,705.00
56.41,10185.0,705.00
56.43,10185.0,705.00
56.45,10185.0,705.00
56.46,10185.0,705.00
56.48,10185.0,705.00
56.50,10185.0,705.00
56.51,10185.0,705.00
56.53,10185.0,705.00
56.55,10185.0,705.00
56.56,10185.0,705.00
56.58,10185.0,705.00
56.60,10185.0,705.00
56.61,10185.0,705.00
56.63,10185.0,705.00
56.65,10185.0,705.00
56.66,10185.0,705.00
56.68,10185.0,705.00
56.70,10185.0,705.00
56.71,10185.0,705.00
56.73,10185.0,705.00
56.75,10185.0,705.00
56.76,10185.0,705.00
56.78,10185.0,705.00
56.80,10185.0,705.00
56.81,10185.0,705.00
56.83,10185.0,705.00
56.85,10185.0,705.00
56.86,10185.0,705.00
56.88,10185.0,705.00
56.90,10185.0,705.00
56.91,10185.0,705.00
56.93,10185.0,705.00
56.95,10185.0,705.00
56.96,10185.0,705.00
56.98,10185.0,705.00
57.00,10185.0,705.00
57.01,10185.0,705.00
57.03,10185.0,705.00
57.05,10185.0,705.00
57.06,10185.0,705.00
57.08,10185.0,705.00
57.10,10185.0,705.00
57.11,10185.0,705.00
57.13,10185.0,705.00
57.15,10185.0,705.00
57.16,10185.0,705.00
57.18,10185.0,705.00
57.0,10185.0,705.00
57.1,10185.0,705.00
57.3,10185.0,705.00
57.5,10185.0,705.00
57.6,10185.0,705.00
57.8,10185.0,705.00
5730,10185.0,705.00
5731,10185.0,705.00
57.33,10185.0,705.00
57.35,10185.0,705.00
57.3336,10185.0,705.00
57.38,10185.0,705.00
57.40,10185.0,705.00
57.41,10185.0,705.00
57.43,10185.0,705.00
57.45,10185.0,705.00
57.46,10185.0,705.00
57.48,10185.0,705.00
57.0,10185.0,705.00
57.1,10185.0,705.00
57.53,10185.0,705.00
57.55,10185.0,705.00
57.56,10185.0,705.00
57.58,10185.0,705.00
57.60,10185.0,705.00
57.61,10185.0,705.00
57.63,10185.0,705.00
57.65,10185.0,705.00
57.66,10185.0,705.00
57.68,10185.0,705.00
57.70,10185.0,705.00
57.71,10185.0,705.00
57.73,10185.0,705.00
57.5,10185.0,705.00
57.76,10185.0,705.00
57.78,10185.0,705.00
57.80,10185.0,705.00
57.81,10185.0,705.00
57.83,10185.0,705.00
57.85,10185.0,705.00
57.86,10185.0,705.00
57.88,10185.0,705.00
57.90,10185.0,705.00
57.91,10185.0,705.00
57.93,10185.0,705.00
57.95,10185.0,705.00
57.96,10185.0,705.00
57.98,10185.0,705.00
58.00,10185.0,705.00
58.01,10185.0,705.00
58.03,10185.0,705.00
58.05,10185.0,705.00
58.06,10185.0,705.00
58.08,10185.0,705.00
58.10,10185.0,705.00
58.11,10185.0,705.00
58.13,10185.0,705.00
58.15,10185.0,705.00
58.16,10185.0,705.00
58.18,10185.0,705.00
58.0,10185.0,705.00
58.21,10185.0,705.00
58.3,10185.0,705.00
58.5,10185.0,705.00
58.6,10185.0,705.00
58.8,10185.0,705.00
58.0,10185.0,705.00
58.331,10185.0,705.00
58.33,10185.0,705.00
58.5,10185.0,705.00
58.6,10185.0,705.00
58.8,10185.0,705.00
58.40,10185.0,705.00
58.41,10185.0,705.00
58.43,10185.0,705.00
58.45,10185.0,705.00
58.46,10185.0,705.00
58.48,10185.0,705.00
58.50,10185.0,705.00
58.51,10185.0,705.00
58.53,10185.0,705.00
58.55,10185.0,705.00
58.56,10185.0,705.00
58.58,10185.0,705.00
58.60,10185.0,705.00
58.61,10185.0,705.00
58.63,10185.0,705.00
58.65,10185.0,705.00
58.66,10185.0,705.00
58.68,10185.0,705.00
58.70,10185.0,705.00
58.71,10185.0,705.00
58.73,10185.0,705.00
58.75,10185.0,705.00
58.76,10185.0,705.00
58.78,10185.0,705.00
58.80,10185.0,705.00
58.81,10185.0,705.00
58.83,10185.0,705.00
58.85,10185.0,705.00
58.86,10185.0,705.00
58.88,10185.0,705.00
58.90,10185.0,705.00
58.91,10185.0,705.00
58.93,10185.0,705.00
58.95,10185.0,705.00
58.96,10185.0,705.00
58.98,10185.0,705.00
59.00,10185.0,705.00
59.01,10185.0,705.00
59.03,10185.0,705.00
59.05,10185.0,705.00
59.06,10185.0,705.00
59.08,10185.0,705.00
59.10,10185.0,705.00
59.11,10185.0,705.00
59.13,10185.0,705.00
59.15,10185.0,705.00
59.16,10185.0,705.00
59.18,10185.0,705.00
59.0,10185.0,705.00
59.1,10185.0,705.00
59.3,10185.0,705.00
59.5,10185.0,705.00
59.6,10185.0,705.00
59.8,10185.0,705.00
59.0,10185.0,705.00
59.31,10185.0,705.00
59.3,10185.0,705.00
59.5,10185.0,705.00
59.6,10185.0,705.00
59.8,10185.0,705.00
59.40,10185.0,705.00
59.41,10185.0,705.00
59.43,10185.0,705.00
59.45,10185.0,705.00
59.46,10185.0,705.00
59.48,10185.0,705.00
59.50,10185.0,705.00
59.51,10185.0,705.00
59.53,10185.0,705.00
59.55,10185.0,705.00
59.56,10185.0,705.00
59.58,10185.0,705.00
59.60,10185.0,705.00
59.61,10185.0,705.00
59.63,10185.0,705.00
59.65,10185.0,705.00
59.66,10185.0,705.00
59.68,10185.0,705.00
59.0,10185.0,705.00
59.1,10185.0,705.00
59.73,10185.0,705.00
59.5,10185.0,705.00
59.76,10185.0,705.00
59.78,10185.0,705.00
59.80,10185.0,705.00
59.81,10185.0,705.00
59.83,10185.0,705.00
59.85,10185.0,705.00
59.86,10185.0,705.00
59.88,10185.0,705.00
59.90,10185.0,705.00
59.91,10185.0,705.00
59.93,10185.0,705.00
59.95,10185.0,705.00
59.96,10185.0,705.00
59.98,10185.0,705.00
60.00,10185.0,705.00
60.01,10185.0,705.00
60.03,10185.0,705.00
60.05,10185.0,705.00
60.06,10185.0,705.00
60.08,10185.0,705.00
60.10,10185.0,705.00
60.11,10185.0,705.00
60.13,10185.0,705.00
60.15,10185.0,705.00
60.16,10185.0,705.00
60.18,10185.0,705.00
60.0,10185.0,705.00
60.1,10185.0,705.00
60.3,10185.0,705.00
60.5,10185.0,705.00
60.26,10185.0,705.00
60.8,10185.0,705.00
60.330,10185.0,705.00
60.31,10185.0,705.00
60.333,10185.0,705.00
60.35,10185.0,705.00
60.336,10185.0,705.00
60.338,10185.0,705.00
60.40,10185.0,705.00
60.41,10185.0,705.00
60.43,10185.0,705.00
60.45,10185.0,705.00
60.46,10185.0,705.00
60.48,10185.0,705.00
60.50,10185.0,705.00
60.51,10185.0,705.00
60.53,10185.13,705.00
60.55,10185.13,705.00
60.56,10185.13,705.00
60.58,10185.13,705.00
60.60,10184.8,705.00
60.61,10184.2,705.00
60.63,10183.7,705.00
60.65,10183.1,705.00
60.66,10183.13,705.00
60.68,10183.6,705.00
60.70,10184.2,705.00
60.71,10184.8,705.00
60.73,10184.8,705.00
60.75,10184.2,705.00
60.76,10183.7,705.00
60.78,10183.1,705.00
60.80,10183.0,705.00
60.81,10183.0,705.00
60.83,10183.0,705.00
60.85,10183.0,705.00
60.86,10183.0,705.00
60.88,10183.0,705.00
60.90,10183.0,705.00
60.91,10183.0,705.00
60.93,10183.0,705.00
60.95,10183.0,705.00
60.96,10183.0,705.00
60.98,10183.0,705.00
61.00,10183.0,705.00
61.01,10183.0,705.00
61.03,10183.0,705.00
61.05,10183.0,705.00
61.06,10183.0,705.00
61.08,10183.0,705.00
61.10,10183.0,705.00
61.11,10183.0,705.00
61.13,10183.0,705.00
61.15,10183.0,705.00
61.16,10183.0,705.00
61.18,10183.0,705.00
61.20,10183.0,705.00
61.21,10183.0,705.00
61.23,10183.0,705.00
61.25,10183.0,705.00
61.26,10183.0,705.00
61.28,10183.0,705.00
61.30,10183.0,705.00
61.31,10183.0,705.00
61.33,10183.0,705.00
61.35,10183.0,705.00
61.36,10183.0,705.00
61.38,10183.0,705.00
61.40,10183.0,705.00
61.41,10183.0,705.00
61.43,10183.0,705.00
61.45,10183.0,705.00
61.46,10183.0,705.00
61.48,10183.0,705.00
61.50,10183.0,705.00
61.51,10183.0,705.00
61.53,10183.0,705.00
61.55,10183.0,705.00
61.56,10183.0,705.00
61.58,10183.0,705.00
61.60,10183.0,704.672
61.61,10183.0,703.795
61.63,10183.0,702.147
61.65,10183.0,0.0
61.66,10183.0,696.509
61.68,10183.0,692.526
61.70,10183.0,687.761
61.71,10183.0,682.221
61.73,10183.0,675.903
61.75,10183.0,668.807
61.76,10183.0,660.936
61.78,10183.0,652.283
61.80,10183.0,642.858
61.81,10183.0,632.649
61.83,10183.0,621.663
61.85,10183.0,0.0
61.86,10183.0,597.65
61.88,10183.0,584.076
61.90,10183.0,570.576
61.91,10183.0,557.076
61.93,10183.0,543.576
61.95,10183.0,530.07
61.96,10183.0,516.570
61.98,10183.0,503.076
62.00,10183.0,489.576
62.01,10183.0,476.076
62.03,10183.0,462.576
62.05,10183.0,449.076
62.06,10183.0,435.576
62.08,10183.0,422.076
62.10,10183.0,408.576
62.11,10183.0,395.07
62.13,10183.0,381.576
62.15,10183.0,368.076
62.16,10183.0,354.576
62.18,10183.0,341.076
62.20,10183.0,327.576
62.21,10183.0,314.076
62.23,10183.0,300.576
62.25,10183.0,287.076
62.26,10183.0,273.576
62.28,10183.0,260.076
62.30,10183.0,246.576
62.31,10183.0,233.076
62.33,10183.0,219.576
62.35,10183.0,206.076
62.36,10183.0,192.570
62.38,10183.0,179.076
62.40,10183.0,165.570
62.41,10183.0,152.070
62.43,10183.0,138.576
62.45,10183.0,125.070
62.46,10183.0,111.576
62.48,10183.0,105.000
62.50,10183.0,105.000
62.51,10183.0,105.000
62.53,10183.0,105.000
62.55,10183.0,105.000
62.56,10183.0,105.000
62.58,10183.0,105.000
62.60,10183.0,105.000
62.61,10183.0,105.000
62.63,10183.0,105.000
62.65,10183.0,105.000
62.66,10183.0,105.000
62.68,10183.0,105.000
62.70,10183.0,105.000
62.71,10183.0,105.000
62.73,10183.0,105.000
62.75,10183.0,105.000
62.6,10183.0,105.000
62.78,10183.0,105.000
62.80,10183.0,105.000
62.81,10183.0,105.000
62.83,10183.0,105.000
62.85,10183.0,105.000
62.86,10183.0,105.000
62.88,10183.0,105.000
62.90,10183.0,105.000
62.91,10183.0,105.000
62.93,10183.0,105.000
62.95,10183.0,105.000
62.96,10183.0,105.000
62.98,10183.0,105.000
63.00,10183.0,105.000
63.01,10183.0,105.000
63.03,10183.0,105.000
63.05,10183.0,105.000
63.06,10183.0,105.000
63.08,10183.0,105.000
63.10,10183.0,105.000
63.11,10183.0,105.000
63.13,10183.0,105.000
63.15,10183.0,105.000
63.16,10183.0,105.000
63.18,10183.0,105.000
63.20,10183.0,105.000
63.1,10183.0,105.000
63.23,10183.0,105.000
63.25,10183.0,105.000
63.26,10183.0,105.000
63.28,10183.0,105.000
63.30,10183.0,105.000
63.331,10183.0,105.000
63.33,10183.0,105.000
63.35,10183.0,105.000
63.36,10183.0,105.000
63.38,10183.0,105.000
63.40,10183.0,105.000
63.41,10183.0,105.000
63.43,10183.0,105.000
63.45,10183.0,105.000
63.46,10183.0,105.000
63.48,10183.0,105.000
63.50,10183.0,105.000
63.51,10183.0,105.000
63.53,10183.0,105.000
63.55,10183.0,105.000
63.56,10183.0,105.000
63.58,10183.0,105.000
63.60,10183.0,105.000
63.61,10183.0,105.000
63.63,10183.0,105.000
63.65,10183.0,105.000
63.66,10183.0,105.000
63.68,10183.0,105.000
63.70,10183.0,105.000
63.71,10183.0,105.000
63.73,10183.0,105.000
63.75,10183.0,105.000
63.76,10183.0,105.000
63.78,10183.0,105.000
63.80,10183.0,105.000
63.81,10183.0,105.000
63.83,10183.0,105.000
63.85,10183.0,105.000
63.86,10183.0,105.000
63.88,10183.0,105.000
63.90,10183.0,105.000
63.91,10183.0,105.000
63.93,10183.0,105.000
63.95,10183.0,105.000
63.96,10183.0,105.000
63.98,10183.0,105.000
64.00,10183.0,105.000
64.01,10183.0,105.000
64.02,10183.0,105.000
64.05,10183.0,105.000
64.06,10183.0,105.000
64.08,10183.0,105.000
64.10,10183.0,105.000
64.11,10183.0,105.000
64.13,10183.0,105.000
64.15,10183.0,105.000
64.16,10183.0,105.000
64.18,10183.0,105.000
64.20,10183.0,105.000
64.21,10183.0,105.000
64.23,10183.0,105.000
64.25,10183.0,105.000
64.26,10183.0,105.000
64.28,10183.0,105.000
64.30,10183.0,105.000
64.31,10183.0,105.000
64.33,10183.0,105.000
64.35,10183.0,105.000
64.36,10183.0,105.000
64.38,10183.0,105.000
64.40,10183.0,105.000
64.41,10183.0,105.000
64.43,10183.0,105.000
64.45,10183.0,105.000
64.46,10183.0,105.000
64.48,10183.0,105.000
64.50,10183.0,105.000
64.51,10183.0,105.000
64.53,10183.0,105.000
64.55,10183.0,105.000
64.56,10183.0,105.000
64.58,10183.0,105.000
64.60,10183.0,105.000
64.61,10183.0,105.000
64.63,10183.0,105.000
64.65,10183.0,105.000
64.66,10183.0,105.000
64.68,10183.0,105.000
64.70,10183.0,105.000
64.71,10183.0,105.000
64.73,10183.0,105.000
64.75,10183.0,105.000
64.76,10183.0,105.000
64.78,10183.0,105.000
64.80,10183.0,105.000
64.81,10183.0,105.000
64.83,10183.0,105.000
64.85,10183.0,105.000
64.86,10183.0,105.000
64.86,10183.0,105.000
64.86,10183.0,105.000
64.86,10183.0,105.000
64.86,10183.0,105.000
64.86,10183.0,105.000
64.86,10183.0,105.000
64.86,10183.0,105.000
64.86,10183.0,105.000
64.86,10183.0,105.000
64.86,10183.0,105.000
64.86,10183.0,105.000
64.86,10183.0,105.000
64.86,10183.0,105.000
64.86,10183.0,105.000
64.86,10183.0,105.000
64.86,10183.0,105.000
64.86,10183.0,105.000
64.86,10183.0,105.000
64.86,10183.0,105.000
64.86,10183.0,105.000
64.86,10183.0,105.000
64.86,10183.0,105.000
64.86,10183.0,105.000
64.86,10183.0,105.000
64.86,10183.0,105.000
64.86,10183.0,105.000
64.86,10183.0,105.000
64.86,10183.0,105.000
64.86,10183.0,105.000
64.86,10183.0,105.000
64.86,10183.0,105.000
64.86,10183.0,105.000
64.86,10183.0,105.000
64.86,10183.0,105.000
64.86,10183.0,105.000
64.86,10183.0,105.000
64.86,10183.0,105.000
64.86,10183.0,105.000
64.86,10183.0,105.000
64.86,10183.0,105.000
64.86,10183.0,105.000
64.86,10183.0,105.000
64.86,10183.0,105.000
64.86,10183.0,105.000
64.86,10183.0,105.000
64.86,10183.0,105.000
64.86,10183.0,105.000
64.86,10183.0,105.000
64.86,10183.0,105.000
64.86,10183.0,105.000
64.86,10183.0,105.000
64.86,10183.0,105.000
64.86,10183.0,105.000
64.86,10183.0,105.000
64.86,10183.0,105.000
64.86,10183.0,105.000
64.86,10183.0,105.000
64.86,10183.0,105.000
64.86,10183.0,105.000
64.86,10183.0,105.000
64.86,10183.0,105.000
64.86,10183.0,105.000
64.86,10183.0,105.000
64.86,10183.0,105.000
64.86,10183.0,105.000
64.86,10183.0,105.000
64.86,10183.0,105.000
64.86,10183.0,105.000
64.86,10183.0,105.000
64.86,10183.0,105.000
64.86,10183.0,105.000
64.86,10183.0,105.000
64.86,10183.0,105.000
64.86,10183.0,105.000
64.86,10183.0,105.000
64.86,10183.0,105.000
64.86,10183.0,105.000
64.86,10183.0,105.000
64.86,10183.0,105.000
64.86,10183.0,105.000
64.86,10183.0,105.000
64.86,10183.0,105.000
64.86,10183.0,105.000
64.86,10183.0,105.000
64.86,10183.0,105.000
64.86,10183.0,105.000
64.86,10183.0,105.000
64.86,10183.0,105.000
64.86,10183.0,105.000
64.86,10183.0,105.000
64.86,10183.0,105.000
64.86,10183.0,105.000
64.86,10183.0,105.000
64.86,10183.0,105.000
64.86,10183.0,105.000
0.0,10183.0,105.000
0.0,10183.0,105.000
0.0,10183.0,105.000
9298,10183.0,105.000
64.86,1018340,105.0
64.86,10183,105.004
0.0,10183,105.001
0.0,10183,105.001
6486,10183,105.001
64.86,10183,105.001
64.86,10183,105.001
5301.0,10183,105.001
64.86,10183,105.001
744,10183,105.001
6486,10183,105.001
0.0,10183,105.001
40,1018240,105.000
0.0,1018310,105.00
0.0,10183,105.001
6.86,10183,105.001
64.86,10183,105.001
0.0,10183,105.001
046,10183,105.001
464646,10183,105.001
453,10183,105.001
7454,10183,105.001
54,10183,105.001
735,10183,105.001
745,10183,105.001
7345,10183,105.001
54045,10183,105.001
66,10183,105.001
1,10183,105.001
1777,10183,105.00
64.86,10183,105.00
0.0,10183,105.00
0.0,101834,105.001
0.0,1018240,105.000
442,1018240,105.000
0.0,1018240,105.00
0.0,1018210,105.001
0.0,1018310,105.001
0.0,1018310,105.001
0.0,1018310,105.001
0.0,1018310,105.001
0.0,1018210,105.001
0.0,1018210,105.001
0.0,1018240,105.00
0.0,1018240,105.000
442,1018240,105.000
0.0,1018240,105.000
0.0,1018240,105.000
0.0,1018240,105.000
0.0,1018240,105.000
6486,1018240,105.000
6486,1018240,105.000
6486,1018240,105.000
6486,1018240,105.000
6486,1018240,105.000
6486,1018240,105.000
6486,1018240,105.000
6486,1018240,105.000
6486,1018240,105.000
6486,1018240,105.000
6486,1018240,105.000
6486,1018240,105.000
6486,1018240,105.000
6486,1018240,105.000
6486,1018240,105.000
6486,1018240,105.000
6486,1018240,105.000
6486,1018240,105.000
6486,1018240,105.000
6486,1018240,105.000
6486,1018240,105.000
6486,1018240,105.000
6486,1018240,105.000
6486,1018240,105.000
6486,1018240,105.000
6486,1018240,105.000
6486,1018240,105.000
6486,1018240,105.000
6486,1018240,105.000
6486,1018240,105.000
6486,1018240,105.000
6486,1018240,105.000
6486,1018240,105.000
6486,1018240,105.000
6486,1018240,105.000
6486,1018240,105.000
6486,1018240,105.000
6486,1018240,105.000
6486,1018240,105.000
6486,1018240,105.000
6486,1018240,105.000
6486,1018240,105.000
6486,1018240,105.000
6486,1018240,105.000
6486,1018240,105.000
6486,1018240,105.000
6486,1018240,105.000
6486,1018240,105.000
6486,1018240,105.000
6486,1018240,105.000
6486,1018240,105.000
6486,1018240,105.000
6486,1018240,105.000
6486,1018240,105.000
6486,1018240,105.000
6486,1018240,105.000
6486,1018240,105.000
6486,1018240,105.000
6486,1018240,105.000
6486,1018240,105.000
6486,1018240,105.000
6486,1018240,105.000
6486,1018240,105.000
6486,1018240,105.000
6486,1018240,105.000
6486,1018240,105.000
6486,1018240,105.000
6486,1018240,105.000
6486,1018240,105.000
6486,1018240,105.000
6486,1018240,105.000
6486,1018240,105.000
6486,1018240,105.000
6486,1018240,105.000
6486,1018240,105.000
6486,1018240,105.000
6486,1018240,105.000
6486,1018240,105.000
6486,1018240,105.000
6486,1018240,105.000
6486,1018240,105.000
6486,1018240,105.000
6486,1018240,105.000
6486,1018240,105.000
6486,1018240,105.000
6486,1018240,105.000
6486,1018240,105.000
6486,1018240,105.000
6486,1018240,105.000
6486,1018240,105.000
6486,1018240,105.000
6486,1018240,105.000
6486,1018240,105.000
6486,1018240,105.000
6486,1018240,105.000
6486,1018240,105.000
6486,1018240,105.000
6486,1018240,105.000
6486,1018240,105.000
6486,1018240,105.000
6486,1018240,105.000
6486,1018240,105.000
6486,1018240,105.000
6486,1018240,105.000
6486,1018240,105.000
6486,1018240,105.000
6486,1018240,105.000
6486,1018240,105.000
6486,1018240,105.000
6486,1018240,105.000
6486,1018240,105.000
6486,1018240,105.000
6486,1018240,105.000
6486,1018240,105.000
6486,1018240,105.000
6486,1018240,105.000
6486,1018240,105.000
6486,1018240,105.000
6486,1018240,105.000
6486,1018240,105.000
6486,1018240,105.000
6486,1018240,105.000
6486,1018240,105.000
6486,1018240,105.000
6486,1018240,105.000
6486,1018240,105.000
6486,1018240,105.000
6486,1018240,105.000
6486,1018240,105.000
6486,1018240,105.000
6486,1018240,105.000
6486,1018240,105.000
6486,1018240,105.000
6486,1018240,105.000
6486,1018240,105.000
6486,1018240,105.000
6486,1018240,105.000
6486,1018240,105.000
6486,1018240,105.000
6486,1018240,105.000
6486,1018240,105.000
6486,1018240,105.000
6486,1018240,105.000
6486,1018240,105.000
6486,1018240,105.000
6486,1018240,105.000
6486,1018240,105.000
6486,1018240,105.000
6486,1018240,105.000
6486,1018240,105.000
6486,1018240,105.000
6486,1018240,105.000
6486,1018240,105.000
6486,1018240,105.000
6486,1018240,105.000
6486,1018240,105.000
6486,1018240,105.000
6486,1018240,105.000
6486,1018240,105.000
6486,1018240,105.000
6486,1018240,105.000
6486,1018240,105.000
6486,1018240,105.000
6486,1018240,105.000
6486,1018240,105.000
6486,1018240,105.000
6486,1018240,105.000
6486,1018240,105.000
6486,1018240,105.000
6486,1018240,105.000
6486,1018240,105.000
6486,1018240,105.000
6486,1018240,105.000
6486,1018240,105.000
6486,1018240,105.000
6486,1018240,105.000
6486,1018240,105.000
6486,1018240,105.000
6486,1018240,105.000
6486,1018240,105.000
6486,1018240,105.000
6486,1018240,105.000
6486,1018240,105.000
6486,1018240,105.000
6486,1018240,105.000
6486,1018240,105.000
6486,1018240,105.000
6486,1018240,105.000
6486,1018240,105.000
6486,1018240,105.000
6486,1018240,105.000
6486,1018240,105.000
6486,1018240,105.000
6486,1018240,105.000
6486,1018240,105.000
6486,1018240,105.000
6486,1018240,105.000
6486,1018240,105.000
6486,1018240,105.000
6486,1018240,105.000
6486,1018240,105.000
6486,1018240,105.000
6486,1018240,105.000
6486,1018240,105.000
6486,1018240,105.000
6486,1018240,105.000
6486,1018240,105.000
6486,1018240,105.000
6486,1018240,105.000
6486,1018240,105.000
6486,1018240,105.000
6486,1018240,105.000
6486,1018240,105.000
6486,1018240,105.000
6486,1018240,105.000
6486,1018240,105.000
6486,1018240,105.000
6486,1018240,105.000
6486,1018240,105.000
6486,1018240,105.000
6486,1018240,105.000
6486,1018240,105.000
6486,1018240,105.000
6486,1018240,105.000
6486,1018240,105.000
6486,1018240,105.000
6486,1018240,105.000
6486,1018240,105.000
6486,1018240,105.000
6486,1018240,105.000
6486,1018240,105.000
6486,1018240,105.000
6486,1018240,105.000
6486,1018240,105.000
6486,1018240,105.000
6486,1018240,105.000
6486,1018240,105.000
6486,1018240,105.000
6486,1018240,105.000
